Copyright 1986-2022 Xilinx, Inc. All Rights Reserved. Copyright 2022-2025 Advanced Micro Devices, Inc. All Rights Reserved.
---------------------------------------------------------------------------------------------------------------------------------------------
| Tool Version : Vivado v.2025.1 (win64) Build 6140274 Thu May 22 00:12:29 MDT 2025
| Date         : Mon Aug 24 21:55:42 2026
| Host         : LAPTOP-QLGDPTAA running 64-bit major release  (build 9200)
| Command      : report_drc -file puf_bd_wrapper_drc_routed.rpt -pb puf_bd_wrapper_drc_routed.pb -rpx puf_bd_wrapper_drc_routed.rpx
| Design       : puf_bd_wrapper
| Device       : xc7z020clg400-1
| Speed File   : -1
| Design State : Fully Routed
---------------------------------------------------------------------------------------------------------------------------------------------

Report DRC

Table of Contents
-----------------
1. REPORT SUMMARY
2. REPORT DETAILS

1. REPORT SUMMARY
-----------------
            Netlist: netlist
          Floorplan: design_1
      Design limits: <entire design considered>
           Ruledeck: default
             Max checks: <unlimited>
             Checks found: 785
+-------------+------------------+-------------------------------------------------------------+--------+
| Rule        | Severity         | Description                                                 | Checks |
+-------------+------------------+-------------------------------------------------------------+--------+
| LUTLP-1     | Critical Warning | Combinatorial Loop Alert                                    | 256    |
| PDRC-153    | Warning          | Gated clock check                                           | 272    |
| PLHOLDVIO-2 | Warning          | Non-Optimal connections which could lead to hold violations | 256    |
| RTSTAT-10   | Warning          | No routable loads                                           | 1      |
+-------------+------------------+-------------------------------------------------------------+--------+

2. REPORT DETAILS
-----------------
LUTLP-1#1 Critical Warning
Combinatorial Loop Alert  
7 LUT cells form a combinatorial loop. This can create a race condition. Timing analysis may not be accurate. The preferred resolution is to modify the design to remove combinatorial logic loops. If the loop is known and understood, this DRC can be bypassed by acknowledging the condition and setting the following XDC constraint on any one of the nets in the loop: 'set_property ALLOW_COMBINATORIAL_LOOPS TRUE [get_nets <myHier/myNet>]'. One net in the loop is puf_bd_i/puf_top_0/inst/array/cells[0].cell_inst/g0[0].ro/w1. Please evaluate your design. The cells in the loop are: puf_bd_i/puf_top_0/inst/array/cells[0].cell_inst/g0[0].ro/w1_inferred_i_1,
puf_bd_i/puf_top_0/inst/array/cells[0].cell_inst/g0[0].ro/w2_inferred_i_1,
puf_bd_i/puf_top_0/inst/array/cells[0].cell_inst/g0[0].ro/w3_inferred_i_1,
puf_bd_i/puf_top_0/inst/array/cells[0].cell_inst/g0[0].ro/w4_inferred_i_1,
puf_bd_i/puf_top_0/inst/array/cells[0].cell_inst/g0[0].ro/w5_inferred_i_1,
puf_bd_i/puf_top_0/inst/array/cells[0].cell_inst/g0[0].ro/w6_inferred_i_1
puf_bd_i/puf_top_0/inst/array/cells[0].cell_inst/g0[0].ro/w7_inferred_i_1.
Related violations: <none>

LUTLP-1#2 Critical Warning
Combinatorial Loop Alert  
7 LUT cells form a combinatorial loop. This can create a race condition. Timing analysis may not be accurate. The preferred resolution is to modify the design to remove combinatorial logic loops. If the loop is known and understood, this DRC can be bypassed by acknowledging the condition and setting the following XDC constraint on any one of the nets in the loop: 'set_property ALLOW_COMBINATORIAL_LOOPS TRUE [get_nets <myHier/myNet>]'. One net in the loop is puf_bd_i/puf_top_0/inst/array/cells[0].cell_inst/g0[10].ro/w1. Please evaluate your design. The cells in the loop are: puf_bd_i/puf_top_0/inst/array/cells[0].cell_inst/g0[10].ro/w1_inferred_i_1,
puf_bd_i/puf_top_0/inst/array/cells[0].cell_inst/g0[10].ro/w2_inferred_i_1,
puf_bd_i/puf_top_0/inst/array/cells[0].cell_inst/g0[10].ro/w3_inferred_i_1,
puf_bd_i/puf_top_0/inst/array/cells[0].cell_inst/g0[10].ro/w4_inferred_i_1,
puf_bd_i/puf_top_0/inst/array/cells[0].cell_inst/g0[10].ro/w5_inferred_i_1,
puf_bd_i/puf_top_0/inst/array/cells[0].cell_inst/g0[10].ro/w6_inferred_i_1
puf_bd_i/puf_top_0/inst/array/cells[0].cell_inst/g0[10].ro/w7_inferred_i_1.
Related violations: <none>

LUTLP-1#3 Critical Warning
Combinatorial Loop Alert  
7 LUT cells form a combinatorial loop. This can create a race condition. Timing analysis may not be accurate. The preferred resolution is to modify the design to remove combinatorial logic loops. If the loop is known and understood, this DRC can be bypassed by acknowledging the condition and setting the following XDC constraint on any one of the nets in the loop: 'set_property ALLOW_COMBINATORIAL_LOOPS TRUE [get_nets <myHier/myNet>]'. One net in the loop is puf_bd_i/puf_top_0/inst/array/cells[0].cell_inst/g0[11].ro/w1. Please evaluate your design. The cells in the loop are: puf_bd_i/puf_top_0/inst/array/cells[0].cell_inst/g0[11].ro/w1_inferred_i_1,
puf_bd_i/puf_top_0/inst/array/cells[0].cell_inst/g0[11].ro/w2_inferred_i_1,
puf_bd_i/puf_top_0/inst/array/cells[0].cell_inst/g0[11].ro/w3_inferred_i_1,
puf_bd_i/puf_top_0/inst/array/cells[0].cell_inst/g0[11].ro/w4_inferred_i_1,
puf_bd_i/puf_top_0/inst/array/cells[0].cell_inst/g0[11].ro/w5_inferred_i_1,
puf_bd_i/puf_top_0/inst/array/cells[0].cell_inst/g0[11].ro/w6_inferred_i_1
puf_bd_i/puf_top_0/inst/array/cells[0].cell_inst/g0[11].ro/w7_inferred_i_1.
Related violations: <none>

LUTLP-1#4 Critical Warning
Combinatorial Loop Alert  
7 LUT cells form a combinatorial loop. This can create a race condition. Timing analysis may not be accurate. The preferred resolution is to modify the design to remove combinatorial logic loops. If the loop is known and understood, this DRC can be bypassed by acknowledging the condition and setting the following XDC constraint on any one of the nets in the loop: 'set_property ALLOW_COMBINATORIAL_LOOPS TRUE [get_nets <myHier/myNet>]'. One net in the loop is puf_bd_i/puf_top_0/inst/array/cells[0].cell_inst/g0[12].ro/w1. Please evaluate your design. The cells in the loop are: puf_bd_i/puf_top_0/inst/array/cells[0].cell_inst/g0[12].ro/w1_inferred_i_1,
puf_bd_i/puf_top_0/inst/array/cells[0].cell_inst/g0[12].ro/w2_inferred_i_1,
puf_bd_i/puf_top_0/inst/array/cells[0].cell_inst/g0[12].ro/w3_inferred_i_1,
puf_bd_i/puf_top_0/inst/array/cells[0].cell_inst/g0[12].ro/w4_inferred_i_1,
puf_bd_i/puf_top_0/inst/array/cells[0].cell_inst/g0[12].ro/w5_inferred_i_1,
puf_bd_i/puf_top_0/inst/array/cells[0].cell_inst/g0[12].ro/w6_inferred_i_1
puf_bd_i/puf_top_0/inst/array/cells[0].cell_inst/g0[12].ro/w7_inferred_i_1.
Related violations: <none>

LUTLP-1#5 Critical Warning
Combinatorial Loop Alert  
7 LUT cells form a combinatorial loop. This can create a race condition. Timing analysis may not be accurate. The preferred resolution is to modify the design to remove combinatorial logic loops. If the loop is known and understood, this DRC can be bypassed by acknowledging the condition and setting the following XDC constraint on any one of the nets in the loop: 'set_property ALLOW_COMBINATORIAL_LOOPS TRUE [get_nets <myHier/myNet>]'. One net in the loop is puf_bd_i/puf_top_0/inst/array/cells[0].cell_inst/g0[13].ro/w1. Please evaluate your design. The cells in the loop are: puf_bd_i/puf_top_0/inst/array/cells[0].cell_inst/g0[13].ro/w1_inferred_i_1,
puf_bd_i/puf_top_0/inst/array/cells[0].cell_inst/g0[13].ro/w2_inferred_i_1,
puf_bd_i/puf_top_0/inst/array/cells[0].cell_inst/g0[13].ro/w3_inferred_i_1,
puf_bd_i/puf_top_0/inst/array/cells[0].cell_inst/g0[13].ro/w4_inferred_i_1,
puf_bd_i/puf_top_0/inst/array/cells[0].cell_inst/g0[13].ro/w5_inferred_i_1,
puf_bd_i/puf_top_0/inst/array/cells[0].cell_inst/g0[13].ro/w6_inferred_i_1
puf_bd_i/puf_top_0/inst/array/cells[0].cell_inst/g0[13].ro/w7_inferred_i_1.
Related violations: <none>

LUTLP-1#6 Critical Warning
Combinatorial Loop Alert  
7 LUT cells form a combinatorial loop. This can create a race condition. Timing analysis may not be accurate. The preferred resolution is to modify the design to remove combinatorial logic loops. If the loop is known and understood, this DRC can be bypassed by acknowledging the condition and setting the following XDC constraint on any one of the nets in the loop: 'set_property ALLOW_COMBINATORIAL_LOOPS TRUE [get_nets <myHier/myNet>]'. One net in the loop is puf_bd_i/puf_top_0/inst/array/cells[0].cell_inst/g0[14].ro/w1. Please evaluate your design. The cells in the loop are: puf_bd_i/puf_top_0/inst/array/cells[0].cell_inst/g0[14].ro/w1_inferred_i_1,
puf_bd_i/puf_top_0/inst/array/cells[0].cell_inst/g0[14].ro/w2_inferred_i_1,
puf_bd_i/puf_top_0/inst/array/cells[0].cell_inst/g0[14].ro/w3_inferred_i_1,
puf_bd_i/puf_top_0/inst/array/cells[0].cell_inst/g0[14].ro/w4_inferred_i_1,
puf_bd_i/puf_top_0/inst/array/cells[0].cell_inst/g0[14].ro/w5_inferred_i_1,
puf_bd_i/puf_top_0/inst/array/cells[0].cell_inst/g0[14].ro/w6_inferred_i_1
puf_bd_i/puf_top_0/inst/array/cells[0].cell_inst/g0[14].ro/w7_inferred_i_1.
Related violations: <none>

LUTLP-1#7 Critical Warning
Combinatorial Loop Alert  
7 LUT cells form a combinatorial loop. This can create a race condition. Timing analysis may not be accurate. The preferred resolution is to modify the design to remove combinatorial logic loops. If the loop is known and understood, this DRC can be bypassed by acknowledging the condition and setting the following XDC constraint on any one of the nets in the loop: 'set_property ALLOW_COMBINATORIAL_LOOPS TRUE [get_nets <myHier/myNet>]'. One net in the loop is puf_bd_i/puf_top_0/inst/array/cells[0].cell_inst/g0[15].ro/w1. Please evaluate your design. The cells in the loop are: puf_bd_i/puf_top_0/inst/array/cells[0].cell_inst/g0[15].ro/w1_inferred_i_1,
puf_bd_i/puf_top_0/inst/array/cells[0].cell_inst/g0[15].ro/w2_inferred_i_1,
puf_bd_i/puf_top_0/inst/array/cells[0].cell_inst/g0[15].ro/w3_inferred_i_1,
puf_bd_i/puf_top_0/inst/array/cells[0].cell_inst/g0[15].ro/w4_inferred_i_1,
puf_bd_i/puf_top_0/inst/array/cells[0].cell_inst/g0[15].ro/w5_inferred_i_1,
puf_bd_i/puf_top_0/inst/array/cells[0].cell_inst/g0[15].ro/w6_inferred_i_1
puf_bd_i/puf_top_0/inst/array/cells[0].cell_inst/g0[15].ro/w7_inferred_i_1.
Related violations: <none>

LUTLP-1#8 Critical Warning
Combinatorial Loop Alert  
7 LUT cells form a combinatorial loop. This can create a race condition. Timing analysis may not be accurate. The preferred resolution is to modify the design to remove combinatorial logic loops. If the loop is known and understood, this DRC can be bypassed by acknowledging the condition and setting the following XDC constraint on any one of the nets in the loop: 'set_property ALLOW_COMBINATORIAL_LOOPS TRUE [get_nets <myHier/myNet>]'. One net in the loop is puf_bd_i/puf_top_0/inst/array/cells[0].cell_inst/g0[1].ro/w1. Please evaluate your design. The cells in the loop are: puf_bd_i/puf_top_0/inst/array/cells[0].cell_inst/g0[1].ro/w1_inferred_i_1,
puf_bd_i/puf_top_0/inst/array/cells[0].cell_inst/g0[1].ro/w2_inferred_i_1,
puf_bd_i/puf_top_0/inst/array/cells[0].cell_inst/g0[1].ro/w3_inferred_i_1,
puf_bd_i/puf_top_0/inst/array/cells[0].cell_inst/g0[1].ro/w4_inferred_i_1,
puf_bd_i/puf_top_0/inst/array/cells[0].cell_inst/g0[1].ro/w5_inferred_i_1,
puf_bd_i/puf_top_0/inst/array/cells[0].cell_inst/g0[1].ro/w6_inferred_i_1
puf_bd_i/puf_top_0/inst/array/cells[0].cell_inst/g0[1].ro/w7_inferred_i_1.
Related violations: <none>

LUTLP-1#9 Critical Warning
Combinatorial Loop Alert  
7 LUT cells form a combinatorial loop. This can create a race condition. Timing analysis may not be accurate. The preferred resolution is to modify the design to remove combinatorial logic loops. If the loop is known and understood, this DRC can be bypassed by acknowledging the condition and setting the following XDC constraint on any one of the nets in the loop: 'set_property ALLOW_COMBINATORIAL_LOOPS TRUE [get_nets <myHier/myNet>]'. One net in the loop is puf_bd_i/puf_top_0/inst/array/cells[0].cell_inst/g0[2].ro/w1. Please evaluate your design. The cells in the loop are: puf_bd_i/puf_top_0/inst/array/cells[0].cell_inst/g0[2].ro/w1_inferred_i_1,
puf_bd_i/puf_top_0/inst/array/cells[0].cell_inst/g0[2].ro/w2_inferred_i_1,
puf_bd_i/puf_top_0/inst/array/cells[0].cell_inst/g0[2].ro/w3_inferred_i_1,
puf_bd_i/puf_top_0/inst/array/cells[0].cell_inst/g0[2].ro/w4_inferred_i_1,
puf_bd_i/puf_top_0/inst/array/cells[0].cell_inst/g0[2].ro/w5_inferred_i_1,
puf_bd_i/puf_top_0/inst/array/cells[0].cell_inst/g0[2].ro/w6_inferred_i_1
puf_bd_i/puf_top_0/inst/array/cells[0].cell_inst/g0[2].ro/w7_inferred_i_1.
Related violations: <none>

LUTLP-1#10 Critical Warning
Combinatorial Loop Alert  
7 LUT cells form a combinatorial loop. This can create a race condition. Timing analysis may not be accurate. The preferred resolution is to modify the design to remove combinatorial logic loops. If the loop is known and understood, this DRC can be bypassed by acknowledging the condition and setting the following XDC constraint on any one of the nets in the loop: 'set_property ALLOW_COMBINATORIAL_LOOPS TRUE [get_nets <myHier/myNet>]'. One net in the loop is puf_bd_i/puf_top_0/inst/array/cells[0].cell_inst/g0[3].ro/w1. Please evaluate your design. The cells in the loop are: puf_bd_i/puf_top_0/inst/array/cells[0].cell_inst/g0[3].ro/w1_inferred_i_1,
puf_bd_i/puf_top_0/inst/array/cells[0].cell_inst/g0[3].ro/w2_inferred_i_1,
puf_bd_i/puf_top_0/inst/array/cells[0].cell_inst/g0[3].ro/w3_inferred_i_1,
puf_bd_i/puf_top_0/inst/array/cells[0].cell_inst/g0[3].ro/w4_inferred_i_1,
puf_bd_i/puf_top_0/inst/array/cells[0].cell_inst/g0[3].ro/w5_inferred_i_1,
puf_bd_i/puf_top_0/inst/array/cells[0].cell_inst/g0[3].ro/w6_inferred_i_1
puf_bd_i/puf_top_0/inst/array/cells[0].cell_inst/g0[3].ro/w7_inferred_i_1.
Related violations: <none>

LUTLP-1#11 Critical Warning
Combinatorial Loop Alert  
7 LUT cells form a combinatorial loop. This can create a race condition. Timing analysis may not be accurate. The preferred resolution is to modify the design to remove combinatorial logic loops. If the loop is known and understood, this DRC can be bypassed by acknowledging the condition and setting the following XDC constraint on any one of the nets in the loop: 'set_property ALLOW_COMBINATORIAL_LOOPS TRUE [get_nets <myHier/myNet>]'. One net in the loop is puf_bd_i/puf_top_0/inst/array/cells[0].cell_inst/g0[4].ro/w1. Please evaluate your design. The cells in the loop are: puf_bd_i/puf_top_0/inst/array/cells[0].cell_inst/g0[4].ro/w1_inferred_i_1,
puf_bd_i/puf_top_0/inst/array/cells[0].cell_inst/g0[4].ro/w2_inferred_i_1,
puf_bd_i/puf_top_0/inst/array/cells[0].cell_inst/g0[4].ro/w3_inferred_i_1,
puf_bd_i/puf_top_0/inst/array/cells[0].cell_inst/g0[4].ro/w4_inferred_i_1,
puf_bd_i/puf_top_0/inst/array/cells[0].cell_inst/g0[4].ro/w5_inferred_i_1,
puf_bd_i/puf_top_0/inst/array/cells[0].cell_inst/g0[4].ro/w6_inferred_i_1
puf_bd_i/puf_top_0/inst/array/cells[0].cell_inst/g0[4].ro/w7_inferred_i_1.
Related violations: <none>

LUTLP-1#12 Critical Warning
Combinatorial Loop Alert  
7 LUT cells form a combinatorial loop. This can create a race condition. Timing analysis may not be accurate. The preferred resolution is to modify the design to remove combinatorial logic loops. If the loop is known and understood, this DRC can be bypassed by acknowledging the condition and setting the following XDC constraint on any one of the nets in the loop: 'set_property ALLOW_COMBINATORIAL_LOOPS TRUE [get_nets <myHier/myNet>]'. One net in the loop is puf_bd_i/puf_top_0/inst/array/cells[0].cell_inst/g0[5].ro/w1. Please evaluate your design. The cells in the loop are: puf_bd_i/puf_top_0/inst/array/cells[0].cell_inst/g0[5].ro/w1_inferred_i_1,
puf_bd_i/puf_top_0/inst/array/cells[0].cell_inst/g0[5].ro/w2_inferred_i_1,
puf_bd_i/puf_top_0/inst/array/cells[0].cell_inst/g0[5].ro/w3_inferred_i_1,
puf_bd_i/puf_top_0/inst/array/cells[0].cell_inst/g0[5].ro/w4_inferred_i_1,
puf_bd_i/puf_top_0/inst/array/cells[0].cell_inst/g0[5].ro/w5_inferred_i_1,
puf_bd_i/puf_top_0/inst/array/cells[0].cell_inst/g0[5].ro/w6_inferred_i_1
puf_bd_i/puf_top_0/inst/array/cells[0].cell_inst/g0[5].ro/w7_inferred_i_1.
Related violations: <none>

LUTLP-1#13 Critical Warning
Combinatorial Loop Alert  
7 LUT cells form a combinatorial loop. This can create a race condition. Timing analysis may not be accurate. The preferred resolution is to modify the design to remove combinatorial logic loops. If the loop is known and understood, this DRC can be bypassed by acknowledging the condition and setting the following XDC constraint on any one of the nets in the loop: 'set_property ALLOW_COMBINATORIAL_LOOPS TRUE [get_nets <myHier/myNet>]'. One net in the loop is puf_bd_i/puf_top_0/inst/array/cells[0].cell_inst/g0[6].ro/w1. Please evaluate your design. The cells in the loop are: puf_bd_i/puf_top_0/inst/array/cells[0].cell_inst/g0[6].ro/w1_inferred_i_1,
puf_bd_i/puf_top_0/inst/array/cells[0].cell_inst/g0[6].ro/w2_inferred_i_1,
puf_bd_i/puf_top_0/inst/array/cells[0].cell_inst/g0[6].ro/w3_inferred_i_1,
puf_bd_i/puf_top_0/inst/array/cells[0].cell_inst/g0[6].ro/w4_inferred_i_1,
puf_bd_i/puf_top_0/inst/array/cells[0].cell_inst/g0[6].ro/w5_inferred_i_1,
puf_bd_i/puf_top_0/inst/array/cells[0].cell_inst/g0[6].ro/w6_inferred_i_1
puf_bd_i/puf_top_0/inst/array/cells[0].cell_inst/g0[6].ro/w7_inferred_i_1.
Related violations: <none>

LUTLP-1#14 Critical Warning
Combinatorial Loop Alert  
7 LUT cells form a combinatorial loop. This can create a race condition. Timing analysis may not be accurate. The preferred resolution is to modify the design to remove combinatorial logic loops. If the loop is known and understood, this DRC can be bypassed by acknowledging the condition and setting the following XDC constraint on any one of the nets in the loop: 'set_property ALLOW_COMBINATORIAL_LOOPS TRUE [get_nets <myHier/myNet>]'. One net in the loop is puf_bd_i/puf_top_0/inst/array/cells[0].cell_inst/g0[7].ro/w1. Please evaluate your design. The cells in the loop are: puf_bd_i/puf_top_0/inst/array/cells[0].cell_inst/g0[7].ro/w1_inferred_i_1,
puf_bd_i/puf_top_0/inst/array/cells[0].cell_inst/g0[7].ro/w2_inferred_i_1,
puf_bd_i/puf_top_0/inst/array/cells[0].cell_inst/g0[7].ro/w3_inferred_i_1,
puf_bd_i/puf_top_0/inst/array/cells[0].cell_inst/g0[7].ro/w4_inferred_i_1,
puf_bd_i/puf_top_0/inst/array/cells[0].cell_inst/g0[7].ro/w5_inferred_i_1,
puf_bd_i/puf_top_0/inst/array/cells[0].cell_inst/g0[7].ro/w6_inferred_i_1
puf_bd_i/puf_top_0/inst/array/cells[0].cell_inst/g0[7].ro/w7_inferred_i_1.
Related violations: <none>

LUTLP-1#15 Critical Warning
Combinatorial Loop Alert  
7 LUT cells form a combinatorial loop. This can create a race condition. Timing analysis may not be accurate. The preferred resolution is to modify the design to remove combinatorial logic loops. If the loop is known and understood, this DRC can be bypassed by acknowledging the condition and setting the following XDC constraint on any one of the nets in the loop: 'set_property ALLOW_COMBINATORIAL_LOOPS TRUE [get_nets <myHier/myNet>]'. One net in the loop is puf_bd_i/puf_top_0/inst/array/cells[0].cell_inst/g0[8].ro/w1. Please evaluate your design. The cells in the loop are: puf_bd_i/puf_top_0/inst/array/cells[0].cell_inst/g0[8].ro/w1_inferred_i_1,
puf_bd_i/puf_top_0/inst/array/cells[0].cell_inst/g0[8].ro/w2_inferred_i_1,
puf_bd_i/puf_top_0/inst/array/cells[0].cell_inst/g0[8].ro/w3_inferred_i_1,
puf_bd_i/puf_top_0/inst/array/cells[0].cell_inst/g0[8].ro/w4_inferred_i_1,
puf_bd_i/puf_top_0/inst/array/cells[0].cell_inst/g0[8].ro/w5_inferred_i_1,
puf_bd_i/puf_top_0/inst/array/cells[0].cell_inst/g0[8].ro/w6_inferred_i_1
puf_bd_i/puf_top_0/inst/array/cells[0].cell_inst/g0[8].ro/w7_inferred_i_1.
Related violations: <none>

LUTLP-1#16 Critical Warning
Combinatorial Loop Alert  
7 LUT cells form a combinatorial loop. This can create a race condition. Timing analysis may not be accurate. The preferred resolution is to modify the design to remove combinatorial logic loops. If the loop is known and understood, this DRC can be bypassed by acknowledging the condition and setting the following XDC constraint on any one of the nets in the loop: 'set_property ALLOW_COMBINATORIAL_LOOPS TRUE [get_nets <myHier/myNet>]'. One net in the loop is puf_bd_i/puf_top_0/inst/array/cells[0].cell_inst/g0[9].ro/w1. Please evaluate your design. The cells in the loop are: puf_bd_i/puf_top_0/inst/array/cells[0].cell_inst/g0[9].ro/w1_inferred_i_1,
puf_bd_i/puf_top_0/inst/array/cells[0].cell_inst/g0[9].ro/w2_inferred_i_1,
puf_bd_i/puf_top_0/inst/array/cells[0].cell_inst/g0[9].ro/w3_inferred_i_1,
puf_bd_i/puf_top_0/inst/array/cells[0].cell_inst/g0[9].ro/w4_inferred_i_1,
puf_bd_i/puf_top_0/inst/array/cells[0].cell_inst/g0[9].ro/w5_inferred_i_1,
puf_bd_i/puf_top_0/inst/array/cells[0].cell_inst/g0[9].ro/w6_inferred_i_1
puf_bd_i/puf_top_0/inst/array/cells[0].cell_inst/g0[9].ro/w7_inferred_i_1.
Related violations: <none>

LUTLP-1#17 Critical Warning
Combinatorial Loop Alert  
7 LUT cells form a combinatorial loop. This can create a race condition. Timing analysis may not be accurate. The preferred resolution is to modify the design to remove combinatorial logic loops. If the loop is known and understood, this DRC can be bypassed by acknowledging the condition and setting the following XDC constraint on any one of the nets in the loop: 'set_property ALLOW_COMBINATORIAL_LOOPS TRUE [get_nets <myHier/myNet>]'. One net in the loop is puf_bd_i/puf_top_0/inst/array/cells[0].cell_inst/g1[0].ro/w1. Please evaluate your design. The cells in the loop are: puf_bd_i/puf_top_0/inst/array/cells[0].cell_inst/g1[0].ro/w1_inferred_i_1,
puf_bd_i/puf_top_0/inst/array/cells[0].cell_inst/g1[0].ro/w2_inferred_i_1,
puf_bd_i/puf_top_0/inst/array/cells[0].cell_inst/g1[0].ro/w3_inferred_i_1,
puf_bd_i/puf_top_0/inst/array/cells[0].cell_inst/g1[0].ro/w4_inferred_i_1,
puf_bd_i/puf_top_0/inst/array/cells[0].cell_inst/g1[0].ro/w5_inferred_i_1,
puf_bd_i/puf_top_0/inst/array/cells[0].cell_inst/g1[0].ro/w6_inferred_i_1
puf_bd_i/puf_top_0/inst/array/cells[0].cell_inst/g1[0].ro/w7_inferred_i_1.
Related violations: <none>

LUTLP-1#18 Critical Warning
Combinatorial Loop Alert  
7 LUT cells form a combinatorial loop. This can create a race condition. Timing analysis may not be accurate. The preferred resolution is to modify the design to remove combinatorial logic loops. If the loop is known and understood, this DRC can be bypassed by acknowledging the condition and setting the following XDC constraint on any one of the nets in the loop: 'set_property ALLOW_COMBINATORIAL_LOOPS TRUE [get_nets <myHier/myNet>]'. One net in the loop is puf_bd_i/puf_top_0/inst/array/cells[0].cell_inst/g1[10].ro/w1. Please evaluate your design. The cells in the loop are: puf_bd_i/puf_top_0/inst/array/cells[0].cell_inst/g1[10].ro/w1_inferred_i_1,
puf_bd_i/puf_top_0/inst/array/cells[0].cell_inst/g1[10].ro/w2_inferred_i_1,
puf_bd_i/puf_top_0/inst/array/cells[0].cell_inst/g1[10].ro/w3_inferred_i_1,
puf_bd_i/puf_top_0/inst/array/cells[0].cell_inst/g1[10].ro/w4_inferred_i_1,
puf_bd_i/puf_top_0/inst/array/cells[0].cell_inst/g1[10].ro/w5_inferred_i_1,
puf_bd_i/puf_top_0/inst/array/cells[0].cell_inst/g1[10].ro/w6_inferred_i_1
puf_bd_i/puf_top_0/inst/array/cells[0].cell_inst/g1[10].ro/w7_inferred_i_1.
Related violations: <none>

LUTLP-1#19 Critical Warning
Combinatorial Loop Alert  
7 LUT cells form a combinatorial loop. This can create a race condition. Timing analysis may not be accurate. The preferred resolution is to modify the design to remove combinatorial logic loops. If the loop is known and understood, this DRC can be bypassed by acknowledging the condition and setting the following XDC constraint on any one of the nets in the loop: 'set_property ALLOW_COMBINATORIAL_LOOPS TRUE [get_nets <myHier/myNet>]'. One net in the loop is puf_bd_i/puf_top_0/inst/array/cells[0].cell_inst/g1[11].ro/w1. Please evaluate your design. The cells in the loop are: puf_bd_i/puf_top_0/inst/array/cells[0].cell_inst/g1[11].ro/w1_inferred_i_1,
puf_bd_i/puf_top_0/inst/array/cells[0].cell_inst/g1[11].ro/w2_inferred_i_1,
puf_bd_i/puf_top_0/inst/array/cells[0].cell_inst/g1[11].ro/w3_inferred_i_1,
puf_bd_i/puf_top_0/inst/array/cells[0].cell_inst/g1[11].ro/w4_inferred_i_1,
puf_bd_i/puf_top_0/inst/array/cells[0].cell_inst/g1[11].ro/w5_inferred_i_1,
puf_bd_i/puf_top_0/inst/array/cells[0].cell_inst/g1[11].ro/w6_inferred_i_1
puf_bd_i/puf_top_0/inst/array/cells[0].cell_inst/g1[11].ro/w7_inferred_i_1.
Related violations: <none>

LUTLP-1#20 Critical Warning
Combinatorial Loop Alert  
7 LUT cells form a combinatorial loop. This can create a race condition. Timing analysis may not be accurate. The preferred resolution is to modify the design to remove combinatorial logic loops. If the loop is known and understood, this DRC can be bypassed by acknowledging the condition and setting the following XDC constraint on any one of the nets in the loop: 'set_property ALLOW_COMBINATORIAL_LOOPS TRUE [get_nets <myHier/myNet>]'. One net in the loop is puf_bd_i/puf_top_0/inst/array/cells[0].cell_inst/g1[12].ro/w1. Please evaluate your design. The cells in the loop are: puf_bd_i/puf_top_0/inst/array/cells[0].cell_inst/g1[12].ro/w1_inferred_i_1,
puf_bd_i/puf_top_0/inst/array/cells[0].cell_inst/g1[12].ro/w2_inferred_i_1,
puf_bd_i/puf_top_0/inst/array/cells[0].cell_inst/g1[12].ro/w3_inferred_i_1,
puf_bd_i/puf_top_0/inst/array/cells[0].cell_inst/g1[12].ro/w4_inferred_i_1,
puf_bd_i/puf_top_0/inst/array/cells[0].cell_inst/g1[12].ro/w5_inferred_i_1,
puf_bd_i/puf_top_0/inst/array/cells[0].cell_inst/g1[12].ro/w6_inferred_i_1
puf_bd_i/puf_top_0/inst/array/cells[0].cell_inst/g1[12].ro/w7_inferred_i_1.
Related violations: <none>

LUTLP-1#21 Critical Warning
Combinatorial Loop Alert  
7 LUT cells form a combinatorial loop. This can create a race condition. Timing analysis may not be accurate. The preferred resolution is to modify the design to remove combinatorial logic loops. If the loop is known and understood, this DRC can be bypassed by acknowledging the condition and setting the following XDC constraint on any one of the nets in the loop: 'set_property ALLOW_COMBINATORIAL_LOOPS TRUE [get_nets <myHier/myNet>]'. One net in the loop is puf_bd_i/puf_top_0/inst/array/cells[0].cell_inst/g1[13].ro/w1. Please evaluate your design. The cells in the loop are: puf_bd_i/puf_top_0/inst/array/cells[0].cell_inst/g1[13].ro/w1_inferred_i_1,
puf_bd_i/puf_top_0/inst/array/cells[0].cell_inst/g1[13].ro/w2_inferred_i_1,
puf_bd_i/puf_top_0/inst/array/cells[0].cell_inst/g1[13].ro/w3_inferred_i_1,
puf_bd_i/puf_top_0/inst/array/cells[0].cell_inst/g1[13].ro/w4_inferred_i_1,
puf_bd_i/puf_top_0/inst/array/cells[0].cell_inst/g1[13].ro/w5_inferred_i_1,
puf_bd_i/puf_top_0/inst/array/cells[0].cell_inst/g1[13].ro/w6_inferred_i_1
puf_bd_i/puf_top_0/inst/array/cells[0].cell_inst/g1[13].ro/w7_inferred_i_1.
Related violations: <none>

LUTLP-1#22 Critical Warning
Combinatorial Loop Alert  
7 LUT cells form a combinatorial loop. This can create a race condition. Timing analysis may not be accurate. The preferred resolution is to modify the design to remove combinatorial logic loops. If the loop is known and understood, this DRC can be bypassed by acknowledging the condition and setting the following XDC constraint on any one of the nets in the loop: 'set_property ALLOW_COMBINATORIAL_LOOPS TRUE [get_nets <myHier/myNet>]'. One net in the loop is puf_bd_i/puf_top_0/inst/array/cells[0].cell_inst/g1[14].ro/w1. Please evaluate your design. The cells in the loop are: puf_bd_i/puf_top_0/inst/array/cells[0].cell_inst/g1[14].ro/w1_inferred_i_1,
puf_bd_i/puf_top_0/inst/array/cells[0].cell_inst/g1[14].ro/w2_inferred_i_1,
puf_bd_i/puf_top_0/inst/array/cells[0].cell_inst/g1[14].ro/w3_inferred_i_1,
puf_bd_i/puf_top_0/inst/array/cells[0].cell_inst/g1[14].ro/w4_inferred_i_1,
puf_bd_i/puf_top_0/inst/array/cells[0].cell_inst/g1[14].ro/w5_inferred_i_1,
puf_bd_i/puf_top_0/inst/array/cells[0].cell_inst/g1[14].ro/w6_inferred_i_1
puf_bd_i/puf_top_0/inst/array/cells[0].cell_inst/g1[14].ro/w7_inferred_i_1.
Related violations: <none>

LUTLP-1#23 Critical Warning
Combinatorial Loop Alert  
7 LUT cells form a combinatorial loop. This can create a race condition. Timing analysis may not be accurate. The preferred resolution is to modify the design to remove combinatorial logic loops. If the loop is known and understood, this DRC can be bypassed by acknowledging the condition and setting the following XDC constraint on any one of the nets in the loop: 'set_property ALLOW_COMBINATORIAL_LOOPS TRUE [get_nets <myHier/myNet>]'. One net in the loop is puf_bd_i/puf_top_0/inst/array/cells[0].cell_inst/g1[15].ro/w1. Please evaluate your design. The cells in the loop are: puf_bd_i/puf_top_0/inst/array/cells[0].cell_inst/g1[15].ro/w1_inferred_i_1,
puf_bd_i/puf_top_0/inst/array/cells[0].cell_inst/g1[15].ro/w2_inferred_i_1,
puf_bd_i/puf_top_0/inst/array/cells[0].cell_inst/g1[15].ro/w3_inferred_i_1,
puf_bd_i/puf_top_0/inst/array/cells[0].cell_inst/g1[15].ro/w4_inferred_i_1,
puf_bd_i/puf_top_0/inst/array/cells[0].cell_inst/g1[15].ro/w5_inferred_i_1,
puf_bd_i/puf_top_0/inst/array/cells[0].cell_inst/g1[15].ro/w6_inferred_i_1
puf_bd_i/puf_top_0/inst/array/cells[0].cell_inst/g1[15].ro/w7_inferred_i_1.
Related violations: <none>

LUTLP-1#24 Critical Warning
Combinatorial Loop Alert  
7 LUT cells form a combinatorial loop. This can create a race condition. Timing analysis may not be accurate. The preferred resolution is to modify the design to remove combinatorial logic loops. If the loop is known and understood, this DRC can be bypassed by acknowledging the condition and setting the following XDC constraint on any one of the nets in the loop: 'set_property ALLOW_COMBINATORIAL_LOOPS TRUE [get_nets <myHier/myNet>]'. One net in the loop is puf_bd_i/puf_top_0/inst/array/cells[0].cell_inst/g1[1].ro/w1. Please evaluate your design. The cells in the loop are: puf_bd_i/puf_top_0/inst/array/cells[0].cell_inst/g1[1].ro/w1_inferred_i_1,
puf_bd_i/puf_top_0/inst/array/cells[0].cell_inst/g1[1].ro/w2_inferred_i_1,
puf_bd_i/puf_top_0/inst/array/cells[0].cell_inst/g1[1].ro/w3_inferred_i_1,
puf_bd_i/puf_top_0/inst/array/cells[0].cell_inst/g1[1].ro/w4_inferred_i_1,
puf_bd_i/puf_top_0/inst/array/cells[0].cell_inst/g1[1].ro/w5_inferred_i_1,
puf_bd_i/puf_top_0/inst/array/cells[0].cell_inst/g1[1].ro/w6_inferred_i_1
puf_bd_i/puf_top_0/inst/array/cells[0].cell_inst/g1[1].ro/w7_inferred_i_1.
Related violations: <none>

LUTLP-1#25 Critical Warning
Combinatorial Loop Alert  
7 LUT cells form a combinatorial loop. This can create a race condition. Timing analysis may not be accurate. The preferred resolution is to modify the design to remove combinatorial logic loops. If the loop is known and understood, this DRC can be bypassed by acknowledging the condition and setting the following XDC constraint on any one of the nets in the loop: 'set_property ALLOW_COMBINATORIAL_LOOPS TRUE [get_nets <myHier/myNet>]'. One net in the loop is puf_bd_i/puf_top_0/inst/array/cells[0].cell_inst/g1[2].ro/w1. Please evaluate your design. The cells in the loop are: puf_bd_i/puf_top_0/inst/array/cells[0].cell_inst/g1[2].ro/w1_inferred_i_1,
puf_bd_i/puf_top_0/inst/array/cells[0].cell_inst/g1[2].ro/w2_inferred_i_1,
puf_bd_i/puf_top_0/inst/array/cells[0].cell_inst/g1[2].ro/w3_inferred_i_1,
puf_bd_i/puf_top_0/inst/array/cells[0].cell_inst/g1[2].ro/w4_inferred_i_1,
puf_bd_i/puf_top_0/inst/array/cells[0].cell_inst/g1[2].ro/w5_inferred_i_1,
puf_bd_i/puf_top_0/inst/array/cells[0].cell_inst/g1[2].ro/w6_inferred_i_1
puf_bd_i/puf_top_0/inst/array/cells[0].cell_inst/g1[2].ro/w7_inferred_i_1.
Related violations: <none>

LUTLP-1#26 Critical Warning
Combinatorial Loop Alert  
7 LUT cells form a combinatorial loop. This can create a race condition. Timing analysis may not be accurate. The preferred resolution is to modify the design to remove combinatorial logic loops. If the loop is known and understood, this DRC can be bypassed by acknowledging the condition and setting the following XDC constraint on any one of the nets in the loop: 'set_property ALLOW_COMBINATORIAL_LOOPS TRUE [get_nets <myHier/myNet>]'. One net in the loop is puf_bd_i/puf_top_0/inst/array/cells[0].cell_inst/g1[3].ro/w1. Please evaluate your design. The cells in the loop are: puf_bd_i/puf_top_0/inst/array/cells[0].cell_inst/g1[3].ro/w1_inferred_i_1,
puf_bd_i/puf_top_0/inst/array/cells[0].cell_inst/g1[3].ro/w2_inferred_i_1,
puf_bd_i/puf_top_0/inst/array/cells[0].cell_inst/g1[3].ro/w3_inferred_i_1,
puf_bd_i/puf_top_0/inst/array/cells[0].cell_inst/g1[3].ro/w4_inferred_i_1,
puf_bd_i/puf_top_0/inst/array/cells[0].cell_inst/g1[3].ro/w5_inferred_i_1,
puf_bd_i/puf_top_0/inst/array/cells[0].cell_inst/g1[3].ro/w6_inferred_i_1
puf_bd_i/puf_top_0/inst/array/cells[0].cell_inst/g1[3].ro/w7_inferred_i_1.
Related violations: <none>

LUTLP-1#27 Critical Warning
Combinatorial Loop Alert  
7 LUT cells form a combinatorial loop. This can create a race condition. Timing analysis may not be accurate. The preferred resolution is to modify the design to remove combinatorial logic loops. If the loop is known and understood, this DRC can be bypassed by acknowledging the condition and setting the following XDC constraint on any one of the nets in the loop: 'set_property ALLOW_COMBINATORIAL_LOOPS TRUE [get_nets <myHier/myNet>]'. One net in the loop is puf_bd_i/puf_top_0/inst/array/cells[0].cell_inst/g1[4].ro/w1. Please evaluate your design. The cells in the loop are: puf_bd_i/puf_top_0/inst/array/cells[0].cell_inst/g1[4].ro/w1_inferred_i_1,
puf_bd_i/puf_top_0/inst/array/cells[0].cell_inst/g1[4].ro/w2_inferred_i_1,
puf_bd_i/puf_top_0/inst/array/cells[0].cell_inst/g1[4].ro/w3_inferred_i_1,
puf_bd_i/puf_top_0/inst/array/cells[0].cell_inst/g1[4].ro/w4_inferred_i_1,
puf_bd_i/puf_top_0/inst/array/cells[0].cell_inst/g1[4].ro/w5_inferred_i_1,
puf_bd_i/puf_top_0/inst/array/cells[0].cell_inst/g1[4].ro/w6_inferred_i_1
puf_bd_i/puf_top_0/inst/array/cells[0].cell_inst/g1[4].ro/w7_inferred_i_1.
Related violations: <none>

LUTLP-1#28 Critical Warning
Combinatorial Loop Alert  
7 LUT cells form a combinatorial loop. This can create a race condition. Timing analysis may not be accurate. The preferred resolution is to modify the design to remove combinatorial logic loops. If the loop is known and understood, this DRC can be bypassed by acknowledging the condition and setting the following XDC constraint on any one of the nets in the loop: 'set_property ALLOW_COMBINATORIAL_LOOPS TRUE [get_nets <myHier/myNet>]'. One net in the loop is puf_bd_i/puf_top_0/inst/array/cells[0].cell_inst/g1[5].ro/w1. Please evaluate your design. The cells in the loop are: puf_bd_i/puf_top_0/inst/array/cells[0].cell_inst/g1[5].ro/w1_inferred_i_1,
puf_bd_i/puf_top_0/inst/array/cells[0].cell_inst/g1[5].ro/w2_inferred_i_1,
puf_bd_i/puf_top_0/inst/array/cells[0].cell_inst/g1[5].ro/w3_inferred_i_1,
puf_bd_i/puf_top_0/inst/array/cells[0].cell_inst/g1[5].ro/w4_inferred_i_1,
puf_bd_i/puf_top_0/inst/array/cells[0].cell_inst/g1[5].ro/w5_inferred_i_1,
puf_bd_i/puf_top_0/inst/array/cells[0].cell_inst/g1[5].ro/w6_inferred_i_1
puf_bd_i/puf_top_0/inst/array/cells[0].cell_inst/g1[5].ro/w7_inferred_i_1.
Related violations: <none>

LUTLP-1#29 Critical Warning
Combinatorial Loop Alert  
7 LUT cells form a combinatorial loop. This can create a race condition. Timing analysis may not be accurate. The preferred resolution is to modify the design to remove combinatorial logic loops. If the loop is known and understood, this DRC can be bypassed by acknowledging the condition and setting the following XDC constraint on any one of the nets in the loop: 'set_property ALLOW_COMBINATORIAL_LOOPS TRUE [get_nets <myHier/myNet>]'. One net in the loop is puf_bd_i/puf_top_0/inst/array/cells[0].cell_inst/g1[6].ro/w1. Please evaluate your design. The cells in the loop are: puf_bd_i/puf_top_0/inst/array/cells[0].cell_inst/g1[6].ro/w1_inferred_i_1,
puf_bd_i/puf_top_0/inst/array/cells[0].cell_inst/g1[6].ro/w2_inferred_i_1,
puf_bd_i/puf_top_0/inst/array/cells[0].cell_inst/g1[6].ro/w3_inferred_i_1,
puf_bd_i/puf_top_0/inst/array/cells[0].cell_inst/g1[6].ro/w4_inferred_i_1,
puf_bd_i/puf_top_0/inst/array/cells[0].cell_inst/g1[6].ro/w5_inferred_i_1,
puf_bd_i/puf_top_0/inst/array/cells[0].cell_inst/g1[6].ro/w6_inferred_i_1
puf_bd_i/puf_top_0/inst/array/cells[0].cell_inst/g1[6].ro/w7_inferred_i_1.
Related violations: <none>

LUTLP-1#30 Critical Warning
Combinatorial Loop Alert  
7 LUT cells form a combinatorial loop. This can create a race condition. Timing analysis may not be accurate. The preferred resolution is to modify the design to remove combinatorial logic loops. If the loop is known and understood, this DRC can be bypassed by acknowledging the condition and setting the following XDC constraint on any one of the nets in the loop: 'set_property ALLOW_COMBINATORIAL_LOOPS TRUE [get_nets <myHier/myNet>]'. One net in the loop is puf_bd_i/puf_top_0/inst/array/cells[0].cell_inst/g1[7].ro/w1. Please evaluate your design. The cells in the loop are: puf_bd_i/puf_top_0/inst/array/cells[0].cell_inst/g1[7].ro/w1_inferred_i_1,
puf_bd_i/puf_top_0/inst/array/cells[0].cell_inst/g1[7].ro/w2_inferred_i_1,
puf_bd_i/puf_top_0/inst/array/cells[0].cell_inst/g1[7].ro/w3_inferred_i_1,
puf_bd_i/puf_top_0/inst/array/cells[0].cell_inst/g1[7].ro/w4_inferred_i_1,
puf_bd_i/puf_top_0/inst/array/cells[0].cell_inst/g1[7].ro/w5_inferred_i_1,
puf_bd_i/puf_top_0/inst/array/cells[0].cell_inst/g1[7].ro/w6_inferred_i_1
puf_bd_i/puf_top_0/inst/array/cells[0].cell_inst/g1[7].ro/w7_inferred_i_1.
Related violations: <none>

LUTLP-1#31 Critical Warning
Combinatorial Loop Alert  
7 LUT cells form a combinatorial loop. This can create a race condition. Timing analysis may not be accurate. The preferred resolution is to modify the design to remove combinatorial logic loops. If the loop is known and understood, this DRC can be bypassed by acknowledging the condition and setting the following XDC constraint on any one of the nets in the loop: 'set_property ALLOW_COMBINATORIAL_LOOPS TRUE [get_nets <myHier/myNet>]'. One net in the loop is puf_bd_i/puf_top_0/inst/array/cells[0].cell_inst/g1[8].ro/w1. Please evaluate your design. The cells in the loop are: puf_bd_i/puf_top_0/inst/array/cells[0].cell_inst/g1[8].ro/w1_inferred_i_1,
puf_bd_i/puf_top_0/inst/array/cells[0].cell_inst/g1[8].ro/w2_inferred_i_1,
puf_bd_i/puf_top_0/inst/array/cells[0].cell_inst/g1[8].ro/w3_inferred_i_1,
puf_bd_i/puf_top_0/inst/array/cells[0].cell_inst/g1[8].ro/w4_inferred_i_1,
puf_bd_i/puf_top_0/inst/array/cells[0].cell_inst/g1[8].ro/w5_inferred_i_1,
puf_bd_i/puf_top_0/inst/array/cells[0].cell_inst/g1[8].ro/w6_inferred_i_1
puf_bd_i/puf_top_0/inst/array/cells[0].cell_inst/g1[8].ro/w7_inferred_i_1.
Related violations: <none>

LUTLP-1#32 Critical Warning
Combinatorial Loop Alert  
7 LUT cells form a combinatorial loop. This can create a race condition. Timing analysis may not be accurate. The preferred resolution is to modify the design to remove combinatorial logic loops. If the loop is known and understood, this DRC can be bypassed by acknowledging the condition and setting the following XDC constraint on any one of the nets in the loop: 'set_property ALLOW_COMBINATORIAL_LOOPS TRUE [get_nets <myHier/myNet>]'. One net in the loop is puf_bd_i/puf_top_0/inst/array/cells[0].cell_inst/g1[9].ro/w1. Please evaluate your design. The cells in the loop are: puf_bd_i/puf_top_0/inst/array/cells[0].cell_inst/g1[9].ro/w1_inferred_i_1,
puf_bd_i/puf_top_0/inst/array/cells[0].cell_inst/g1[9].ro/w2_inferred_i_1,
puf_bd_i/puf_top_0/inst/array/cells[0].cell_inst/g1[9].ro/w3_inferred_i_1,
puf_bd_i/puf_top_0/inst/array/cells[0].cell_inst/g1[9].ro/w4_inferred_i_1,
puf_bd_i/puf_top_0/inst/array/cells[0].cell_inst/g1[9].ro/w5_inferred_i_1,
puf_bd_i/puf_top_0/inst/array/cells[0].cell_inst/g1[9].ro/w6_inferred_i_1
puf_bd_i/puf_top_0/inst/array/cells[0].cell_inst/g1[9].ro/w7_inferred_i_1.
Related violations: <none>

LUTLP-1#33 Critical Warning
Combinatorial Loop Alert  
7 LUT cells form a combinatorial loop. This can create a race condition. Timing analysis may not be accurate. The preferred resolution is to modify the design to remove combinatorial logic loops. If the loop is known and understood, this DRC can be bypassed by acknowledging the condition and setting the following XDC constraint on any one of the nets in the loop: 'set_property ALLOW_COMBINATORIAL_LOOPS TRUE [get_nets <myHier/myNet>]'. One net in the loop is puf_bd_i/puf_top_0/inst/array/cells[1].cell_inst/g0[0].ro/w1. Please evaluate your design. The cells in the loop are: puf_bd_i/puf_top_0/inst/array/cells[1].cell_inst/g0[0].ro/w1_inferred_i_1,
puf_bd_i/puf_top_0/inst/array/cells[1].cell_inst/g0[0].ro/w2_inferred_i_1,
puf_bd_i/puf_top_0/inst/array/cells[1].cell_inst/g0[0].ro/w3_inferred_i_1,
puf_bd_i/puf_top_0/inst/array/cells[1].cell_inst/g0[0].ro/w4_inferred_i_1,
puf_bd_i/puf_top_0/inst/array/cells[1].cell_inst/g0[0].ro/w5_inferred_i_1,
puf_bd_i/puf_top_0/inst/array/cells[1].cell_inst/g0[0].ro/w6_inferred_i_1
puf_bd_i/puf_top_0/inst/array/cells[1].cell_inst/g0[0].ro/w7_inferred_i_1.
Related violations: <none>

LUTLP-1#34 Critical Warning
Combinatorial Loop Alert  
7 LUT cells form a combinatorial loop. This can create a race condition. Timing analysis may not be accurate. The preferred resolution is to modify the design to remove combinatorial logic loops. If the loop is known and understood, this DRC can be bypassed by acknowledging the condition and setting the following XDC constraint on any one of the nets in the loop: 'set_property ALLOW_COMBINATORIAL_LOOPS TRUE [get_nets <myHier/myNet>]'. One net in the loop is puf_bd_i/puf_top_0/inst/array/cells[1].cell_inst/g0[10].ro/w1. Please evaluate your design. The cells in the loop are: puf_bd_i/puf_top_0/inst/array/cells[1].cell_inst/g0[10].ro/w1_inferred_i_1,
puf_bd_i/puf_top_0/inst/array/cells[1].cell_inst/g0[10].ro/w2_inferred_i_1,
puf_bd_i/puf_top_0/inst/array/cells[1].cell_inst/g0[10].ro/w3_inferred_i_1,
puf_bd_i/puf_top_0/inst/array/cells[1].cell_inst/g0[10].ro/w4_inferred_i_1,
puf_bd_i/puf_top_0/inst/array/cells[1].cell_inst/g0[10].ro/w5_inferred_i_1,
puf_bd_i/puf_top_0/inst/array/cells[1].cell_inst/g0[10].ro/w6_inferred_i_1
puf_bd_i/puf_top_0/inst/array/cells[1].cell_inst/g0[10].ro/w7_inferred_i_1.
Related violations: <none>

LUTLP-1#35 Critical Warning
Combinatorial Loop Alert  
7 LUT cells form a combinatorial loop. This can create a race condition. Timing analysis may not be accurate. The preferred resolution is to modify the design to remove combinatorial logic loops. If the loop is known and understood, this DRC can be bypassed by acknowledging the condition and setting the following XDC constraint on any one of the nets in the loop: 'set_property ALLOW_COMBINATORIAL_LOOPS TRUE [get_nets <myHier/myNet>]'. One net in the loop is puf_bd_i/puf_top_0/inst/array/cells[1].cell_inst/g0[11].ro/w1. Please evaluate your design. The cells in the loop are: puf_bd_i/puf_top_0/inst/array/cells[1].cell_inst/g0[11].ro/w1_inferred_i_1,
puf_bd_i/puf_top_0/inst/array/cells[1].cell_inst/g0[11].ro/w2_inferred_i_1,
puf_bd_i/puf_top_0/inst/array/cells[1].cell_inst/g0[11].ro/w3_inferred_i_1,
puf_bd_i/puf_top_0/inst/array/cells[1].cell_inst/g0[11].ro/w4_inferred_i_1,
puf_bd_i/puf_top_0/inst/array/cells[1].cell_inst/g0[11].ro/w5_inferred_i_1,
puf_bd_i/puf_top_0/inst/array/cells[1].cell_inst/g0[11].ro/w6_inferred_i_1
puf_bd_i/puf_top_0/inst/array/cells[1].cell_inst/g0[11].ro/w7_inferred_i_1.
Related violations: <none>

LUTLP-1#36 Critical Warning
Combinatorial Loop Alert  
7 LUT cells form a combinatorial loop. This can create a race condition. Timing analysis may not be accurate. The preferred resolution is to modify the design to remove combinatorial logic loops. If the loop is known and understood, this DRC can be bypassed by acknowledging the condition and setting the following XDC constraint on any one of the nets in the loop: 'set_property ALLOW_COMBINATORIAL_LOOPS TRUE [get_nets <myHier/myNet>]'. One net in the loop is puf_bd_i/puf_top_0/inst/array/cells[1].cell_inst/g0[12].ro/w1. Please evaluate your design. The cells in the loop are: puf_bd_i/puf_top_0/inst/array/cells[1].cell_inst/g0[12].ro/w1_inferred_i_1,
puf_bd_i/puf_top_0/inst/array/cells[1].cell_inst/g0[12].ro/w2_inferred_i_1,
puf_bd_i/puf_top_0/inst/array/cells[1].cell_inst/g0[12].ro/w3_inferred_i_1,
puf_bd_i/puf_top_0/inst/array/cells[1].cell_inst/g0[12].ro/w4_inferred_i_1,
puf_bd_i/puf_top_0/inst/array/cells[1].cell_inst/g0[12].ro/w5_inferred_i_1,
puf_bd_i/puf_top_0/inst/array/cells[1].cell_inst/g0[12].ro/w6_inferred_i_1
puf_bd_i/puf_top_0/inst/array/cells[1].cell_inst/g0[12].ro/w7_inferred_i_1.
Related violations: <none>

LUTLP-1#37 Critical Warning
Combinatorial Loop Alert  
7 LUT cells form a combinatorial loop. This can create a race condition. Timing analysis may not be accurate. The preferred resolution is to modify the design to remove combinatorial logic loops. If the loop is known and understood, this DRC can be bypassed by acknowledging the condition and setting the following XDC constraint on any one of the nets in the loop: 'set_property ALLOW_COMBINATORIAL_LOOPS TRUE [get_nets <myHier/myNet>]'. One net in the loop is puf_bd_i/puf_top_0/inst/array/cells[1].cell_inst/g0[13].ro/w1. Please evaluate your design. The cells in the loop are: puf_bd_i/puf_top_0/inst/array/cells[1].cell_inst/g0[13].ro/w1_inferred_i_1,
puf_bd_i/puf_top_0/inst/array/cells[1].cell_inst/g0[13].ro/w2_inferred_i_1,
puf_bd_i/puf_top_0/inst/array/cells[1].cell_inst/g0[13].ro/w3_inferred_i_1,
puf_bd_i/puf_top_0/inst/array/cells[1].cell_inst/g0[13].ro/w4_inferred_i_1,
puf_bd_i/puf_top_0/inst/array/cells[1].cell_inst/g0[13].ro/w5_inferred_i_1,
puf_bd_i/puf_top_0/inst/array/cells[1].cell_inst/g0[13].ro/w6_inferred_i_1
puf_bd_i/puf_top_0/inst/array/cells[1].cell_inst/g0[13].ro/w7_inferred_i_1.
Related violations: <none>

LUTLP-1#38 Critical Warning
Combinatorial Loop Alert  
7 LUT cells form a combinatorial loop. This can create a race condition. Timing analysis may not be accurate. The preferred resolution is to modify the design to remove combinatorial logic loops. If the loop is known and understood, this DRC can be bypassed by acknowledging the condition and setting the following XDC constraint on any one of the nets in the loop: 'set_property ALLOW_COMBINATORIAL_LOOPS TRUE [get_nets <myHier/myNet>]'. One net in the loop is puf_bd_i/puf_top_0/inst/array/cells[1].cell_inst/g0[14].ro/w1. Please evaluate your design. The cells in the loop are: puf_bd_i/puf_top_0/inst/array/cells[1].cell_inst/g0[14].ro/w1_inferred_i_1,
puf_bd_i/puf_top_0/inst/array/cells[1].cell_inst/g0[14].ro/w2_inferred_i_1,
puf_bd_i/puf_top_0/inst/array/cells[1].cell_inst/g0[14].ro/w3_inferred_i_1,
puf_bd_i/puf_top_0/inst/array/cells[1].cell_inst/g0[14].ro/w4_inferred_i_1,
puf_bd_i/puf_top_0/inst/array/cells[1].cell_inst/g0[14].ro/w5_inferred_i_1,
puf_bd_i/puf_top_0/inst/array/cells[1].cell_inst/g0[14].ro/w6_inferred_i_1
puf_bd_i/puf_top_0/inst/array/cells[1].cell_inst/g0[14].ro/w7_inferred_i_1.
Related violations: <none>

LUTLP-1#39 Critical Warning
Combinatorial Loop Alert  
7 LUT cells form a combinatorial loop. This can create a race condition. Timing analysis may not be accurate. The preferred resolution is to modify the design to remove combinatorial logic loops. If the loop is known and understood, this DRC can be bypassed by acknowledging the condition and setting the following XDC constraint on any one of the nets in the loop: 'set_property ALLOW_COMBINATORIAL_LOOPS TRUE [get_nets <myHier/myNet>]'. One net in the loop is puf_bd_i/puf_top_0/inst/array/cells[1].cell_inst/g0[15].ro/w1. Please evaluate your design. The cells in the loop are: puf_bd_i/puf_top_0/inst/array/cells[1].cell_inst/g0[15].ro/w1_inferred_i_1,
puf_bd_i/puf_top_0/inst/array/cells[1].cell_inst/g0[15].ro/w2_inferred_i_1,
puf_bd_i/puf_top_0/inst/array/cells[1].cell_inst/g0[15].ro/w3_inferred_i_1,
puf_bd_i/puf_top_0/inst/array/cells[1].cell_inst/g0[15].ro/w4_inferred_i_1,
puf_bd_i/puf_top_0/inst/array/cells[1].cell_inst/g0[15].ro/w5_inferred_i_1,
puf_bd_i/puf_top_0/inst/array/cells[1].cell_inst/g0[15].ro/w6_inferred_i_1
puf_bd_i/puf_top_0/inst/array/cells[1].cell_inst/g0[15].ro/w7_inferred_i_1.
Related violations: <none>

LUTLP-1#40 Critical Warning
Combinatorial Loop Alert  
7 LUT cells form a combinatorial loop. This can create a race condition. Timing analysis may not be accurate. The preferred resolution is to modify the design to remove combinatorial logic loops. If the loop is known and understood, this DRC can be bypassed by acknowledging the condition and setting the following XDC constraint on any one of the nets in the loop: 'set_property ALLOW_COMBINATORIAL_LOOPS TRUE [get_nets <myHier/myNet>]'. One net in the loop is puf_bd_i/puf_top_0/inst/array/cells[1].cell_inst/g0[1].ro/w1. Please evaluate your design. The cells in the loop are: puf_bd_i/puf_top_0/inst/array/cells[1].cell_inst/g0[1].ro/w1_inferred_i_1,
puf_bd_i/puf_top_0/inst/array/cells[1].cell_inst/g0[1].ro/w2_inferred_i_1,
puf_bd_i/puf_top_0/inst/array/cells[1].cell_inst/g0[1].ro/w3_inferred_i_1,
puf_bd_i/puf_top_0/inst/array/cells[1].cell_inst/g0[1].ro/w4_inferred_i_1,
puf_bd_i/puf_top_0/inst/array/cells[1].cell_inst/g0[1].ro/w5_inferred_i_1,
puf_bd_i/puf_top_0/inst/array/cells[1].cell_inst/g0[1].ro/w6_inferred_i_1
puf_bd_i/puf_top_0/inst/array/cells[1].cell_inst/g0[1].ro/w7_inferred_i_1.
Related violations: <none>

LUTLP-1#41 Critical Warning
Combinatorial Loop Alert  
7 LUT cells form a combinatorial loop. This can create a race condition. Timing analysis may not be accurate. The preferred resolution is to modify the design to remove combinatorial logic loops. If the loop is known and understood, this DRC can be bypassed by acknowledging the condition and setting the following XDC constraint on any one of the nets in the loop: 'set_property ALLOW_COMBINATORIAL_LOOPS TRUE [get_nets <myHier/myNet>]'. One net in the loop is puf_bd_i/puf_top_0/inst/array/cells[1].cell_inst/g0[2].ro/w1. Please evaluate your design. The cells in the loop are: puf_bd_i/puf_top_0/inst/array/cells[1].cell_inst/g0[2].ro/w1_inferred_i_1,
puf_bd_i/puf_top_0/inst/array/cells[1].cell_inst/g0[2].ro/w2_inferred_i_1,
puf_bd_i/puf_top_0/inst/array/cells[1].cell_inst/g0[2].ro/w3_inferred_i_1,
puf_bd_i/puf_top_0/inst/array/cells[1].cell_inst/g0[2].ro/w4_inferred_i_1,
puf_bd_i/puf_top_0/inst/array/cells[1].cell_inst/g0[2].ro/w5_inferred_i_1,
puf_bd_i/puf_top_0/inst/array/cells[1].cell_inst/g0[2].ro/w6_inferred_i_1
puf_bd_i/puf_top_0/inst/array/cells[1].cell_inst/g0[2].ro/w7_inferred_i_1.
Related violations: <none>

LUTLP-1#42 Critical Warning
Combinatorial Loop Alert  
7 LUT cells form a combinatorial loop. This can create a race condition. Timing analysis may not be accurate. The preferred resolution is to modify the design to remove combinatorial logic loops. If the loop is known and understood, this DRC can be bypassed by acknowledging the condition and setting the following XDC constraint on any one of the nets in the loop: 'set_property ALLOW_COMBINATORIAL_LOOPS TRUE [get_nets <myHier/myNet>]'. One net in the loop is puf_bd_i/puf_top_0/inst/array/cells[1].cell_inst/g0[3].ro/w1. Please evaluate your design. The cells in the loop are: puf_bd_i/puf_top_0/inst/array/cells[1].cell_inst/g0[3].ro/w1_inferred_i_1,
puf_bd_i/puf_top_0/inst/array/cells[1].cell_inst/g0[3].ro/w2_inferred_i_1,
puf_bd_i/puf_top_0/inst/array/cells[1].cell_inst/g0[3].ro/w3_inferred_i_1,
puf_bd_i/puf_top_0/inst/array/cells[1].cell_inst/g0[3].ro/w4_inferred_i_1,
puf_bd_i/puf_top_0/inst/array/cells[1].cell_inst/g0[3].ro/w5_inferred_i_1,
puf_bd_i/puf_top_0/inst/array/cells[1].cell_inst/g0[3].ro/w6_inferred_i_1
puf_bd_i/puf_top_0/inst/array/cells[1].cell_inst/g0[3].ro/w7_inferred_i_1.
Related violations: <none>

LUTLP-1#43 Critical Warning
Combinatorial Loop Alert  
7 LUT cells form a combinatorial loop. This can create a race condition. Timing analysis may not be accurate. The preferred resolution is to modify the design to remove combinatorial logic loops. If the loop is known and understood, this DRC can be bypassed by acknowledging the condition and setting the following XDC constraint on any one of the nets in the loop: 'set_property ALLOW_COMBINATORIAL_LOOPS TRUE [get_nets <myHier/myNet>]'. One net in the loop is puf_bd_i/puf_top_0/inst/array/cells[1].cell_inst/g0[4].ro/w1. Please evaluate your design. The cells in the loop are: puf_bd_i/puf_top_0/inst/array/cells[1].cell_inst/g0[4].ro/w1_inferred_i_1,
puf_bd_i/puf_top_0/inst/array/cells[1].cell_inst/g0[4].ro/w2_inferred_i_1,
puf_bd_i/puf_top_0/inst/array/cells[1].cell_inst/g0[4].ro/w3_inferred_i_1,
puf_bd_i/puf_top_0/inst/array/cells[1].cell_inst/g0[4].ro/w4_inferred_i_1,
puf_bd_i/puf_top_0/inst/array/cells[1].cell_inst/g0[4].ro/w5_inferred_i_1,
puf_bd_i/puf_top_0/inst/array/cells[1].cell_inst/g0[4].ro/w6_inferred_i_1
puf_bd_i/puf_top_0/inst/array/cells[1].cell_inst/g0[4].ro/w7_inferred_i_1.
Related violations: <none>

LUTLP-1#44 Critical Warning
Combinatorial Loop Alert  
7 LUT cells form a combinatorial loop. This can create a race condition. Timing analysis may not be accurate. The preferred resolution is to modify the design to remove combinatorial logic loops. If the loop is known and understood, this DRC can be bypassed by acknowledging the condition and setting the following XDC constraint on any one of the nets in the loop: 'set_property ALLOW_COMBINATORIAL_LOOPS TRUE [get_nets <myHier/myNet>]'. One net in the loop is puf_bd_i/puf_top_0/inst/array/cells[1].cell_inst/g0[5].ro/w1. Please evaluate your design. The cells in the loop are: puf_bd_i/puf_top_0/inst/array/cells[1].cell_inst/g0[5].ro/w1_inferred_i_1,
puf_bd_i/puf_top_0/inst/array/cells[1].cell_inst/g0[5].ro/w2_inferred_i_1,
puf_bd_i/puf_top_0/inst/array/cells[1].cell_inst/g0[5].ro/w3_inferred_i_1,
puf_bd_i/puf_top_0/inst/array/cells[1].cell_inst/g0[5].ro/w4_inferred_i_1,
puf_bd_i/puf_top_0/inst/array/cells[1].cell_inst/g0[5].ro/w5_inferred_i_1,
puf_bd_i/puf_top_0/inst/array/cells[1].cell_inst/g0[5].ro/w6_inferred_i_1
puf_bd_i/puf_top_0/inst/array/cells[1].cell_inst/g0[5].ro/w7_inferred_i_1.
Related violations: <none>

LUTLP-1#45 Critical Warning
Combinatorial Loop Alert  
7 LUT cells form a combinatorial loop. This can create a race condition. Timing analysis may not be accurate. The preferred resolution is to modify the design to remove combinatorial logic loops. If the loop is known and understood, this DRC can be bypassed by acknowledging the condition and setting the following XDC constraint on any one of the nets in the loop: 'set_property ALLOW_COMBINATORIAL_LOOPS TRUE [get_nets <myHier/myNet>]'. One net in the loop is puf_bd_i/puf_top_0/inst/array/cells[1].cell_inst/g0[6].ro/w1. Please evaluate your design. The cells in the loop are: puf_bd_i/puf_top_0/inst/array/cells[1].cell_inst/g0[6].ro/w1_inferred_i_1,
puf_bd_i/puf_top_0/inst/array/cells[1].cell_inst/g0[6].ro/w2_inferred_i_1,
puf_bd_i/puf_top_0/inst/array/cells[1].cell_inst/g0[6].ro/w3_inferred_i_1,
puf_bd_i/puf_top_0/inst/array/cells[1].cell_inst/g0[6].ro/w4_inferred_i_1,
puf_bd_i/puf_top_0/inst/array/cells[1].cell_inst/g0[6].ro/w5_inferred_i_1,
puf_bd_i/puf_top_0/inst/array/cells[1].cell_inst/g0[6].ro/w6_inferred_i_1
puf_bd_i/puf_top_0/inst/array/cells[1].cell_inst/g0[6].ro/w7_inferred_i_1.
Related violations: <none>

LUTLP-1#46 Critical Warning
Combinatorial Loop Alert  
7 LUT cells form a combinatorial loop. This can create a race condition. Timing analysis may not be accurate. The preferred resolution is to modify the design to remove combinatorial logic loops. If the loop is known and understood, this DRC can be bypassed by acknowledging the condition and setting the following XDC constraint on any one of the nets in the loop: 'set_property ALLOW_COMBINATORIAL_LOOPS TRUE [get_nets <myHier/myNet>]'. One net in the loop is puf_bd_i/puf_top_0/inst/array/cells[1].cell_inst/g0[7].ro/w1. Please evaluate your design. The cells in the loop are: puf_bd_i/puf_top_0/inst/array/cells[1].cell_inst/g0[7].ro/w1_inferred_i_1,
puf_bd_i/puf_top_0/inst/array/cells[1].cell_inst/g0[7].ro/w2_inferred_i_1,
puf_bd_i/puf_top_0/inst/array/cells[1].cell_inst/g0[7].ro/w3_inferred_i_1,
puf_bd_i/puf_top_0/inst/array/cells[1].cell_inst/g0[7].ro/w4_inferred_i_1,
puf_bd_i/puf_top_0/inst/array/cells[1].cell_inst/g0[7].ro/w5_inferred_i_1,
puf_bd_i/puf_top_0/inst/array/cells[1].cell_inst/g0[7].ro/w6_inferred_i_1
puf_bd_i/puf_top_0/inst/array/cells[1].cell_inst/g0[7].ro/w7_inferred_i_1.
Related violations: <none>

LUTLP-1#47 Critical Warning
Combinatorial Loop Alert  
7 LUT cells form a combinatorial loop. This can create a race condition. Timing analysis may not be accurate. The preferred resolution is to modify the design to remove combinatorial logic loops. If the loop is known and understood, this DRC can be bypassed by acknowledging the condition and setting the following XDC constraint on any one of the nets in the loop: 'set_property ALLOW_COMBINATORIAL_LOOPS TRUE [get_nets <myHier/myNet>]'. One net in the loop is puf_bd_i/puf_top_0/inst/array/cells[1].cell_inst/g0[8].ro/w1. Please evaluate your design. The cells in the loop are: puf_bd_i/puf_top_0/inst/array/cells[1].cell_inst/g0[8].ro/w1_inferred_i_1,
puf_bd_i/puf_top_0/inst/array/cells[1].cell_inst/g0[8].ro/w2_inferred_i_1,
puf_bd_i/puf_top_0/inst/array/cells[1].cell_inst/g0[8].ro/w3_inferred_i_1,
puf_bd_i/puf_top_0/inst/array/cells[1].cell_inst/g0[8].ro/w4_inferred_i_1,
puf_bd_i/puf_top_0/inst/array/cells[1].cell_inst/g0[8].ro/w5_inferred_i_1,
puf_bd_i/puf_top_0/inst/array/cells[1].cell_inst/g0[8].ro/w6_inferred_i_1
puf_bd_i/puf_top_0/inst/array/cells[1].cell_inst/g0[8].ro/w7_inferred_i_1.
Related violations: <none>

LUTLP-1#48 Critical Warning
Combinatorial Loop Alert  
7 LUT cells form a combinatorial loop. This can create a race condition. Timing analysis may not be accurate. The preferred resolution is to modify the design to remove combinatorial logic loops. If the loop is known and understood, this DRC can be bypassed by acknowledging the condition and setting the following XDC constraint on any one of the nets in the loop: 'set_property ALLOW_COMBINATORIAL_LOOPS TRUE [get_nets <myHier/myNet>]'. One net in the loop is puf_bd_i/puf_top_0/inst/array/cells[1].cell_inst/g0[9].ro/w1. Please evaluate your design. The cells in the loop are: puf_bd_i/puf_top_0/inst/array/cells[1].cell_inst/g0[9].ro/w1_inferred_i_1,
puf_bd_i/puf_top_0/inst/array/cells[1].cell_inst/g0[9].ro/w2_inferred_i_1,
puf_bd_i/puf_top_0/inst/array/cells[1].cell_inst/g0[9].ro/w3_inferred_i_1,
puf_bd_i/puf_top_0/inst/array/cells[1].cell_inst/g0[9].ro/w4_inferred_i_1,
puf_bd_i/puf_top_0/inst/array/cells[1].cell_inst/g0[9].ro/w5_inferred_i_1,
puf_bd_i/puf_top_0/inst/array/cells[1].cell_inst/g0[9].ro/w6_inferred_i_1
puf_bd_i/puf_top_0/inst/array/cells[1].cell_inst/g0[9].ro/w7_inferred_i_1.
Related violations: <none>

LUTLP-1#49 Critical Warning
Combinatorial Loop Alert  
7 LUT cells form a combinatorial loop. This can create a race condition. Timing analysis may not be accurate. The preferred resolution is to modify the design to remove combinatorial logic loops. If the loop is known and understood, this DRC can be bypassed by acknowledging the condition and setting the following XDC constraint on any one of the nets in the loop: 'set_property ALLOW_COMBINATORIAL_LOOPS TRUE [get_nets <myHier/myNet>]'. One net in the loop is puf_bd_i/puf_top_0/inst/array/cells[1].cell_inst/g1[0].ro/w1. Please evaluate your design. The cells in the loop are: puf_bd_i/puf_top_0/inst/array/cells[1].cell_inst/g1[0].ro/w1_inferred_i_1,
puf_bd_i/puf_top_0/inst/array/cells[1].cell_inst/g1[0].ro/w2_inferred_i_1,
puf_bd_i/puf_top_0/inst/array/cells[1].cell_inst/g1[0].ro/w3_inferred_i_1,
puf_bd_i/puf_top_0/inst/array/cells[1].cell_inst/g1[0].ro/w4_inferred_i_1,
puf_bd_i/puf_top_0/inst/array/cells[1].cell_inst/g1[0].ro/w5_inferred_i_1,
puf_bd_i/puf_top_0/inst/array/cells[1].cell_inst/g1[0].ro/w6_inferred_i_1
puf_bd_i/puf_top_0/inst/array/cells[1].cell_inst/g1[0].ro/w7_inferred_i_1.
Related violations: <none>

LUTLP-1#50 Critical Warning
Combinatorial Loop Alert  
7 LUT cells form a combinatorial loop. This can create a race condition. Timing analysis may not be accurate. The preferred resolution is to modify the design to remove combinatorial logic loops. If the loop is known and understood, this DRC can be bypassed by acknowledging the condition and setting the following XDC constraint on any one of the nets in the loop: 'set_property ALLOW_COMBINATORIAL_LOOPS TRUE [get_nets <myHier/myNet>]'. One net in the loop is puf_bd_i/puf_top_0/inst/array/cells[1].cell_inst/g1[10].ro/w1. Please evaluate your design. The cells in the loop are: puf_bd_i/puf_top_0/inst/array/cells[1].cell_inst/g1[10].ro/w1_inferred_i_1,
puf_bd_i/puf_top_0/inst/array/cells[1].cell_inst/g1[10].ro/w2_inferred_i_1,
puf_bd_i/puf_top_0/inst/array/cells[1].cell_inst/g1[10].ro/w3_inferred_i_1,
puf_bd_i/puf_top_0/inst/array/cells[1].cell_inst/g1[10].ro/w4_inferred_i_1,
puf_bd_i/puf_top_0/inst/array/cells[1].cell_inst/g1[10].ro/w5_inferred_i_1,
puf_bd_i/puf_top_0/inst/array/cells[1].cell_inst/g1[10].ro/w6_inferred_i_1
puf_bd_i/puf_top_0/inst/array/cells[1].cell_inst/g1[10].ro/w7_inferred_i_1.
Related violations: <none>

LUTLP-1#51 Critical Warning
Combinatorial Loop Alert  
7 LUT cells form a combinatorial loop. This can create a race condition. Timing analysis may not be accurate. The preferred resolution is to modify the design to remove combinatorial logic loops. If the loop is known and understood, this DRC can be bypassed by acknowledging the condition and setting the following XDC constraint on any one of the nets in the loop: 'set_property ALLOW_COMBINATORIAL_LOOPS TRUE [get_nets <myHier/myNet>]'. One net in the loop is puf_bd_i/puf_top_0/inst/array/cells[1].cell_inst/g1[11].ro/w1. Please evaluate your design. The cells in the loop are: puf_bd_i/puf_top_0/inst/array/cells[1].cell_inst/g1[11].ro/w1_inferred_i_1,
puf_bd_i/puf_top_0/inst/array/cells[1].cell_inst/g1[11].ro/w2_inferred_i_1,
puf_bd_i/puf_top_0/inst/array/cells[1].cell_inst/g1[11].ro/w3_inferred_i_1,
puf_bd_i/puf_top_0/inst/array/cells[1].cell_inst/g1[11].ro/w4_inferred_i_1,
puf_bd_i/puf_top_0/inst/array/cells[1].cell_inst/g1[11].ro/w5_inferred_i_1,
puf_bd_i/puf_top_0/inst/array/cells[1].cell_inst/g1[11].ro/w6_inferred_i_1
puf_bd_i/puf_top_0/inst/array/cells[1].cell_inst/g1[11].ro/w7_inferred_i_1.
Related violations: <none>

LUTLP-1#52 Critical Warning
Combinatorial Loop Alert  
7 LUT cells form a combinatorial loop. This can create a race condition. Timing analysis may not be accurate. The preferred resolution is to modify the design to remove combinatorial logic loops. If the loop is known and understood, this DRC can be bypassed by acknowledging the condition and setting the following XDC constraint on any one of the nets in the loop: 'set_property ALLOW_COMBINATORIAL_LOOPS TRUE [get_nets <myHier/myNet>]'. One net in the loop is puf_bd_i/puf_top_0/inst/array/cells[1].cell_inst/g1[12].ro/w1. Please evaluate your design. The cells in the loop are: puf_bd_i/puf_top_0/inst/array/cells[1].cell_inst/g1[12].ro/w1_inferred_i_1,
puf_bd_i/puf_top_0/inst/array/cells[1].cell_inst/g1[12].ro/w2_inferred_i_1,
puf_bd_i/puf_top_0/inst/array/cells[1].cell_inst/g1[12].ro/w3_inferred_i_1,
puf_bd_i/puf_top_0/inst/array/cells[1].cell_inst/g1[12].ro/w4_inferred_i_1,
puf_bd_i/puf_top_0/inst/array/cells[1].cell_inst/g1[12].ro/w5_inferred_i_1,
puf_bd_i/puf_top_0/inst/array/cells[1].cell_inst/g1[12].ro/w6_inferred_i_1
puf_bd_i/puf_top_0/inst/array/cells[1].cell_inst/g1[12].ro/w7_inferred_i_1.
Related violations: <none>

LUTLP-1#53 Critical Warning
Combinatorial Loop Alert  
7 LUT cells form a combinatorial loop. This can create a race condition. Timing analysis may not be accurate. The preferred resolution is to modify the design to remove combinatorial logic loops. If the loop is known and understood, this DRC can be bypassed by acknowledging the condition and setting the following XDC constraint on any one of the nets in the loop: 'set_property ALLOW_COMBINATORIAL_LOOPS TRUE [get_nets <myHier/myNet>]'. One net in the loop is puf_bd_i/puf_top_0/inst/array/cells[1].cell_inst/g1[13].ro/w1. Please evaluate your design. The cells in the loop are: puf_bd_i/puf_top_0/inst/array/cells[1].cell_inst/g1[13].ro/w1_inferred_i_1,
puf_bd_i/puf_top_0/inst/array/cells[1].cell_inst/g1[13].ro/w2_inferred_i_1,
puf_bd_i/puf_top_0/inst/array/cells[1].cell_inst/g1[13].ro/w3_inferred_i_1,
puf_bd_i/puf_top_0/inst/array/cells[1].cell_inst/g1[13].ro/w4_inferred_i_1,
puf_bd_i/puf_top_0/inst/array/cells[1].cell_inst/g1[13].ro/w5_inferred_i_1,
puf_bd_i/puf_top_0/inst/array/cells[1].cell_inst/g1[13].ro/w6_inferred_i_1
puf_bd_i/puf_top_0/inst/array/cells[1].cell_inst/g1[13].ro/w7_inferred_i_1.
Related violations: <none>

LUTLP-1#54 Critical Warning
Combinatorial Loop Alert  
7 LUT cells form a combinatorial loop. This can create a race condition. Timing analysis may not be accurate. The preferred resolution is to modify the design to remove combinatorial logic loops. If the loop is known and understood, this DRC can be bypassed by acknowledging the condition and setting the following XDC constraint on any one of the nets in the loop: 'set_property ALLOW_COMBINATORIAL_LOOPS TRUE [get_nets <myHier/myNet>]'. One net in the loop is puf_bd_i/puf_top_0/inst/array/cells[1].cell_inst/g1[14].ro/w1. Please evaluate your design. The cells in the loop are: puf_bd_i/puf_top_0/inst/array/cells[1].cell_inst/g1[14].ro/w1_inferred_i_1,
puf_bd_i/puf_top_0/inst/array/cells[1].cell_inst/g1[14].ro/w2_inferred_i_1,
puf_bd_i/puf_top_0/inst/array/cells[1].cell_inst/g1[14].ro/w3_inferred_i_1,
puf_bd_i/puf_top_0/inst/array/cells[1].cell_inst/g1[14].ro/w4_inferred_i_1,
puf_bd_i/puf_top_0/inst/array/cells[1].cell_inst/g1[14].ro/w5_inferred_i_1,
puf_bd_i/puf_top_0/inst/array/cells[1].cell_inst/g1[14].ro/w6_inferred_i_1
puf_bd_i/puf_top_0/inst/array/cells[1].cell_inst/g1[14].ro/w7_inferred_i_1.
Related violations: <none>

LUTLP-1#55 Critical Warning
Combinatorial Loop Alert  
7 LUT cells form a combinatorial loop. This can create a race condition. Timing analysis may not be accurate. The preferred resolution is to modify the design to remove combinatorial logic loops. If the loop is known and understood, this DRC can be bypassed by acknowledging the condition and setting the following XDC constraint on any one of the nets in the loop: 'set_property ALLOW_COMBINATORIAL_LOOPS TRUE [get_nets <myHier/myNet>]'. One net in the loop is puf_bd_i/puf_top_0/inst/array/cells[1].cell_inst/g1[15].ro/w1. Please evaluate your design. The cells in the loop are: puf_bd_i/puf_top_0/inst/array/cells[1].cell_inst/g1[15].ro/w1_inferred_i_1,
puf_bd_i/puf_top_0/inst/array/cells[1].cell_inst/g1[15].ro/w2_inferred_i_1,
puf_bd_i/puf_top_0/inst/array/cells[1].cell_inst/g1[15].ro/w3_inferred_i_1,
puf_bd_i/puf_top_0/inst/array/cells[1].cell_inst/g1[15].ro/w4_inferred_i_1,
puf_bd_i/puf_top_0/inst/array/cells[1].cell_inst/g1[15].ro/w5_inferred_i_1,
puf_bd_i/puf_top_0/inst/array/cells[1].cell_inst/g1[15].ro/w6_inferred_i_1
puf_bd_i/puf_top_0/inst/array/cells[1].cell_inst/g1[15].ro/w7_inferred_i_1.
Related violations: <none>

LUTLP-1#56 Critical Warning
Combinatorial Loop Alert  
7 LUT cells form a combinatorial loop. This can create a race condition. Timing analysis may not be accurate. The preferred resolution is to modify the design to remove combinatorial logic loops. If the loop is known and understood, this DRC can be bypassed by acknowledging the condition and setting the following XDC constraint on any one of the nets in the loop: 'set_property ALLOW_COMBINATORIAL_LOOPS TRUE [get_nets <myHier/myNet>]'. One net in the loop is puf_bd_i/puf_top_0/inst/array/cells[1].cell_inst/g1[1].ro/w1. Please evaluate your design. The cells in the loop are: puf_bd_i/puf_top_0/inst/array/cells[1].cell_inst/g1[1].ro/w1_inferred_i_1,
puf_bd_i/puf_top_0/inst/array/cells[1].cell_inst/g1[1].ro/w2_inferred_i_1,
puf_bd_i/puf_top_0/inst/array/cells[1].cell_inst/g1[1].ro/w3_inferred_i_1,
puf_bd_i/puf_top_0/inst/array/cells[1].cell_inst/g1[1].ro/w4_inferred_i_1,
puf_bd_i/puf_top_0/inst/array/cells[1].cell_inst/g1[1].ro/w5_inferred_i_1,
puf_bd_i/puf_top_0/inst/array/cells[1].cell_inst/g1[1].ro/w6_inferred_i_1
puf_bd_i/puf_top_0/inst/array/cells[1].cell_inst/g1[1].ro/w7_inferred_i_1.
Related violations: <none>

LUTLP-1#57 Critical Warning
Combinatorial Loop Alert  
7 LUT cells form a combinatorial loop. This can create a race condition. Timing analysis may not be accurate. The preferred resolution is to modify the design to remove combinatorial logic loops. If the loop is known and understood, this DRC can be bypassed by acknowledging the condition and setting the following XDC constraint on any one of the nets in the loop: 'set_property ALLOW_COMBINATORIAL_LOOPS TRUE [get_nets <myHier/myNet>]'. One net in the loop is puf_bd_i/puf_top_0/inst/array/cells[1].cell_inst/g1[2].ro/w1. Please evaluate your design. The cells in the loop are: puf_bd_i/puf_top_0/inst/array/cells[1].cell_inst/g1[2].ro/w1_inferred_i_1,
puf_bd_i/puf_top_0/inst/array/cells[1].cell_inst/g1[2].ro/w2_inferred_i_1,
puf_bd_i/puf_top_0/inst/array/cells[1].cell_inst/g1[2].ro/w3_inferred_i_1,
puf_bd_i/puf_top_0/inst/array/cells[1].cell_inst/g1[2].ro/w4_inferred_i_1,
puf_bd_i/puf_top_0/inst/array/cells[1].cell_inst/g1[2].ro/w5_inferred_i_1,
puf_bd_i/puf_top_0/inst/array/cells[1].cell_inst/g1[2].ro/w6_inferred_i_1
puf_bd_i/puf_top_0/inst/array/cells[1].cell_inst/g1[2].ro/w7_inferred_i_1.
Related violations: <none>

LUTLP-1#58 Critical Warning
Combinatorial Loop Alert  
7 LUT cells form a combinatorial loop. This can create a race condition. Timing analysis may not be accurate. The preferred resolution is to modify the design to remove combinatorial logic loops. If the loop is known and understood, this DRC can be bypassed by acknowledging the condition and setting the following XDC constraint on any one of the nets in the loop: 'set_property ALLOW_COMBINATORIAL_LOOPS TRUE [get_nets <myHier/myNet>]'. One net in the loop is puf_bd_i/puf_top_0/inst/array/cells[1].cell_inst/g1[3].ro/w1. Please evaluate your design. The cells in the loop are: puf_bd_i/puf_top_0/inst/array/cells[1].cell_inst/g1[3].ro/w1_inferred_i_1,
puf_bd_i/puf_top_0/inst/array/cells[1].cell_inst/g1[3].ro/w2_inferred_i_1,
puf_bd_i/puf_top_0/inst/array/cells[1].cell_inst/g1[3].ro/w3_inferred_i_1,
puf_bd_i/puf_top_0/inst/array/cells[1].cell_inst/g1[3].ro/w4_inferred_i_1,
puf_bd_i/puf_top_0/inst/array/cells[1].cell_inst/g1[3].ro/w5_inferred_i_1,
puf_bd_i/puf_top_0/inst/array/cells[1].cell_inst/g1[3].ro/w6_inferred_i_1
puf_bd_i/puf_top_0/inst/array/cells[1].cell_inst/g1[3].ro/w7_inferred_i_1.
Related violations: <none>

LUTLP-1#59 Critical Warning
Combinatorial Loop Alert  
7 LUT cells form a combinatorial loop. This can create a race condition. Timing analysis may not be accurate. The preferred resolution is to modify the design to remove combinatorial logic loops. If the loop is known and understood, this DRC can be bypassed by acknowledging the condition and setting the following XDC constraint on any one of the nets in the loop: 'set_property ALLOW_COMBINATORIAL_LOOPS TRUE [get_nets <myHier/myNet>]'. One net in the loop is puf_bd_i/puf_top_0/inst/array/cells[1].cell_inst/g1[4].ro/w1. Please evaluate your design. The cells in the loop are: puf_bd_i/puf_top_0/inst/array/cells[1].cell_inst/g1[4].ro/w1_inferred_i_1,
puf_bd_i/puf_top_0/inst/array/cells[1].cell_inst/g1[4].ro/w2_inferred_i_1,
puf_bd_i/puf_top_0/inst/array/cells[1].cell_inst/g1[4].ro/w3_inferred_i_1,
puf_bd_i/puf_top_0/inst/array/cells[1].cell_inst/g1[4].ro/w4_inferred_i_1,
puf_bd_i/puf_top_0/inst/array/cells[1].cell_inst/g1[4].ro/w5_inferred_i_1,
puf_bd_i/puf_top_0/inst/array/cells[1].cell_inst/g1[4].ro/w6_inferred_i_1
puf_bd_i/puf_top_0/inst/array/cells[1].cell_inst/g1[4].ro/w7_inferred_i_1.
Related violations: <none>

LUTLP-1#60 Critical Warning
Combinatorial Loop Alert  
7 LUT cells form a combinatorial loop. This can create a race condition. Timing analysis may not be accurate. The preferred resolution is to modify the design to remove combinatorial logic loops. If the loop is known and understood, this DRC can be bypassed by acknowledging the condition and setting the following XDC constraint on any one of the nets in the loop: 'set_property ALLOW_COMBINATORIAL_LOOPS TRUE [get_nets <myHier/myNet>]'. One net in the loop is puf_bd_i/puf_top_0/inst/array/cells[1].cell_inst/g1[5].ro/w1. Please evaluate your design. The cells in the loop are: puf_bd_i/puf_top_0/inst/array/cells[1].cell_inst/g1[5].ro/w1_inferred_i_1,
puf_bd_i/puf_top_0/inst/array/cells[1].cell_inst/g1[5].ro/w2_inferred_i_1,
puf_bd_i/puf_top_0/inst/array/cells[1].cell_inst/g1[5].ro/w3_inferred_i_1,
puf_bd_i/puf_top_0/inst/array/cells[1].cell_inst/g1[5].ro/w4_inferred_i_1,
puf_bd_i/puf_top_0/inst/array/cells[1].cell_inst/g1[5].ro/w5_inferred_i_1,
puf_bd_i/puf_top_0/inst/array/cells[1].cell_inst/g1[5].ro/w6_inferred_i_1
puf_bd_i/puf_top_0/inst/array/cells[1].cell_inst/g1[5].ro/w7_inferred_i_1.
Related violations: <none>

LUTLP-1#61 Critical Warning
Combinatorial Loop Alert  
7 LUT cells form a combinatorial loop. This can create a race condition. Timing analysis may not be accurate. The preferred resolution is to modify the design to remove combinatorial logic loops. If the loop is known and understood, this DRC can be bypassed by acknowledging the condition and setting the following XDC constraint on any one of the nets in the loop: 'set_property ALLOW_COMBINATORIAL_LOOPS TRUE [get_nets <myHier/myNet>]'. One net in the loop is puf_bd_i/puf_top_0/inst/array/cells[1].cell_inst/g1[6].ro/w1. Please evaluate your design. The cells in the loop are: puf_bd_i/puf_top_0/inst/array/cells[1].cell_inst/g1[6].ro/w1_inferred_i_1,
puf_bd_i/puf_top_0/inst/array/cells[1].cell_inst/g1[6].ro/w2_inferred_i_1,
puf_bd_i/puf_top_0/inst/array/cells[1].cell_inst/g1[6].ro/w3_inferred_i_1,
puf_bd_i/puf_top_0/inst/array/cells[1].cell_inst/g1[6].ro/w4_inferred_i_1,
puf_bd_i/puf_top_0/inst/array/cells[1].cell_inst/g1[6].ro/w5_inferred_i_1,
puf_bd_i/puf_top_0/inst/array/cells[1].cell_inst/g1[6].ro/w6_inferred_i_1
puf_bd_i/puf_top_0/inst/array/cells[1].cell_inst/g1[6].ro/w7_inferred_i_1.
Related violations: <none>

LUTLP-1#62 Critical Warning
Combinatorial Loop Alert  
7 LUT cells form a combinatorial loop. This can create a race condition. Timing analysis may not be accurate. The preferred resolution is to modify the design to remove combinatorial logic loops. If the loop is known and understood, this DRC can be bypassed by acknowledging the condition and setting the following XDC constraint on any one of the nets in the loop: 'set_property ALLOW_COMBINATORIAL_LOOPS TRUE [get_nets <myHier/myNet>]'. One net in the loop is puf_bd_i/puf_top_0/inst/array/cells[1].cell_inst/g1[7].ro/w1. Please evaluate your design. The cells in the loop are: puf_bd_i/puf_top_0/inst/array/cells[1].cell_inst/g1[7].ro/w1_inferred_i_1,
puf_bd_i/puf_top_0/inst/array/cells[1].cell_inst/g1[7].ro/w2_inferred_i_1,
puf_bd_i/puf_top_0/inst/array/cells[1].cell_inst/g1[7].ro/w3_inferred_i_1,
puf_bd_i/puf_top_0/inst/array/cells[1].cell_inst/g1[7].ro/w4_inferred_i_1,
puf_bd_i/puf_top_0/inst/array/cells[1].cell_inst/g1[7].ro/w5_inferred_i_1,
puf_bd_i/puf_top_0/inst/array/cells[1].cell_inst/g1[7].ro/w6_inferred_i_1
puf_bd_i/puf_top_0/inst/array/cells[1].cell_inst/g1[7].ro/w7_inferred_i_1.
Related violations: <none>

LUTLP-1#63 Critical Warning
Combinatorial Loop Alert  
7 LUT cells form a combinatorial loop. This can create a race condition. Timing analysis may not be accurate. The preferred resolution is to modify the design to remove combinatorial logic loops. If the loop is known and understood, this DRC can be bypassed by acknowledging the condition and setting the following XDC constraint on any one of the nets in the loop: 'set_property ALLOW_COMBINATORIAL_LOOPS TRUE [get_nets <myHier/myNet>]'. One net in the loop is puf_bd_i/puf_top_0/inst/array/cells[1].cell_inst/g1[8].ro/w1. Please evaluate your design. The cells in the loop are: puf_bd_i/puf_top_0/inst/array/cells[1].cell_inst/g1[8].ro/w1_inferred_i_1,
puf_bd_i/puf_top_0/inst/array/cells[1].cell_inst/g1[8].ro/w2_inferred_i_1,
puf_bd_i/puf_top_0/inst/array/cells[1].cell_inst/g1[8].ro/w3_inferred_i_1,
puf_bd_i/puf_top_0/inst/array/cells[1].cell_inst/g1[8].ro/w4_inferred_i_1,
puf_bd_i/puf_top_0/inst/array/cells[1].cell_inst/g1[8].ro/w5_inferred_i_1,
puf_bd_i/puf_top_0/inst/array/cells[1].cell_inst/g1[8].ro/w6_inferred_i_1
puf_bd_i/puf_top_0/inst/array/cells[1].cell_inst/g1[8].ro/w7_inferred_i_1.
Related violations: <none>

LUTLP-1#64 Critical Warning
Combinatorial Loop Alert  
7 LUT cells form a combinatorial loop. This can create a race condition. Timing analysis may not be accurate. The preferred resolution is to modify the design to remove combinatorial logic loops. If the loop is known and understood, this DRC can be bypassed by acknowledging the condition and setting the following XDC constraint on any one of the nets in the loop: 'set_property ALLOW_COMBINATORIAL_LOOPS TRUE [get_nets <myHier/myNet>]'. One net in the loop is puf_bd_i/puf_top_0/inst/array/cells[1].cell_inst/g1[9].ro/w1. Please evaluate your design. The cells in the loop are: puf_bd_i/puf_top_0/inst/array/cells[1].cell_inst/g1[9].ro/w1_inferred_i_1,
puf_bd_i/puf_top_0/inst/array/cells[1].cell_inst/g1[9].ro/w2_inferred_i_1,
puf_bd_i/puf_top_0/inst/array/cells[1].cell_inst/g1[9].ro/w3_inferred_i_1,
puf_bd_i/puf_top_0/inst/array/cells[1].cell_inst/g1[9].ro/w4_inferred_i_1,
puf_bd_i/puf_top_0/inst/array/cells[1].cell_inst/g1[9].ro/w5_inferred_i_1,
puf_bd_i/puf_top_0/inst/array/cells[1].cell_inst/g1[9].ro/w6_inferred_i_1
puf_bd_i/puf_top_0/inst/array/cells[1].cell_inst/g1[9].ro/w7_inferred_i_1.
Related violations: <none>

LUTLP-1#65 Critical Warning
Combinatorial Loop Alert  
7 LUT cells form a combinatorial loop. This can create a race condition. Timing analysis may not be accurate. The preferred resolution is to modify the design to remove combinatorial logic loops. If the loop is known and understood, this DRC can be bypassed by acknowledging the condition and setting the following XDC constraint on any one of the nets in the loop: 'set_property ALLOW_COMBINATORIAL_LOOPS TRUE [get_nets <myHier/myNet>]'. One net in the loop is puf_bd_i/puf_top_0/inst/array/cells[2].cell_inst/g0[0].ro/w1. Please evaluate your design. The cells in the loop are: puf_bd_i/puf_top_0/inst/array/cells[2].cell_inst/g0[0].ro/w1_inferred_i_1,
puf_bd_i/puf_top_0/inst/array/cells[2].cell_inst/g0[0].ro/w2_inferred_i_1,
puf_bd_i/puf_top_0/inst/array/cells[2].cell_inst/g0[0].ro/w3_inferred_i_1,
puf_bd_i/puf_top_0/inst/array/cells[2].cell_inst/g0[0].ro/w4_inferred_i_1,
puf_bd_i/puf_top_0/inst/array/cells[2].cell_inst/g0[0].ro/w5_inferred_i_1,
puf_bd_i/puf_top_0/inst/array/cells[2].cell_inst/g0[0].ro/w6_inferred_i_1
puf_bd_i/puf_top_0/inst/array/cells[2].cell_inst/g0[0].ro/w7_inferred_i_1.
Related violations: <none>

LUTLP-1#66 Critical Warning
Combinatorial Loop Alert  
7 LUT cells form a combinatorial loop. This can create a race condition. Timing analysis may not be accurate. The preferred resolution is to modify the design to remove combinatorial logic loops. If the loop is known and understood, this DRC can be bypassed by acknowledging the condition and setting the following XDC constraint on any one of the nets in the loop: 'set_property ALLOW_COMBINATORIAL_LOOPS TRUE [get_nets <myHier/myNet>]'. One net in the loop is puf_bd_i/puf_top_0/inst/array/cells[2].cell_inst/g0[10].ro/w1. Please evaluate your design. The cells in the loop are: puf_bd_i/puf_top_0/inst/array/cells[2].cell_inst/g0[10].ro/w1_inferred_i_1,
puf_bd_i/puf_top_0/inst/array/cells[2].cell_inst/g0[10].ro/w2_inferred_i_1,
puf_bd_i/puf_top_0/inst/array/cells[2].cell_inst/g0[10].ro/w3_inferred_i_1,
puf_bd_i/puf_top_0/inst/array/cells[2].cell_inst/g0[10].ro/w4_inferred_i_1,
puf_bd_i/puf_top_0/inst/array/cells[2].cell_inst/g0[10].ro/w5_inferred_i_1,
puf_bd_i/puf_top_0/inst/array/cells[2].cell_inst/g0[10].ro/w6_inferred_i_1
puf_bd_i/puf_top_0/inst/array/cells[2].cell_inst/g0[10].ro/w7_inferred_i_1.
Related violations: <none>

LUTLP-1#67 Critical Warning
Combinatorial Loop Alert  
7 LUT cells form a combinatorial loop. This can create a race condition. Timing analysis may not be accurate. The preferred resolution is to modify the design to remove combinatorial logic loops. If the loop is known and understood, this DRC can be bypassed by acknowledging the condition and setting the following XDC constraint on any one of the nets in the loop: 'set_property ALLOW_COMBINATORIAL_LOOPS TRUE [get_nets <myHier/myNet>]'. One net in the loop is puf_bd_i/puf_top_0/inst/array/cells[2].cell_inst/g0[11].ro/w1. Please evaluate your design. The cells in the loop are: puf_bd_i/puf_top_0/inst/array/cells[2].cell_inst/g0[11].ro/w1_inferred_i_1,
puf_bd_i/puf_top_0/inst/array/cells[2].cell_inst/g0[11].ro/w2_inferred_i_1,
puf_bd_i/puf_top_0/inst/array/cells[2].cell_inst/g0[11].ro/w3_inferred_i_1,
puf_bd_i/puf_top_0/inst/array/cells[2].cell_inst/g0[11].ro/w4_inferred_i_1,
puf_bd_i/puf_top_0/inst/array/cells[2].cell_inst/g0[11].ro/w5_inferred_i_1,
puf_bd_i/puf_top_0/inst/array/cells[2].cell_inst/g0[11].ro/w6_inferred_i_1
puf_bd_i/puf_top_0/inst/array/cells[2].cell_inst/g0[11].ro/w7_inferred_i_1.
Related violations: <none>

LUTLP-1#68 Critical Warning
Combinatorial Loop Alert  
7 LUT cells form a combinatorial loop. This can create a race condition. Timing analysis may not be accurate. The preferred resolution is to modify the design to remove combinatorial logic loops. If the loop is known and understood, this DRC can be bypassed by acknowledging the condition and setting the following XDC constraint on any one of the nets in the loop: 'set_property ALLOW_COMBINATORIAL_LOOPS TRUE [get_nets <myHier/myNet>]'. One net in the loop is puf_bd_i/puf_top_0/inst/array/cells[2].cell_inst/g0[12].ro/w1. Please evaluate your design. The cells in the loop are: puf_bd_i/puf_top_0/inst/array/cells[2].cell_inst/g0[12].ro/w1_inferred_i_1,
puf_bd_i/puf_top_0/inst/array/cells[2].cell_inst/g0[12].ro/w2_inferred_i_1,
puf_bd_i/puf_top_0/inst/array/cells[2].cell_inst/g0[12].ro/w3_inferred_i_1,
puf_bd_i/puf_top_0/inst/array/cells[2].cell_inst/g0[12].ro/w4_inferred_i_1,
puf_bd_i/puf_top_0/inst/array/cells[2].cell_inst/g0[12].ro/w5_inferred_i_1,
puf_bd_i/puf_top_0/inst/array/cells[2].cell_inst/g0[12].ro/w6_inferred_i_1
puf_bd_i/puf_top_0/inst/array/cells[2].cell_inst/g0[12].ro/w7_inferred_i_1.
Related violations: <none>

LUTLP-1#69 Critical Warning
Combinatorial Loop Alert  
7 LUT cells form a combinatorial loop. This can create a race condition. Timing analysis may not be accurate. The preferred resolution is to modify the design to remove combinatorial logic loops. If the loop is known and understood, this DRC can be bypassed by acknowledging the condition and setting the following XDC constraint on any one of the nets in the loop: 'set_property ALLOW_COMBINATORIAL_LOOPS TRUE [get_nets <myHier/myNet>]'. One net in the loop is puf_bd_i/puf_top_0/inst/array/cells[2].cell_inst/g0[13].ro/w1. Please evaluate your design. The cells in the loop are: puf_bd_i/puf_top_0/inst/array/cells[2].cell_inst/g0[13].ro/w1_inferred_i_1,
puf_bd_i/puf_top_0/inst/array/cells[2].cell_inst/g0[13].ro/w2_inferred_i_1,
puf_bd_i/puf_top_0/inst/array/cells[2].cell_inst/g0[13].ro/w3_inferred_i_1,
puf_bd_i/puf_top_0/inst/array/cells[2].cell_inst/g0[13].ro/w4_inferred_i_1,
puf_bd_i/puf_top_0/inst/array/cells[2].cell_inst/g0[13].ro/w5_inferred_i_1,
puf_bd_i/puf_top_0/inst/array/cells[2].cell_inst/g0[13].ro/w6_inferred_i_1
puf_bd_i/puf_top_0/inst/array/cells[2].cell_inst/g0[13].ro/w7_inferred_i_1.
Related violations: <none>

LUTLP-1#70 Critical Warning
Combinatorial Loop Alert  
7 LUT cells form a combinatorial loop. This can create a race condition. Timing analysis may not be accurate. The preferred resolution is to modify the design to remove combinatorial logic loops. If the loop is known and understood, this DRC can be bypassed by acknowledging the condition and setting the following XDC constraint on any one of the nets in the loop: 'set_property ALLOW_COMBINATORIAL_LOOPS TRUE [get_nets <myHier/myNet>]'. One net in the loop is puf_bd_i/puf_top_0/inst/array/cells[2].cell_inst/g0[14].ro/w1. Please evaluate your design. The cells in the loop are: puf_bd_i/puf_top_0/inst/array/cells[2].cell_inst/g0[14].ro/w1_inferred_i_1,
puf_bd_i/puf_top_0/inst/array/cells[2].cell_inst/g0[14].ro/w2_inferred_i_1,
puf_bd_i/puf_top_0/inst/array/cells[2].cell_inst/g0[14].ro/w3_inferred_i_1,
puf_bd_i/puf_top_0/inst/array/cells[2].cell_inst/g0[14].ro/w4_inferred_i_1,
puf_bd_i/puf_top_0/inst/array/cells[2].cell_inst/g0[14].ro/w5_inferred_i_1,
puf_bd_i/puf_top_0/inst/array/cells[2].cell_inst/g0[14].ro/w6_inferred_i_1
puf_bd_i/puf_top_0/inst/array/cells[2].cell_inst/g0[14].ro/w7_inferred_i_1.
Related violations: <none>

LUTLP-1#71 Critical Warning
Combinatorial Loop Alert  
7 LUT cells form a combinatorial loop. This can create a race condition. Timing analysis may not be accurate. The preferred resolution is to modify the design to remove combinatorial logic loops. If the loop is known and understood, this DRC can be bypassed by acknowledging the condition and setting the following XDC constraint on any one of the nets in the loop: 'set_property ALLOW_COMBINATORIAL_LOOPS TRUE [get_nets <myHier/myNet>]'. One net in the loop is puf_bd_i/puf_top_0/inst/array/cells[2].cell_inst/g0[15].ro/w1. Please evaluate your design. The cells in the loop are: puf_bd_i/puf_top_0/inst/array/cells[2].cell_inst/g0[15].ro/w1_inferred_i_1,
puf_bd_i/puf_top_0/inst/array/cells[2].cell_inst/g0[15].ro/w2_inferred_i_1,
puf_bd_i/puf_top_0/inst/array/cells[2].cell_inst/g0[15].ro/w3_inferred_i_1,
puf_bd_i/puf_top_0/inst/array/cells[2].cell_inst/g0[15].ro/w4_inferred_i_1,
puf_bd_i/puf_top_0/inst/array/cells[2].cell_inst/g0[15].ro/w5_inferred_i_1,
puf_bd_i/puf_top_0/inst/array/cells[2].cell_inst/g0[15].ro/w6_inferred_i_1
puf_bd_i/puf_top_0/inst/array/cells[2].cell_inst/g0[15].ro/w7_inferred_i_1.
Related violations: <none>

LUTLP-1#72 Critical Warning
Combinatorial Loop Alert  
7 LUT cells form a combinatorial loop. This can create a race condition. Timing analysis may not be accurate. The preferred resolution is to modify the design to remove combinatorial logic loops. If the loop is known and understood, this DRC can be bypassed by acknowledging the condition and setting the following XDC constraint on any one of the nets in the loop: 'set_property ALLOW_COMBINATORIAL_LOOPS TRUE [get_nets <myHier/myNet>]'. One net in the loop is puf_bd_i/puf_top_0/inst/array/cells[2].cell_inst/g0[1].ro/w1. Please evaluate your design. The cells in the loop are: puf_bd_i/puf_top_0/inst/array/cells[2].cell_inst/g0[1].ro/w1_inferred_i_1,
puf_bd_i/puf_top_0/inst/array/cells[2].cell_inst/g0[1].ro/w2_inferred_i_1,
puf_bd_i/puf_top_0/inst/array/cells[2].cell_inst/g0[1].ro/w3_inferred_i_1,
puf_bd_i/puf_top_0/inst/array/cells[2].cell_inst/g0[1].ro/w4_inferred_i_1,
puf_bd_i/puf_top_0/inst/array/cells[2].cell_inst/g0[1].ro/w5_inferred_i_1,
puf_bd_i/puf_top_0/inst/array/cells[2].cell_inst/g0[1].ro/w6_inferred_i_1
puf_bd_i/puf_top_0/inst/array/cells[2].cell_inst/g0[1].ro/w7_inferred_i_1.
Related violations: <none>

LUTLP-1#73 Critical Warning
Combinatorial Loop Alert  
7 LUT cells form a combinatorial loop. This can create a race condition. Timing analysis may not be accurate. The preferred resolution is to modify the design to remove combinatorial logic loops. If the loop is known and understood, this DRC can be bypassed by acknowledging the condition and setting the following XDC constraint on any one of the nets in the loop: 'set_property ALLOW_COMBINATORIAL_LOOPS TRUE [get_nets <myHier/myNet>]'. One net in the loop is puf_bd_i/puf_top_0/inst/array/cells[2].cell_inst/g0[2].ro/w1. Please evaluate your design. The cells in the loop are: puf_bd_i/puf_top_0/inst/array/cells[2].cell_inst/g0[2].ro/w1_inferred_i_1,
puf_bd_i/puf_top_0/inst/array/cells[2].cell_inst/g0[2].ro/w2_inferred_i_1,
puf_bd_i/puf_top_0/inst/array/cells[2].cell_inst/g0[2].ro/w3_inferred_i_1,
puf_bd_i/puf_top_0/inst/array/cells[2].cell_inst/g0[2].ro/w4_inferred_i_1,
puf_bd_i/puf_top_0/inst/array/cells[2].cell_inst/g0[2].ro/w5_inferred_i_1,
puf_bd_i/puf_top_0/inst/array/cells[2].cell_inst/g0[2].ro/w6_inferred_i_1
puf_bd_i/puf_top_0/inst/array/cells[2].cell_inst/g0[2].ro/w7_inferred_i_1.
Related violations: <none>

LUTLP-1#74 Critical Warning
Combinatorial Loop Alert  
7 LUT cells form a combinatorial loop. This can create a race condition. Timing analysis may not be accurate. The preferred resolution is to modify the design to remove combinatorial logic loops. If the loop is known and understood, this DRC can be bypassed by acknowledging the condition and setting the following XDC constraint on any one of the nets in the loop: 'set_property ALLOW_COMBINATORIAL_LOOPS TRUE [get_nets <myHier/myNet>]'. One net in the loop is puf_bd_i/puf_top_0/inst/array/cells[2].cell_inst/g0[3].ro/w1. Please evaluate your design. The cells in the loop are: puf_bd_i/puf_top_0/inst/array/cells[2].cell_inst/g0[3].ro/w1_inferred_i_1,
puf_bd_i/puf_top_0/inst/array/cells[2].cell_inst/g0[3].ro/w2_inferred_i_1,
puf_bd_i/puf_top_0/inst/array/cells[2].cell_inst/g0[3].ro/w3_inferred_i_1,
puf_bd_i/puf_top_0/inst/array/cells[2].cell_inst/g0[3].ro/w4_inferred_i_1,
puf_bd_i/puf_top_0/inst/array/cells[2].cell_inst/g0[3].ro/w5_inferred_i_1,
puf_bd_i/puf_top_0/inst/array/cells[2].cell_inst/g0[3].ro/w6_inferred_i_1
puf_bd_i/puf_top_0/inst/array/cells[2].cell_inst/g0[3].ro/w7_inferred_i_1.
Related violations: <none>

LUTLP-1#75 Critical Warning
Combinatorial Loop Alert  
7 LUT cells form a combinatorial loop. This can create a race condition. Timing analysis may not be accurate. The preferred resolution is to modify the design to remove combinatorial logic loops. If the loop is known and understood, this DRC can be bypassed by acknowledging the condition and setting the following XDC constraint on any one of the nets in the loop: 'set_property ALLOW_COMBINATORIAL_LOOPS TRUE [get_nets <myHier/myNet>]'. One net in the loop is puf_bd_i/puf_top_0/inst/array/cells[2].cell_inst/g0[4].ro/w1. Please evaluate your design. The cells in the loop are: puf_bd_i/puf_top_0/inst/array/cells[2].cell_inst/g0[4].ro/w1_inferred_i_1,
puf_bd_i/puf_top_0/inst/array/cells[2].cell_inst/g0[4].ro/w2_inferred_i_1,
puf_bd_i/puf_top_0/inst/array/cells[2].cell_inst/g0[4].ro/w3_inferred_i_1,
puf_bd_i/puf_top_0/inst/array/cells[2].cell_inst/g0[4].ro/w4_inferred_i_1,
puf_bd_i/puf_top_0/inst/array/cells[2].cell_inst/g0[4].ro/w5_inferred_i_1,
puf_bd_i/puf_top_0/inst/array/cells[2].cell_inst/g0[4].ro/w6_inferred_i_1
puf_bd_i/puf_top_0/inst/array/cells[2].cell_inst/g0[4].ro/w7_inferred_i_1.
Related violations: <none>

LUTLP-1#76 Critical Warning
Combinatorial Loop Alert  
7 LUT cells form a combinatorial loop. This can create a race condition. Timing analysis may not be accurate. The preferred resolution is to modify the design to remove combinatorial logic loops. If the loop is known and understood, this DRC can be bypassed by acknowledging the condition and setting the following XDC constraint on any one of the nets in the loop: 'set_property ALLOW_COMBINATORIAL_LOOPS TRUE [get_nets <myHier/myNet>]'. One net in the loop is puf_bd_i/puf_top_0/inst/array/cells[2].cell_inst/g0[5].ro/w1. Please evaluate your design. The cells in the loop are: puf_bd_i/puf_top_0/inst/array/cells[2].cell_inst/g0[5].ro/w1_inferred_i_1,
puf_bd_i/puf_top_0/inst/array/cells[2].cell_inst/g0[5].ro/w2_inferred_i_1,
puf_bd_i/puf_top_0/inst/array/cells[2].cell_inst/g0[5].ro/w3_inferred_i_1,
puf_bd_i/puf_top_0/inst/array/cells[2].cell_inst/g0[5].ro/w4_inferred_i_1,
puf_bd_i/puf_top_0/inst/array/cells[2].cell_inst/g0[5].ro/w5_inferred_i_1,
puf_bd_i/puf_top_0/inst/array/cells[2].cell_inst/g0[5].ro/w6_inferred_i_1
puf_bd_i/puf_top_0/inst/array/cells[2].cell_inst/g0[5].ro/w7_inferred_i_1.
Related violations: <none>

LUTLP-1#77 Critical Warning
Combinatorial Loop Alert  
7 LUT cells form a combinatorial loop. This can create a race condition. Timing analysis may not be accurate. The preferred resolution is to modify the design to remove combinatorial logic loops. If the loop is known and understood, this DRC can be bypassed by acknowledging the condition and setting the following XDC constraint on any one of the nets in the loop: 'set_property ALLOW_COMBINATORIAL_LOOPS TRUE [get_nets <myHier/myNet>]'. One net in the loop is puf_bd_i/puf_top_0/inst/array/cells[2].cell_inst/g0[6].ro/w1. Please evaluate your design. The cells in the loop are: puf_bd_i/puf_top_0/inst/array/cells[2].cell_inst/g0[6].ro/w1_inferred_i_1,
puf_bd_i/puf_top_0/inst/array/cells[2].cell_inst/g0[6].ro/w2_inferred_i_1,
puf_bd_i/puf_top_0/inst/array/cells[2].cell_inst/g0[6].ro/w3_inferred_i_1,
puf_bd_i/puf_top_0/inst/array/cells[2].cell_inst/g0[6].ro/w4_inferred_i_1,
puf_bd_i/puf_top_0/inst/array/cells[2].cell_inst/g0[6].ro/w5_inferred_i_1,
puf_bd_i/puf_top_0/inst/array/cells[2].cell_inst/g0[6].ro/w6_inferred_i_1
puf_bd_i/puf_top_0/inst/array/cells[2].cell_inst/g0[6].ro/w7_inferred_i_1.
Related violations: <none>

LUTLP-1#78 Critical Warning
Combinatorial Loop Alert  
7 LUT cells form a combinatorial loop. This can create a race condition. Timing analysis may not be accurate. The preferred resolution is to modify the design to remove combinatorial logic loops. If the loop is known and understood, this DRC can be bypassed by acknowledging the condition and setting the following XDC constraint on any one of the nets in the loop: 'set_property ALLOW_COMBINATORIAL_LOOPS TRUE [get_nets <myHier/myNet>]'. One net in the loop is puf_bd_i/puf_top_0/inst/array/cells[2].cell_inst/g0[7].ro/w1. Please evaluate your design. The cells in the loop are: puf_bd_i/puf_top_0/inst/array/cells[2].cell_inst/g0[7].ro/w1_inferred_i_1,
puf_bd_i/puf_top_0/inst/array/cells[2].cell_inst/g0[7].ro/w2_inferred_i_1,
puf_bd_i/puf_top_0/inst/array/cells[2].cell_inst/g0[7].ro/w3_inferred_i_1,
puf_bd_i/puf_top_0/inst/array/cells[2].cell_inst/g0[7].ro/w4_inferred_i_1,
puf_bd_i/puf_top_0/inst/array/cells[2].cell_inst/g0[7].ro/w5_inferred_i_1,
puf_bd_i/puf_top_0/inst/array/cells[2].cell_inst/g0[7].ro/w6_inferred_i_1
puf_bd_i/puf_top_0/inst/array/cells[2].cell_inst/g0[7].ro/w7_inferred_i_1.
Related violations: <none>

LUTLP-1#79 Critical Warning
Combinatorial Loop Alert  
7 LUT cells form a combinatorial loop. This can create a race condition. Timing analysis may not be accurate. The preferred resolution is to modify the design to remove combinatorial logic loops. If the loop is known and understood, this DRC can be bypassed by acknowledging the condition and setting the following XDC constraint on any one of the nets in the loop: 'set_property ALLOW_COMBINATORIAL_LOOPS TRUE [get_nets <myHier/myNet>]'. One net in the loop is puf_bd_i/puf_top_0/inst/array/cells[2].cell_inst/g0[8].ro/w1. Please evaluate your design. The cells in the loop are: puf_bd_i/puf_top_0/inst/array/cells[2].cell_inst/g0[8].ro/w1_inferred_i_1,
puf_bd_i/puf_top_0/inst/array/cells[2].cell_inst/g0[8].ro/w2_inferred_i_1,
puf_bd_i/puf_top_0/inst/array/cells[2].cell_inst/g0[8].ro/w3_inferred_i_1,
puf_bd_i/puf_top_0/inst/array/cells[2].cell_inst/g0[8].ro/w4_inferred_i_1,
puf_bd_i/puf_top_0/inst/array/cells[2].cell_inst/g0[8].ro/w5_inferred_i_1,
puf_bd_i/puf_top_0/inst/array/cells[2].cell_inst/g0[8].ro/w6_inferred_i_1
puf_bd_i/puf_top_0/inst/array/cells[2].cell_inst/g0[8].ro/w7_inferred_i_1.
Related violations: <none>

LUTLP-1#80 Critical Warning
Combinatorial Loop Alert  
7 LUT cells form a combinatorial loop. This can create a race condition. Timing analysis may not be accurate. The preferred resolution is to modify the design to remove combinatorial logic loops. If the loop is known and understood, this DRC can be bypassed by acknowledging the condition and setting the following XDC constraint on any one of the nets in the loop: 'set_property ALLOW_COMBINATORIAL_LOOPS TRUE [get_nets <myHier/myNet>]'. One net in the loop is puf_bd_i/puf_top_0/inst/array/cells[2].cell_inst/g0[9].ro/w1. Please evaluate your design. The cells in the loop are: puf_bd_i/puf_top_0/inst/array/cells[2].cell_inst/g0[9].ro/w1_inferred_i_1,
puf_bd_i/puf_top_0/inst/array/cells[2].cell_inst/g0[9].ro/w2_inferred_i_1,
puf_bd_i/puf_top_0/inst/array/cells[2].cell_inst/g0[9].ro/w3_inferred_i_1,
puf_bd_i/puf_top_0/inst/array/cells[2].cell_inst/g0[9].ro/w4_inferred_i_1,
puf_bd_i/puf_top_0/inst/array/cells[2].cell_inst/g0[9].ro/w5_inferred_i_1,
puf_bd_i/puf_top_0/inst/array/cells[2].cell_inst/g0[9].ro/w6_inferred_i_1
puf_bd_i/puf_top_0/inst/array/cells[2].cell_inst/g0[9].ro/w7_inferred_i_1.
Related violations: <none>

LUTLP-1#81 Critical Warning
Combinatorial Loop Alert  
7 LUT cells form a combinatorial loop. This can create a race condition. Timing analysis may not be accurate. The preferred resolution is to modify the design to remove combinatorial logic loops. If the loop is known and understood, this DRC can be bypassed by acknowledging the condition and setting the following XDC constraint on any one of the nets in the loop: 'set_property ALLOW_COMBINATORIAL_LOOPS TRUE [get_nets <myHier/myNet>]'. One net in the loop is puf_bd_i/puf_top_0/inst/array/cells[2].cell_inst/g1[0].ro/w1. Please evaluate your design. The cells in the loop are: puf_bd_i/puf_top_0/inst/array/cells[2].cell_inst/g1[0].ro/w1_inferred_i_1,
puf_bd_i/puf_top_0/inst/array/cells[2].cell_inst/g1[0].ro/w2_inferred_i_1,
puf_bd_i/puf_top_0/inst/array/cells[2].cell_inst/g1[0].ro/w3_inferred_i_1,
puf_bd_i/puf_top_0/inst/array/cells[2].cell_inst/g1[0].ro/w4_inferred_i_1,
puf_bd_i/puf_top_0/inst/array/cells[2].cell_inst/g1[0].ro/w5_inferred_i_1,
puf_bd_i/puf_top_0/inst/array/cells[2].cell_inst/g1[0].ro/w6_inferred_i_1
puf_bd_i/puf_top_0/inst/array/cells[2].cell_inst/g1[0].ro/w7_inferred_i_1.
Related violations: <none>

LUTLP-1#82 Critical Warning
Combinatorial Loop Alert  
7 LUT cells form a combinatorial loop. This can create a race condition. Timing analysis may not be accurate. The preferred resolution is to modify the design to remove combinatorial logic loops. If the loop is known and understood, this DRC can be bypassed by acknowledging the condition and setting the following XDC constraint on any one of the nets in the loop: 'set_property ALLOW_COMBINATORIAL_LOOPS TRUE [get_nets <myHier/myNet>]'. One net in the loop is puf_bd_i/puf_top_0/inst/array/cells[2].cell_inst/g1[10].ro/w1. Please evaluate your design. The cells in the loop are: puf_bd_i/puf_top_0/inst/array/cells[2].cell_inst/g1[10].ro/w1_inferred_i_1,
puf_bd_i/puf_top_0/inst/array/cells[2].cell_inst/g1[10].ro/w2_inferred_i_1,
puf_bd_i/puf_top_0/inst/array/cells[2].cell_inst/g1[10].ro/w3_inferred_i_1,
puf_bd_i/puf_top_0/inst/array/cells[2].cell_inst/g1[10].ro/w4_inferred_i_1,
puf_bd_i/puf_top_0/inst/array/cells[2].cell_inst/g1[10].ro/w5_inferred_i_1,
puf_bd_i/puf_top_0/inst/array/cells[2].cell_inst/g1[10].ro/w6_inferred_i_1
puf_bd_i/puf_top_0/inst/array/cells[2].cell_inst/g1[10].ro/w7_inferred_i_1.
Related violations: <none>

LUTLP-1#83 Critical Warning
Combinatorial Loop Alert  
7 LUT cells form a combinatorial loop. This can create a race condition. Timing analysis may not be accurate. The preferred resolution is to modify the design to remove combinatorial logic loops. If the loop is known and understood, this DRC can be bypassed by acknowledging the condition and setting the following XDC constraint on any one of the nets in the loop: 'set_property ALLOW_COMBINATORIAL_LOOPS TRUE [get_nets <myHier/myNet>]'. One net in the loop is puf_bd_i/puf_top_0/inst/array/cells[2].cell_inst/g1[11].ro/w1. Please evaluate your design. The cells in the loop are: puf_bd_i/puf_top_0/inst/array/cells[2].cell_inst/g1[11].ro/w1_inferred_i_1,
puf_bd_i/puf_top_0/inst/array/cells[2].cell_inst/g1[11].ro/w2_inferred_i_1,
puf_bd_i/puf_top_0/inst/array/cells[2].cell_inst/g1[11].ro/w3_inferred_i_1,
puf_bd_i/puf_top_0/inst/array/cells[2].cell_inst/g1[11].ro/w4_inferred_i_1,
puf_bd_i/puf_top_0/inst/array/cells[2].cell_inst/g1[11].ro/w5_inferred_i_1,
puf_bd_i/puf_top_0/inst/array/cells[2].cell_inst/g1[11].ro/w6_inferred_i_1
puf_bd_i/puf_top_0/inst/array/cells[2].cell_inst/g1[11].ro/w7_inferred_i_1.
Related violations: <none>

LUTLP-1#84 Critical Warning
Combinatorial Loop Alert  
7 LUT cells form a combinatorial loop. This can create a race condition. Timing analysis may not be accurate. The preferred resolution is to modify the design to remove combinatorial logic loops. If the loop is known and understood, this DRC can be bypassed by acknowledging the condition and setting the following XDC constraint on any one of the nets in the loop: 'set_property ALLOW_COMBINATORIAL_LOOPS TRUE [get_nets <myHier/myNet>]'. One net in the loop is puf_bd_i/puf_top_0/inst/array/cells[2].cell_inst/g1[12].ro/w1. Please evaluate your design. The cells in the loop are: puf_bd_i/puf_top_0/inst/array/cells[2].cell_inst/g1[12].ro/w1_inferred_i_1,
puf_bd_i/puf_top_0/inst/array/cells[2].cell_inst/g1[12].ro/w2_inferred_i_1,
puf_bd_i/puf_top_0/inst/array/cells[2].cell_inst/g1[12].ro/w3_inferred_i_1,
puf_bd_i/puf_top_0/inst/array/cells[2].cell_inst/g1[12].ro/w4_inferred_i_1,
puf_bd_i/puf_top_0/inst/array/cells[2].cell_inst/g1[12].ro/w5_inferred_i_1,
puf_bd_i/puf_top_0/inst/array/cells[2].cell_inst/g1[12].ro/w6_inferred_i_1
puf_bd_i/puf_top_0/inst/array/cells[2].cell_inst/g1[12].ro/w7_inferred_i_1.
Related violations: <none>

LUTLP-1#85 Critical Warning
Combinatorial Loop Alert  
7 LUT cells form a combinatorial loop. This can create a race condition. Timing analysis may not be accurate. The preferred resolution is to modify the design to remove combinatorial logic loops. If the loop is known and understood, this DRC can be bypassed by acknowledging the condition and setting the following XDC constraint on any one of the nets in the loop: 'set_property ALLOW_COMBINATORIAL_LOOPS TRUE [get_nets <myHier/myNet>]'. One net in the loop is puf_bd_i/puf_top_0/inst/array/cells[2].cell_inst/g1[13].ro/w1. Please evaluate your design. The cells in the loop are: puf_bd_i/puf_top_0/inst/array/cells[2].cell_inst/g1[13].ro/w1_inferred_i_1,
puf_bd_i/puf_top_0/inst/array/cells[2].cell_inst/g1[13].ro/w2_inferred_i_1,
puf_bd_i/puf_top_0/inst/array/cells[2].cell_inst/g1[13].ro/w3_inferred_i_1,
puf_bd_i/puf_top_0/inst/array/cells[2].cell_inst/g1[13].ro/w4_inferred_i_1,
puf_bd_i/puf_top_0/inst/array/cells[2].cell_inst/g1[13].ro/w5_inferred_i_1,
puf_bd_i/puf_top_0/inst/array/cells[2].cell_inst/g1[13].ro/w6_inferred_i_1
puf_bd_i/puf_top_0/inst/array/cells[2].cell_inst/g1[13].ro/w7_inferred_i_1.
Related violations: <none>

LUTLP-1#86 Critical Warning
Combinatorial Loop Alert  
7 LUT cells form a combinatorial loop. This can create a race condition. Timing analysis may not be accurate. The preferred resolution is to modify the design to remove combinatorial logic loops. If the loop is known and understood, this DRC can be bypassed by acknowledging the condition and setting the following XDC constraint on any one of the nets in the loop: 'set_property ALLOW_COMBINATORIAL_LOOPS TRUE [get_nets <myHier/myNet>]'. One net in the loop is puf_bd_i/puf_top_0/inst/array/cells[2].cell_inst/g1[14].ro/w1. Please evaluate your design. The cells in the loop are: puf_bd_i/puf_top_0/inst/array/cells[2].cell_inst/g1[14].ro/w1_inferred_i_1,
puf_bd_i/puf_top_0/inst/array/cells[2].cell_inst/g1[14].ro/w2_inferred_i_1,
puf_bd_i/puf_top_0/inst/array/cells[2].cell_inst/g1[14].ro/w3_inferred_i_1,
puf_bd_i/puf_top_0/inst/array/cells[2].cell_inst/g1[14].ro/w4_inferred_i_1,
puf_bd_i/puf_top_0/inst/array/cells[2].cell_inst/g1[14].ro/w5_inferred_i_1,
puf_bd_i/puf_top_0/inst/array/cells[2].cell_inst/g1[14].ro/w6_inferred_i_1
puf_bd_i/puf_top_0/inst/array/cells[2].cell_inst/g1[14].ro/w7_inferred_i_1.
Related violations: <none>

LUTLP-1#87 Critical Warning
Combinatorial Loop Alert  
7 LUT cells form a combinatorial loop. This can create a race condition. Timing analysis may not be accurate. The preferred resolution is to modify the design to remove combinatorial logic loops. If the loop is known and understood, this DRC can be bypassed by acknowledging the condition and setting the following XDC constraint on any one of the nets in the loop: 'set_property ALLOW_COMBINATORIAL_LOOPS TRUE [get_nets <myHier/myNet>]'. One net in the loop is puf_bd_i/puf_top_0/inst/array/cells[2].cell_inst/g1[15].ro/w1. Please evaluate your design. The cells in the loop are: puf_bd_i/puf_top_0/inst/array/cells[2].cell_inst/g1[15].ro/w1_inferred_i_1,
puf_bd_i/puf_top_0/inst/array/cells[2].cell_inst/g1[15].ro/w2_inferred_i_1,
puf_bd_i/puf_top_0/inst/array/cells[2].cell_inst/g1[15].ro/w3_inferred_i_1,
puf_bd_i/puf_top_0/inst/array/cells[2].cell_inst/g1[15].ro/w4_inferred_i_1,
puf_bd_i/puf_top_0/inst/array/cells[2].cell_inst/g1[15].ro/w5_inferred_i_1,
puf_bd_i/puf_top_0/inst/array/cells[2].cell_inst/g1[15].ro/w6_inferred_i_1
puf_bd_i/puf_top_0/inst/array/cells[2].cell_inst/g1[15].ro/w7_inferred_i_1.
Related violations: <none>

LUTLP-1#88 Critical Warning
Combinatorial Loop Alert  
7 LUT cells form a combinatorial loop. This can create a race condition. Timing analysis may not be accurate. The preferred resolution is to modify the design to remove combinatorial logic loops. If the loop is known and understood, this DRC can be bypassed by acknowledging the condition and setting the following XDC constraint on any one of the nets in the loop: 'set_property ALLOW_COMBINATORIAL_LOOPS TRUE [get_nets <myHier/myNet>]'. One net in the loop is puf_bd_i/puf_top_0/inst/array/cells[2].cell_inst/g1[1].ro/w1. Please evaluate your design. The cells in the loop are: puf_bd_i/puf_top_0/inst/array/cells[2].cell_inst/g1[1].ro/w1_inferred_i_1,
puf_bd_i/puf_top_0/inst/array/cells[2].cell_inst/g1[1].ro/w2_inferred_i_1,
puf_bd_i/puf_top_0/inst/array/cells[2].cell_inst/g1[1].ro/w3_inferred_i_1,
puf_bd_i/puf_top_0/inst/array/cells[2].cell_inst/g1[1].ro/w4_inferred_i_1,
puf_bd_i/puf_top_0/inst/array/cells[2].cell_inst/g1[1].ro/w5_inferred_i_1,
puf_bd_i/puf_top_0/inst/array/cells[2].cell_inst/g1[1].ro/w6_inferred_i_1
puf_bd_i/puf_top_0/inst/array/cells[2].cell_inst/g1[1].ro/w7_inferred_i_1.
Related violations: <none>

LUTLP-1#89 Critical Warning
Combinatorial Loop Alert  
7 LUT cells form a combinatorial loop. This can create a race condition. Timing analysis may not be accurate. The preferred resolution is to modify the design to remove combinatorial logic loops. If the loop is known and understood, this DRC can be bypassed by acknowledging the condition and setting the following XDC constraint on any one of the nets in the loop: 'set_property ALLOW_COMBINATORIAL_LOOPS TRUE [get_nets <myHier/myNet>]'. One net in the loop is puf_bd_i/puf_top_0/inst/array/cells[2].cell_inst/g1[2].ro/w1. Please evaluate your design. The cells in the loop are: puf_bd_i/puf_top_0/inst/array/cells[2].cell_inst/g1[2].ro/w1_inferred_i_1,
puf_bd_i/puf_top_0/inst/array/cells[2].cell_inst/g1[2].ro/w2_inferred_i_1,
puf_bd_i/puf_top_0/inst/array/cells[2].cell_inst/g1[2].ro/w3_inferred_i_1,
puf_bd_i/puf_top_0/inst/array/cells[2].cell_inst/g1[2].ro/w4_inferred_i_1,
puf_bd_i/puf_top_0/inst/array/cells[2].cell_inst/g1[2].ro/w5_inferred_i_1,
puf_bd_i/puf_top_0/inst/array/cells[2].cell_inst/g1[2].ro/w6_inferred_i_1
puf_bd_i/puf_top_0/inst/array/cells[2].cell_inst/g1[2].ro/w7_inferred_i_1.
Related violations: <none>

LUTLP-1#90 Critical Warning
Combinatorial Loop Alert  
7 LUT cells form a combinatorial loop. This can create a race condition. Timing analysis may not be accurate. The preferred resolution is to modify the design to remove combinatorial logic loops. If the loop is known and understood, this DRC can be bypassed by acknowledging the condition and setting the following XDC constraint on any one of the nets in the loop: 'set_property ALLOW_COMBINATORIAL_LOOPS TRUE [get_nets <myHier/myNet>]'. One net in the loop is puf_bd_i/puf_top_0/inst/array/cells[2].cell_inst/g1[3].ro/w1. Please evaluate your design. The cells in the loop are: puf_bd_i/puf_top_0/inst/array/cells[2].cell_inst/g1[3].ro/w1_inferred_i_1,
puf_bd_i/puf_top_0/inst/array/cells[2].cell_inst/g1[3].ro/w2_inferred_i_1,
puf_bd_i/puf_top_0/inst/array/cells[2].cell_inst/g1[3].ro/w3_inferred_i_1,
puf_bd_i/puf_top_0/inst/array/cells[2].cell_inst/g1[3].ro/w4_inferred_i_1,
puf_bd_i/puf_top_0/inst/array/cells[2].cell_inst/g1[3].ro/w5_inferred_i_1,
puf_bd_i/puf_top_0/inst/array/cells[2].cell_inst/g1[3].ro/w6_inferred_i_1
puf_bd_i/puf_top_0/inst/array/cells[2].cell_inst/g1[3].ro/w7_inferred_i_1.
Related violations: <none>

LUTLP-1#91 Critical Warning
Combinatorial Loop Alert  
7 LUT cells form a combinatorial loop. This can create a race condition. Timing analysis may not be accurate. The preferred resolution is to modify the design to remove combinatorial logic loops. If the loop is known and understood, this DRC can be bypassed by acknowledging the condition and setting the following XDC constraint on any one of the nets in the loop: 'set_property ALLOW_COMBINATORIAL_LOOPS TRUE [get_nets <myHier/myNet>]'. One net in the loop is puf_bd_i/puf_top_0/inst/array/cells[2].cell_inst/g1[4].ro/w1. Please evaluate your design. The cells in the loop are: puf_bd_i/puf_top_0/inst/array/cells[2].cell_inst/g1[4].ro/w1_inferred_i_1,
puf_bd_i/puf_top_0/inst/array/cells[2].cell_inst/g1[4].ro/w2_inferred_i_1,
puf_bd_i/puf_top_0/inst/array/cells[2].cell_inst/g1[4].ro/w3_inferred_i_1,
puf_bd_i/puf_top_0/inst/array/cells[2].cell_inst/g1[4].ro/w4_inferred_i_1,
puf_bd_i/puf_top_0/inst/array/cells[2].cell_inst/g1[4].ro/w5_inferred_i_1,
puf_bd_i/puf_top_0/inst/array/cells[2].cell_inst/g1[4].ro/w6_inferred_i_1
puf_bd_i/puf_top_0/inst/array/cells[2].cell_inst/g1[4].ro/w7_inferred_i_1.
Related violations: <none>

LUTLP-1#92 Critical Warning
Combinatorial Loop Alert  
7 LUT cells form a combinatorial loop. This can create a race condition. Timing analysis may not be accurate. The preferred resolution is to modify the design to remove combinatorial logic loops. If the loop is known and understood, this DRC can be bypassed by acknowledging the condition and setting the following XDC constraint on any one of the nets in the loop: 'set_property ALLOW_COMBINATORIAL_LOOPS TRUE [get_nets <myHier/myNet>]'. One net in the loop is puf_bd_i/puf_top_0/inst/array/cells[2].cell_inst/g1[5].ro/w1. Please evaluate your design. The cells in the loop are: puf_bd_i/puf_top_0/inst/array/cells[2].cell_inst/g1[5].ro/w1_inferred_i_1,
puf_bd_i/puf_top_0/inst/array/cells[2].cell_inst/g1[5].ro/w2_inferred_i_1,
puf_bd_i/puf_top_0/inst/array/cells[2].cell_inst/g1[5].ro/w3_inferred_i_1,
puf_bd_i/puf_top_0/inst/array/cells[2].cell_inst/g1[5].ro/w4_inferred_i_1,
puf_bd_i/puf_top_0/inst/array/cells[2].cell_inst/g1[5].ro/w5_inferred_i_1,
puf_bd_i/puf_top_0/inst/array/cells[2].cell_inst/g1[5].ro/w6_inferred_i_1
puf_bd_i/puf_top_0/inst/array/cells[2].cell_inst/g1[5].ro/w7_inferred_i_1.
Related violations: <none>

LUTLP-1#93 Critical Warning
Combinatorial Loop Alert  
7 LUT cells form a combinatorial loop. This can create a race condition. Timing analysis may not be accurate. The preferred resolution is to modify the design to remove combinatorial logic loops. If the loop is known and understood, this DRC can be bypassed by acknowledging the condition and setting the following XDC constraint on any one of the nets in the loop: 'set_property ALLOW_COMBINATORIAL_LOOPS TRUE [get_nets <myHier/myNet>]'. One net in the loop is puf_bd_i/puf_top_0/inst/array/cells[2].cell_inst/g1[6].ro/w1. Please evaluate your design. The cells in the loop are: puf_bd_i/puf_top_0/inst/array/cells[2].cell_inst/g1[6].ro/w1_inferred_i_1,
puf_bd_i/puf_top_0/inst/array/cells[2].cell_inst/g1[6].ro/w2_inferred_i_1,
puf_bd_i/puf_top_0/inst/array/cells[2].cell_inst/g1[6].ro/w3_inferred_i_1,
puf_bd_i/puf_top_0/inst/array/cells[2].cell_inst/g1[6].ro/w4_inferred_i_1,
puf_bd_i/puf_top_0/inst/array/cells[2].cell_inst/g1[6].ro/w5_inferred_i_1,
puf_bd_i/puf_top_0/inst/array/cells[2].cell_inst/g1[6].ro/w6_inferred_i_1
puf_bd_i/puf_top_0/inst/array/cells[2].cell_inst/g1[6].ro/w7_inferred_i_1.
Related violations: <none>

LUTLP-1#94 Critical Warning
Combinatorial Loop Alert  
7 LUT cells form a combinatorial loop. This can create a race condition. Timing analysis may not be accurate. The preferred resolution is to modify the design to remove combinatorial logic loops. If the loop is known and understood, this DRC can be bypassed by acknowledging the condition and setting the following XDC constraint on any one of the nets in the loop: 'set_property ALLOW_COMBINATORIAL_LOOPS TRUE [get_nets <myHier/myNet>]'. One net in the loop is puf_bd_i/puf_top_0/inst/array/cells[2].cell_inst/g1[7].ro/w1. Please evaluate your design. The cells in the loop are: puf_bd_i/puf_top_0/inst/array/cells[2].cell_inst/g1[7].ro/w1_inferred_i_1,
puf_bd_i/puf_top_0/inst/array/cells[2].cell_inst/g1[7].ro/w2_inferred_i_1,
puf_bd_i/puf_top_0/inst/array/cells[2].cell_inst/g1[7].ro/w3_inferred_i_1,
puf_bd_i/puf_top_0/inst/array/cells[2].cell_inst/g1[7].ro/w4_inferred_i_1,
puf_bd_i/puf_top_0/inst/array/cells[2].cell_inst/g1[7].ro/w5_inferred_i_1,
puf_bd_i/puf_top_0/inst/array/cells[2].cell_inst/g1[7].ro/w6_inferred_i_1
puf_bd_i/puf_top_0/inst/array/cells[2].cell_inst/g1[7].ro/w7_inferred_i_1.
Related violations: <none>

LUTLP-1#95 Critical Warning
Combinatorial Loop Alert  
7 LUT cells form a combinatorial loop. This can create a race condition. Timing analysis may not be accurate. The preferred resolution is to modify the design to remove combinatorial logic loops. If the loop is known and understood, this DRC can be bypassed by acknowledging the condition and setting the following XDC constraint on any one of the nets in the loop: 'set_property ALLOW_COMBINATORIAL_LOOPS TRUE [get_nets <myHier/myNet>]'. One net in the loop is puf_bd_i/puf_top_0/inst/array/cells[2].cell_inst/g1[8].ro/w1. Please evaluate your design. The cells in the loop are: puf_bd_i/puf_top_0/inst/array/cells[2].cell_inst/g1[8].ro/w1_inferred_i_1,
puf_bd_i/puf_top_0/inst/array/cells[2].cell_inst/g1[8].ro/w2_inferred_i_1,
puf_bd_i/puf_top_0/inst/array/cells[2].cell_inst/g1[8].ro/w3_inferred_i_1,
puf_bd_i/puf_top_0/inst/array/cells[2].cell_inst/g1[8].ro/w4_inferred_i_1,
puf_bd_i/puf_top_0/inst/array/cells[2].cell_inst/g1[8].ro/w5_inferred_i_1,
puf_bd_i/puf_top_0/inst/array/cells[2].cell_inst/g1[8].ro/w6_inferred_i_1
puf_bd_i/puf_top_0/inst/array/cells[2].cell_inst/g1[8].ro/w7_inferred_i_1.
Related violations: <none>

LUTLP-1#96 Critical Warning
Combinatorial Loop Alert  
7 LUT cells form a combinatorial loop. This can create a race condition. Timing analysis may not be accurate. The preferred resolution is to modify the design to remove combinatorial logic loops. If the loop is known and understood, this DRC can be bypassed by acknowledging the condition and setting the following XDC constraint on any one of the nets in the loop: 'set_property ALLOW_COMBINATORIAL_LOOPS TRUE [get_nets <myHier/myNet>]'. One net in the loop is puf_bd_i/puf_top_0/inst/array/cells[2].cell_inst/g1[9].ro/w1. Please evaluate your design. The cells in the loop are: puf_bd_i/puf_top_0/inst/array/cells[2].cell_inst/g1[9].ro/w1_inferred_i_1,
puf_bd_i/puf_top_0/inst/array/cells[2].cell_inst/g1[9].ro/w2_inferred_i_1,
puf_bd_i/puf_top_0/inst/array/cells[2].cell_inst/g1[9].ro/w3_inferred_i_1,
puf_bd_i/puf_top_0/inst/array/cells[2].cell_inst/g1[9].ro/w4_inferred_i_1,
puf_bd_i/puf_top_0/inst/array/cells[2].cell_inst/g1[9].ro/w5_inferred_i_1,
puf_bd_i/puf_top_0/inst/array/cells[2].cell_inst/g1[9].ro/w6_inferred_i_1
puf_bd_i/puf_top_0/inst/array/cells[2].cell_inst/g1[9].ro/w7_inferred_i_1.
Related violations: <none>

LUTLP-1#97 Critical Warning
Combinatorial Loop Alert  
7 LUT cells form a combinatorial loop. This can create a race condition. Timing analysis may not be accurate. The preferred resolution is to modify the design to remove combinatorial logic loops. If the loop is known and understood, this DRC can be bypassed by acknowledging the condition and setting the following XDC constraint on any one of the nets in the loop: 'set_property ALLOW_COMBINATORIAL_LOOPS TRUE [get_nets <myHier/myNet>]'. One net in the loop is puf_bd_i/puf_top_0/inst/array/cells[3].cell_inst/g0[0].ro/w1. Please evaluate your design. The cells in the loop are: puf_bd_i/puf_top_0/inst/array/cells[3].cell_inst/g0[0].ro/w1_inferred_i_1,
puf_bd_i/puf_top_0/inst/array/cells[3].cell_inst/g0[0].ro/w2_inferred_i_1,
puf_bd_i/puf_top_0/inst/array/cells[3].cell_inst/g0[0].ro/w3_inferred_i_1,
puf_bd_i/puf_top_0/inst/array/cells[3].cell_inst/g0[0].ro/w4_inferred_i_1,
puf_bd_i/puf_top_0/inst/array/cells[3].cell_inst/g0[0].ro/w5_inferred_i_1,
puf_bd_i/puf_top_0/inst/array/cells[3].cell_inst/g0[0].ro/w6_inferred_i_1
puf_bd_i/puf_top_0/inst/array/cells[3].cell_inst/g0[0].ro/w7_inferred_i_1.
Related violations: <none>

LUTLP-1#98 Critical Warning
Combinatorial Loop Alert  
7 LUT cells form a combinatorial loop. This can create a race condition. Timing analysis may not be accurate. The preferred resolution is to modify the design to remove combinatorial logic loops. If the loop is known and understood, this DRC can be bypassed by acknowledging the condition and setting the following XDC constraint on any one of the nets in the loop: 'set_property ALLOW_COMBINATORIAL_LOOPS TRUE [get_nets <myHier/myNet>]'. One net in the loop is puf_bd_i/puf_top_0/inst/array/cells[3].cell_inst/g0[10].ro/w1. Please evaluate your design. The cells in the loop are: puf_bd_i/puf_top_0/inst/array/cells[3].cell_inst/g0[10].ro/w1_inferred_i_1,
puf_bd_i/puf_top_0/inst/array/cells[3].cell_inst/g0[10].ro/w2_inferred_i_1,
puf_bd_i/puf_top_0/inst/array/cells[3].cell_inst/g0[10].ro/w3_inferred_i_1,
puf_bd_i/puf_top_0/inst/array/cells[3].cell_inst/g0[10].ro/w4_inferred_i_1,
puf_bd_i/puf_top_0/inst/array/cells[3].cell_inst/g0[10].ro/w5_inferred_i_1,
puf_bd_i/puf_top_0/inst/array/cells[3].cell_inst/g0[10].ro/w6_inferred_i_1
puf_bd_i/puf_top_0/inst/array/cells[3].cell_inst/g0[10].ro/w7_inferred_i_1.
Related violations: <none>

LUTLP-1#99 Critical Warning
Combinatorial Loop Alert  
7 LUT cells form a combinatorial loop. This can create a race condition. Timing analysis may not be accurate. The preferred resolution is to modify the design to remove combinatorial logic loops. If the loop is known and understood, this DRC can be bypassed by acknowledging the condition and setting the following XDC constraint on any one of the nets in the loop: 'set_property ALLOW_COMBINATORIAL_LOOPS TRUE [get_nets <myHier/myNet>]'. One net in the loop is puf_bd_i/puf_top_0/inst/array/cells[3].cell_inst/g0[11].ro/w1. Please evaluate your design. The cells in the loop are: puf_bd_i/puf_top_0/inst/array/cells[3].cell_inst/g0[11].ro/w1_inferred_i_1,
puf_bd_i/puf_top_0/inst/array/cells[3].cell_inst/g0[11].ro/w2_inferred_i_1,
puf_bd_i/puf_top_0/inst/array/cells[3].cell_inst/g0[11].ro/w3_inferred_i_1,
puf_bd_i/puf_top_0/inst/array/cells[3].cell_inst/g0[11].ro/w4_inferred_i_1,
puf_bd_i/puf_top_0/inst/array/cells[3].cell_inst/g0[11].ro/w5_inferred_i_1,
puf_bd_i/puf_top_0/inst/array/cells[3].cell_inst/g0[11].ro/w6_inferred_i_1
puf_bd_i/puf_top_0/inst/array/cells[3].cell_inst/g0[11].ro/w7_inferred_i_1.
Related violations: <none>

LUTLP-1#100 Critical Warning
Combinatorial Loop Alert  
7 LUT cells form a combinatorial loop. This can create a race condition. Timing analysis may not be accurate. The preferred resolution is to modify the design to remove combinatorial logic loops. If the loop is known and understood, this DRC can be bypassed by acknowledging the condition and setting the following XDC constraint on any one of the nets in the loop: 'set_property ALLOW_COMBINATORIAL_LOOPS TRUE [get_nets <myHier/myNet>]'. One net in the loop is puf_bd_i/puf_top_0/inst/array/cells[3].cell_inst/g0[12].ro/w1. Please evaluate your design. The cells in the loop are: puf_bd_i/puf_top_0/inst/array/cells[3].cell_inst/g0[12].ro/w1_inferred_i_1,
puf_bd_i/puf_top_0/inst/array/cells[3].cell_inst/g0[12].ro/w2_inferred_i_1,
puf_bd_i/puf_top_0/inst/array/cells[3].cell_inst/g0[12].ro/w3_inferred_i_1,
puf_bd_i/puf_top_0/inst/array/cells[3].cell_inst/g0[12].ro/w4_inferred_i_1,
puf_bd_i/puf_top_0/inst/array/cells[3].cell_inst/g0[12].ro/w5_inferred_i_1,
puf_bd_i/puf_top_0/inst/array/cells[3].cell_inst/g0[12].ro/w6_inferred_i_1
puf_bd_i/puf_top_0/inst/array/cells[3].cell_inst/g0[12].ro/w7_inferred_i_1.
Related violations: <none>

LUTLP-1#101 Critical Warning
Combinatorial Loop Alert  
7 LUT cells form a combinatorial loop. This can create a race condition. Timing analysis may not be accurate. The preferred resolution is to modify the design to remove combinatorial logic loops. If the loop is known and understood, this DRC can be bypassed by acknowledging the condition and setting the following XDC constraint on any one of the nets in the loop: 'set_property ALLOW_COMBINATORIAL_LOOPS TRUE [get_nets <myHier/myNet>]'. One net in the loop is puf_bd_i/puf_top_0/inst/array/cells[3].cell_inst/g0[13].ro/w1. Please evaluate your design. The cells in the loop are: puf_bd_i/puf_top_0/inst/array/cells[3].cell_inst/g0[13].ro/w1_inferred_i_1,
puf_bd_i/puf_top_0/inst/array/cells[3].cell_inst/g0[13].ro/w2_inferred_i_1,
puf_bd_i/puf_top_0/inst/array/cells[3].cell_inst/g0[13].ro/w3_inferred_i_1,
puf_bd_i/puf_top_0/inst/array/cells[3].cell_inst/g0[13].ro/w4_inferred_i_1,
puf_bd_i/puf_top_0/inst/array/cells[3].cell_inst/g0[13].ro/w5_inferred_i_1,
puf_bd_i/puf_top_0/inst/array/cells[3].cell_inst/g0[13].ro/w6_inferred_i_1
puf_bd_i/puf_top_0/inst/array/cells[3].cell_inst/g0[13].ro/w7_inferred_i_1.
Related violations: <none>

LUTLP-1#102 Critical Warning
Combinatorial Loop Alert  
7 LUT cells form a combinatorial loop. This can create a race condition. Timing analysis may not be accurate. The preferred resolution is to modify the design to remove combinatorial logic loops. If the loop is known and understood, this DRC can be bypassed by acknowledging the condition and setting the following XDC constraint on any one of the nets in the loop: 'set_property ALLOW_COMBINATORIAL_LOOPS TRUE [get_nets <myHier/myNet>]'. One net in the loop is puf_bd_i/puf_top_0/inst/array/cells[3].cell_inst/g0[14].ro/w1. Please evaluate your design. The cells in the loop are: puf_bd_i/puf_top_0/inst/array/cells[3].cell_inst/g0[14].ro/w1_inferred_i_1,
puf_bd_i/puf_top_0/inst/array/cells[3].cell_inst/g0[14].ro/w2_inferred_i_1,
puf_bd_i/puf_top_0/inst/array/cells[3].cell_inst/g0[14].ro/w3_inferred_i_1,
puf_bd_i/puf_top_0/inst/array/cells[3].cell_inst/g0[14].ro/w4_inferred_i_1,
puf_bd_i/puf_top_0/inst/array/cells[3].cell_inst/g0[14].ro/w5_inferred_i_1,
puf_bd_i/puf_top_0/inst/array/cells[3].cell_inst/g0[14].ro/w6_inferred_i_1
puf_bd_i/puf_top_0/inst/array/cells[3].cell_inst/g0[14].ro/w7_inferred_i_1.
Related violations: <none>

LUTLP-1#103 Critical Warning
Combinatorial Loop Alert  
7 LUT cells form a combinatorial loop. This can create a race condition. Timing analysis may not be accurate. The preferred resolution is to modify the design to remove combinatorial logic loops. If the loop is known and understood, this DRC can be bypassed by acknowledging the condition and setting the following XDC constraint on any one of the nets in the loop: 'set_property ALLOW_COMBINATORIAL_LOOPS TRUE [get_nets <myHier/myNet>]'. One net in the loop is puf_bd_i/puf_top_0/inst/array/cells[3].cell_inst/g0[15].ro/w1. Please evaluate your design. The cells in the loop are: puf_bd_i/puf_top_0/inst/array/cells[3].cell_inst/g0[15].ro/w1_inferred_i_1,
puf_bd_i/puf_top_0/inst/array/cells[3].cell_inst/g0[15].ro/w2_inferred_i_1,
puf_bd_i/puf_top_0/inst/array/cells[3].cell_inst/g0[15].ro/w3_inferred_i_1,
puf_bd_i/puf_top_0/inst/array/cells[3].cell_inst/g0[15].ro/w4_inferred_i_1,
puf_bd_i/puf_top_0/inst/array/cells[3].cell_inst/g0[15].ro/w5_inferred_i_1,
puf_bd_i/puf_top_0/inst/array/cells[3].cell_inst/g0[15].ro/w6_inferred_i_1
puf_bd_i/puf_top_0/inst/array/cells[3].cell_inst/g0[15].ro/w7_inferred_i_1.
Related violations: <none>

LUTLP-1#104 Critical Warning
Combinatorial Loop Alert  
7 LUT cells form a combinatorial loop. This can create a race condition. Timing analysis may not be accurate. The preferred resolution is to modify the design to remove combinatorial logic loops. If the loop is known and understood, this DRC can be bypassed by acknowledging the condition and setting the following XDC constraint on any one of the nets in the loop: 'set_property ALLOW_COMBINATORIAL_LOOPS TRUE [get_nets <myHier/myNet>]'. One net in the loop is puf_bd_i/puf_top_0/inst/array/cells[3].cell_inst/g0[1].ro/w1. Please evaluate your design. The cells in the loop are: puf_bd_i/puf_top_0/inst/array/cells[3].cell_inst/g0[1].ro/w1_inferred_i_1,
puf_bd_i/puf_top_0/inst/array/cells[3].cell_inst/g0[1].ro/w2_inferred_i_1,
puf_bd_i/puf_top_0/inst/array/cells[3].cell_inst/g0[1].ro/w3_inferred_i_1,
puf_bd_i/puf_top_0/inst/array/cells[3].cell_inst/g0[1].ro/w4_inferred_i_1,
puf_bd_i/puf_top_0/inst/array/cells[3].cell_inst/g0[1].ro/w5_inferred_i_1,
puf_bd_i/puf_top_0/inst/array/cells[3].cell_inst/g0[1].ro/w6_inferred_i_1
puf_bd_i/puf_top_0/inst/array/cells[3].cell_inst/g0[1].ro/w7_inferred_i_1.
Related violations: <none>

LUTLP-1#105 Critical Warning
Combinatorial Loop Alert  
7 LUT cells form a combinatorial loop. This can create a race condition. Timing analysis may not be accurate. The preferred resolution is to modify the design to remove combinatorial logic loops. If the loop is known and understood, this DRC can be bypassed by acknowledging the condition and setting the following XDC constraint on any one of the nets in the loop: 'set_property ALLOW_COMBINATORIAL_LOOPS TRUE [get_nets <myHier/myNet>]'. One net in the loop is puf_bd_i/puf_top_0/inst/array/cells[3].cell_inst/g0[2].ro/w1. Please evaluate your design. The cells in the loop are: puf_bd_i/puf_top_0/inst/array/cells[3].cell_inst/g0[2].ro/w1_inferred_i_1,
puf_bd_i/puf_top_0/inst/array/cells[3].cell_inst/g0[2].ro/w2_inferred_i_1,
puf_bd_i/puf_top_0/inst/array/cells[3].cell_inst/g0[2].ro/w3_inferred_i_1,
puf_bd_i/puf_top_0/inst/array/cells[3].cell_inst/g0[2].ro/w4_inferred_i_1,
puf_bd_i/puf_top_0/inst/array/cells[3].cell_inst/g0[2].ro/w5_inferred_i_1,
puf_bd_i/puf_top_0/inst/array/cells[3].cell_inst/g0[2].ro/w6_inferred_i_1
puf_bd_i/puf_top_0/inst/array/cells[3].cell_inst/g0[2].ro/w7_inferred_i_1.
Related violations: <none>

LUTLP-1#106 Critical Warning
Combinatorial Loop Alert  
7 LUT cells form a combinatorial loop. This can create a race condition. Timing analysis may not be accurate. The preferred resolution is to modify the design to remove combinatorial logic loops. If the loop is known and understood, this DRC can be bypassed by acknowledging the condition and setting the following XDC constraint on any one of the nets in the loop: 'set_property ALLOW_COMBINATORIAL_LOOPS TRUE [get_nets <myHier/myNet>]'. One net in the loop is puf_bd_i/puf_top_0/inst/array/cells[3].cell_inst/g0[3].ro/w1. Please evaluate your design. The cells in the loop are: puf_bd_i/puf_top_0/inst/array/cells[3].cell_inst/g0[3].ro/w1_inferred_i_1,
puf_bd_i/puf_top_0/inst/array/cells[3].cell_inst/g0[3].ro/w2_inferred_i_1,
puf_bd_i/puf_top_0/inst/array/cells[3].cell_inst/g0[3].ro/w3_inferred_i_1,
puf_bd_i/puf_top_0/inst/array/cells[3].cell_inst/g0[3].ro/w4_inferred_i_1,
puf_bd_i/puf_top_0/inst/array/cells[3].cell_inst/g0[3].ro/w5_inferred_i_1,
puf_bd_i/puf_top_0/inst/array/cells[3].cell_inst/g0[3].ro/w6_inferred_i_1
puf_bd_i/puf_top_0/inst/array/cells[3].cell_inst/g0[3].ro/w7_inferred_i_1.
Related violations: <none>

LUTLP-1#107 Critical Warning
Combinatorial Loop Alert  
7 LUT cells form a combinatorial loop. This can create a race condition. Timing analysis may not be accurate. The preferred resolution is to modify the design to remove combinatorial logic loops. If the loop is known and understood, this DRC can be bypassed by acknowledging the condition and setting the following XDC constraint on any one of the nets in the loop: 'set_property ALLOW_COMBINATORIAL_LOOPS TRUE [get_nets <myHier/myNet>]'. One net in the loop is puf_bd_i/puf_top_0/inst/array/cells[3].cell_inst/g0[4].ro/w1. Please evaluate your design. The cells in the loop are: puf_bd_i/puf_top_0/inst/array/cells[3].cell_inst/g0[4].ro/w1_inferred_i_1,
puf_bd_i/puf_top_0/inst/array/cells[3].cell_inst/g0[4].ro/w2_inferred_i_1,
puf_bd_i/puf_top_0/inst/array/cells[3].cell_inst/g0[4].ro/w3_inferred_i_1,
puf_bd_i/puf_top_0/inst/array/cells[3].cell_inst/g0[4].ro/w4_inferred_i_1,
puf_bd_i/puf_top_0/inst/array/cells[3].cell_inst/g0[4].ro/w5_inferred_i_1,
puf_bd_i/puf_top_0/inst/array/cells[3].cell_inst/g0[4].ro/w6_inferred_i_1
puf_bd_i/puf_top_0/inst/array/cells[3].cell_inst/g0[4].ro/w7_inferred_i_1.
Related violations: <none>

LUTLP-1#108 Critical Warning
Combinatorial Loop Alert  
7 LUT cells form a combinatorial loop. This can create a race condition. Timing analysis may not be accurate. The preferred resolution is to modify the design to remove combinatorial logic loops. If the loop is known and understood, this DRC can be bypassed by acknowledging the condition and setting the following XDC constraint on any one of the nets in the loop: 'set_property ALLOW_COMBINATORIAL_LOOPS TRUE [get_nets <myHier/myNet>]'. One net in the loop is puf_bd_i/puf_top_0/inst/array/cells[3].cell_inst/g0[5].ro/w1. Please evaluate your design. The cells in the loop are: puf_bd_i/puf_top_0/inst/array/cells[3].cell_inst/g0[5].ro/w1_inferred_i_1,
puf_bd_i/puf_top_0/inst/array/cells[3].cell_inst/g0[5].ro/w2_inferred_i_1,
puf_bd_i/puf_top_0/inst/array/cells[3].cell_inst/g0[5].ro/w3_inferred_i_1,
puf_bd_i/puf_top_0/inst/array/cells[3].cell_inst/g0[5].ro/w4_inferred_i_1,
puf_bd_i/puf_top_0/inst/array/cells[3].cell_inst/g0[5].ro/w5_inferred_i_1,
puf_bd_i/puf_top_0/inst/array/cells[3].cell_inst/g0[5].ro/w6_inferred_i_1
puf_bd_i/puf_top_0/inst/array/cells[3].cell_inst/g0[5].ro/w7_inferred_i_1.
Related violations: <none>

LUTLP-1#109 Critical Warning
Combinatorial Loop Alert  
7 LUT cells form a combinatorial loop. This can create a race condition. Timing analysis may not be accurate. The preferred resolution is to modify the design to remove combinatorial logic loops. If the loop is known and understood, this DRC can be bypassed by acknowledging the condition and setting the following XDC constraint on any one of the nets in the loop: 'set_property ALLOW_COMBINATORIAL_LOOPS TRUE [get_nets <myHier/myNet>]'. One net in the loop is puf_bd_i/puf_top_0/inst/array/cells[3].cell_inst/g0[6].ro/w1. Please evaluate your design. The cells in the loop are: puf_bd_i/puf_top_0/inst/array/cells[3].cell_inst/g0[6].ro/w1_inferred_i_1,
puf_bd_i/puf_top_0/inst/array/cells[3].cell_inst/g0[6].ro/w2_inferred_i_1,
puf_bd_i/puf_top_0/inst/array/cells[3].cell_inst/g0[6].ro/w3_inferred_i_1,
puf_bd_i/puf_top_0/inst/array/cells[3].cell_inst/g0[6].ro/w4_inferred_i_1,
puf_bd_i/puf_top_0/inst/array/cells[3].cell_inst/g0[6].ro/w5_inferred_i_1,
puf_bd_i/puf_top_0/inst/array/cells[3].cell_inst/g0[6].ro/w6_inferred_i_1
puf_bd_i/puf_top_0/inst/array/cells[3].cell_inst/g0[6].ro/w7_inferred_i_1.
Related violations: <none>

LUTLP-1#110 Critical Warning
Combinatorial Loop Alert  
7 LUT cells form a combinatorial loop. This can create a race condition. Timing analysis may not be accurate. The preferred resolution is to modify the design to remove combinatorial logic loops. If the loop is known and understood, this DRC can be bypassed by acknowledging the condition and setting the following XDC constraint on any one of the nets in the loop: 'set_property ALLOW_COMBINATORIAL_LOOPS TRUE [get_nets <myHier/myNet>]'. One net in the loop is puf_bd_i/puf_top_0/inst/array/cells[3].cell_inst/g0[7].ro/w1. Please evaluate your design. The cells in the loop are: puf_bd_i/puf_top_0/inst/array/cells[3].cell_inst/g0[7].ro/w1_inferred_i_1,
puf_bd_i/puf_top_0/inst/array/cells[3].cell_inst/g0[7].ro/w2_inferred_i_1,
puf_bd_i/puf_top_0/inst/array/cells[3].cell_inst/g0[7].ro/w3_inferred_i_1,
puf_bd_i/puf_top_0/inst/array/cells[3].cell_inst/g0[7].ro/w4_inferred_i_1,
puf_bd_i/puf_top_0/inst/array/cells[3].cell_inst/g0[7].ro/w5_inferred_i_1,
puf_bd_i/puf_top_0/inst/array/cells[3].cell_inst/g0[7].ro/w6_inferred_i_1
puf_bd_i/puf_top_0/inst/array/cells[3].cell_inst/g0[7].ro/w7_inferred_i_1.
Related violations: <none>

LUTLP-1#111 Critical Warning
Combinatorial Loop Alert  
7 LUT cells form a combinatorial loop. This can create a race condition. Timing analysis may not be accurate. The preferred resolution is to modify the design to remove combinatorial logic loops. If the loop is known and understood, this DRC can be bypassed by acknowledging the condition and setting the following XDC constraint on any one of the nets in the loop: 'set_property ALLOW_COMBINATORIAL_LOOPS TRUE [get_nets <myHier/myNet>]'. One net in the loop is puf_bd_i/puf_top_0/inst/array/cells[3].cell_inst/g0[8].ro/w1. Please evaluate your design. The cells in the loop are: puf_bd_i/puf_top_0/inst/array/cells[3].cell_inst/g0[8].ro/w1_inferred_i_1,
puf_bd_i/puf_top_0/inst/array/cells[3].cell_inst/g0[8].ro/w2_inferred_i_1,
puf_bd_i/puf_top_0/inst/array/cells[3].cell_inst/g0[8].ro/w3_inferred_i_1,
puf_bd_i/puf_top_0/inst/array/cells[3].cell_inst/g0[8].ro/w4_inferred_i_1,
puf_bd_i/puf_top_0/inst/array/cells[3].cell_inst/g0[8].ro/w5_inferred_i_1,
puf_bd_i/puf_top_0/inst/array/cells[3].cell_inst/g0[8].ro/w6_inferred_i_1
puf_bd_i/puf_top_0/inst/array/cells[3].cell_inst/g0[8].ro/w7_inferred_i_1.
Related violations: <none>

LUTLP-1#112 Critical Warning
Combinatorial Loop Alert  
7 LUT cells form a combinatorial loop. This can create a race condition. Timing analysis may not be accurate. The preferred resolution is to modify the design to remove combinatorial logic loops. If the loop is known and understood, this DRC can be bypassed by acknowledging the condition and setting the following XDC constraint on any one of the nets in the loop: 'set_property ALLOW_COMBINATORIAL_LOOPS TRUE [get_nets <myHier/myNet>]'. One net in the loop is puf_bd_i/puf_top_0/inst/array/cells[3].cell_inst/g0[9].ro/w1. Please evaluate your design. The cells in the loop are: puf_bd_i/puf_top_0/inst/array/cells[3].cell_inst/g0[9].ro/w1_inferred_i_1,
puf_bd_i/puf_top_0/inst/array/cells[3].cell_inst/g0[9].ro/w2_inferred_i_1,
puf_bd_i/puf_top_0/inst/array/cells[3].cell_inst/g0[9].ro/w3_inferred_i_1,
puf_bd_i/puf_top_0/inst/array/cells[3].cell_inst/g0[9].ro/w4_inferred_i_1,
puf_bd_i/puf_top_0/inst/array/cells[3].cell_inst/g0[9].ro/w5_inferred_i_1,
puf_bd_i/puf_top_0/inst/array/cells[3].cell_inst/g0[9].ro/w6_inferred_i_1
puf_bd_i/puf_top_0/inst/array/cells[3].cell_inst/g0[9].ro/w7_inferred_i_1.
Related violations: <none>

LUTLP-1#113 Critical Warning
Combinatorial Loop Alert  
7 LUT cells form a combinatorial loop. This can create a race condition. Timing analysis may not be accurate. The preferred resolution is to modify the design to remove combinatorial logic loops. If the loop is known and understood, this DRC can be bypassed by acknowledging the condition and setting the following XDC constraint on any one of the nets in the loop: 'set_property ALLOW_COMBINATORIAL_LOOPS TRUE [get_nets <myHier/myNet>]'. One net in the loop is puf_bd_i/puf_top_0/inst/array/cells[3].cell_inst/g1[0].ro/w1. Please evaluate your design. The cells in the loop are: puf_bd_i/puf_top_0/inst/array/cells[3].cell_inst/g1[0].ro/w1_inferred_i_1,
puf_bd_i/puf_top_0/inst/array/cells[3].cell_inst/g1[0].ro/w2_inferred_i_1,
puf_bd_i/puf_top_0/inst/array/cells[3].cell_inst/g1[0].ro/w3_inferred_i_1,
puf_bd_i/puf_top_0/inst/array/cells[3].cell_inst/g1[0].ro/w4_inferred_i_1,
puf_bd_i/puf_top_0/inst/array/cells[3].cell_inst/g1[0].ro/w5_inferred_i_1,
puf_bd_i/puf_top_0/inst/array/cells[3].cell_inst/g1[0].ro/w6_inferred_i_1
puf_bd_i/puf_top_0/inst/array/cells[3].cell_inst/g1[0].ro/w7_inferred_i_1.
Related violations: <none>

LUTLP-1#114 Critical Warning
Combinatorial Loop Alert  
7 LUT cells form a combinatorial loop. This can create a race condition. Timing analysis may not be accurate. The preferred resolution is to modify the design to remove combinatorial logic loops. If the loop is known and understood, this DRC can be bypassed by acknowledging the condition and setting the following XDC constraint on any one of the nets in the loop: 'set_property ALLOW_COMBINATORIAL_LOOPS TRUE [get_nets <myHier/myNet>]'. One net in the loop is puf_bd_i/puf_top_0/inst/array/cells[3].cell_inst/g1[10].ro/w1. Please evaluate your design. The cells in the loop are: puf_bd_i/puf_top_0/inst/array/cells[3].cell_inst/g1[10].ro/w1_inferred_i_1,
puf_bd_i/puf_top_0/inst/array/cells[3].cell_inst/g1[10].ro/w2_inferred_i_1,
puf_bd_i/puf_top_0/inst/array/cells[3].cell_inst/g1[10].ro/w3_inferred_i_1,
puf_bd_i/puf_top_0/inst/array/cells[3].cell_inst/g1[10].ro/w4_inferred_i_1,
puf_bd_i/puf_top_0/inst/array/cells[3].cell_inst/g1[10].ro/w5_inferred_i_1,
puf_bd_i/puf_top_0/inst/array/cells[3].cell_inst/g1[10].ro/w6_inferred_i_1
puf_bd_i/puf_top_0/inst/array/cells[3].cell_inst/g1[10].ro/w7_inferred_i_1.
Related violations: <none>

LUTLP-1#115 Critical Warning
Combinatorial Loop Alert  
7 LUT cells form a combinatorial loop. This can create a race condition. Timing analysis may not be accurate. The preferred resolution is to modify the design to remove combinatorial logic loops. If the loop is known and understood, this DRC can be bypassed by acknowledging the condition and setting the following XDC constraint on any one of the nets in the loop: 'set_property ALLOW_COMBINATORIAL_LOOPS TRUE [get_nets <myHier/myNet>]'. One net in the loop is puf_bd_i/puf_top_0/inst/array/cells[3].cell_inst/g1[11].ro/w1. Please evaluate your design. The cells in the loop are: puf_bd_i/puf_top_0/inst/array/cells[3].cell_inst/g1[11].ro/w1_inferred_i_1,
puf_bd_i/puf_top_0/inst/array/cells[3].cell_inst/g1[11].ro/w2_inferred_i_1,
puf_bd_i/puf_top_0/inst/array/cells[3].cell_inst/g1[11].ro/w3_inferred_i_1,
puf_bd_i/puf_top_0/inst/array/cells[3].cell_inst/g1[11].ro/w4_inferred_i_1,
puf_bd_i/puf_top_0/inst/array/cells[3].cell_inst/g1[11].ro/w5_inferred_i_1,
puf_bd_i/puf_top_0/inst/array/cells[3].cell_inst/g1[11].ro/w6_inferred_i_1
puf_bd_i/puf_top_0/inst/array/cells[3].cell_inst/g1[11].ro/w7_inferred_i_1.
Related violations: <none>

LUTLP-1#116 Critical Warning
Combinatorial Loop Alert  
7 LUT cells form a combinatorial loop. This can create a race condition. Timing analysis may not be accurate. The preferred resolution is to modify the design to remove combinatorial logic loops. If the loop is known and understood, this DRC can be bypassed by acknowledging the condition and setting the following XDC constraint on any one of the nets in the loop: 'set_property ALLOW_COMBINATORIAL_LOOPS TRUE [get_nets <myHier/myNet>]'. One net in the loop is puf_bd_i/puf_top_0/inst/array/cells[3].cell_inst/g1[12].ro/w1. Please evaluate your design. The cells in the loop are: puf_bd_i/puf_top_0/inst/array/cells[3].cell_inst/g1[12].ro/w1_inferred_i_1,
puf_bd_i/puf_top_0/inst/array/cells[3].cell_inst/g1[12].ro/w2_inferred_i_1,
puf_bd_i/puf_top_0/inst/array/cells[3].cell_inst/g1[12].ro/w3_inferred_i_1,
puf_bd_i/puf_top_0/inst/array/cells[3].cell_inst/g1[12].ro/w4_inferred_i_1,
puf_bd_i/puf_top_0/inst/array/cells[3].cell_inst/g1[12].ro/w5_inferred_i_1,
puf_bd_i/puf_top_0/inst/array/cells[3].cell_inst/g1[12].ro/w6_inferred_i_1
puf_bd_i/puf_top_0/inst/array/cells[3].cell_inst/g1[12].ro/w7_inferred_i_1.
Related violations: <none>

LUTLP-1#117 Critical Warning
Combinatorial Loop Alert  
7 LUT cells form a combinatorial loop. This can create a race condition. Timing analysis may not be accurate. The preferred resolution is to modify the design to remove combinatorial logic loops. If the loop is known and understood, this DRC can be bypassed by acknowledging the condition and setting the following XDC constraint on any one of the nets in the loop: 'set_property ALLOW_COMBINATORIAL_LOOPS TRUE [get_nets <myHier/myNet>]'. One net in the loop is puf_bd_i/puf_top_0/inst/array/cells[3].cell_inst/g1[13].ro/w1. Please evaluate your design. The cells in the loop are: puf_bd_i/puf_top_0/inst/array/cells[3].cell_inst/g1[13].ro/w1_inferred_i_1,
puf_bd_i/puf_top_0/inst/array/cells[3].cell_inst/g1[13].ro/w2_inferred_i_1,
puf_bd_i/puf_top_0/inst/array/cells[3].cell_inst/g1[13].ro/w3_inferred_i_1,
puf_bd_i/puf_top_0/inst/array/cells[3].cell_inst/g1[13].ro/w4_inferred_i_1,
puf_bd_i/puf_top_0/inst/array/cells[3].cell_inst/g1[13].ro/w5_inferred_i_1,
puf_bd_i/puf_top_0/inst/array/cells[3].cell_inst/g1[13].ro/w6_inferred_i_1
puf_bd_i/puf_top_0/inst/array/cells[3].cell_inst/g1[13].ro/w7_inferred_i_1.
Related violations: <none>

LUTLP-1#118 Critical Warning
Combinatorial Loop Alert  
7 LUT cells form a combinatorial loop. This can create a race condition. Timing analysis may not be accurate. The preferred resolution is to modify the design to remove combinatorial logic loops. If the loop is known and understood, this DRC can be bypassed by acknowledging the condition and setting the following XDC constraint on any one of the nets in the loop: 'set_property ALLOW_COMBINATORIAL_LOOPS TRUE [get_nets <myHier/myNet>]'. One net in the loop is puf_bd_i/puf_top_0/inst/array/cells[3].cell_inst/g1[14].ro/w1. Please evaluate your design. The cells in the loop are: puf_bd_i/puf_top_0/inst/array/cells[3].cell_inst/g1[14].ro/w1_inferred_i_1,
puf_bd_i/puf_top_0/inst/array/cells[3].cell_inst/g1[14].ro/w2_inferred_i_1,
puf_bd_i/puf_top_0/inst/array/cells[3].cell_inst/g1[14].ro/w3_inferred_i_1,
puf_bd_i/puf_top_0/inst/array/cells[3].cell_inst/g1[14].ro/w4_inferred_i_1,
puf_bd_i/puf_top_0/inst/array/cells[3].cell_inst/g1[14].ro/w5_inferred_i_1,
puf_bd_i/puf_top_0/inst/array/cells[3].cell_inst/g1[14].ro/w6_inferred_i_1
puf_bd_i/puf_top_0/inst/array/cells[3].cell_inst/g1[14].ro/w7_inferred_i_1.
Related violations: <none>

LUTLP-1#119 Critical Warning
Combinatorial Loop Alert  
7 LUT cells form a combinatorial loop. This can create a race condition. Timing analysis may not be accurate. The preferred resolution is to modify the design to remove combinatorial logic loops. If the loop is known and understood, this DRC can be bypassed by acknowledging the condition and setting the following XDC constraint on any one of the nets in the loop: 'set_property ALLOW_COMBINATORIAL_LOOPS TRUE [get_nets <myHier/myNet>]'. One net in the loop is puf_bd_i/puf_top_0/inst/array/cells[3].cell_inst/g1[15].ro/w1. Please evaluate your design. The cells in the loop are: puf_bd_i/puf_top_0/inst/array/cells[3].cell_inst/g1[15].ro/w1_inferred_i_1,
puf_bd_i/puf_top_0/inst/array/cells[3].cell_inst/g1[15].ro/w2_inferred_i_1,
puf_bd_i/puf_top_0/inst/array/cells[3].cell_inst/g1[15].ro/w3_inferred_i_1,
puf_bd_i/puf_top_0/inst/array/cells[3].cell_inst/g1[15].ro/w4_inferred_i_1,
puf_bd_i/puf_top_0/inst/array/cells[3].cell_inst/g1[15].ro/w5_inferred_i_1,
puf_bd_i/puf_top_0/inst/array/cells[3].cell_inst/g1[15].ro/w6_inferred_i_1
puf_bd_i/puf_top_0/inst/array/cells[3].cell_inst/g1[15].ro/w7_inferred_i_1.
Related violations: <none>

LUTLP-1#120 Critical Warning
Combinatorial Loop Alert  
7 LUT cells form a combinatorial loop. This can create a race condition. Timing analysis may not be accurate. The preferred resolution is to modify the design to remove combinatorial logic loops. If the loop is known and understood, this DRC can be bypassed by acknowledging the condition and setting the following XDC constraint on any one of the nets in the loop: 'set_property ALLOW_COMBINATORIAL_LOOPS TRUE [get_nets <myHier/myNet>]'. One net in the loop is puf_bd_i/puf_top_0/inst/array/cells[3].cell_inst/g1[1].ro/w1. Please evaluate your design. The cells in the loop are: puf_bd_i/puf_top_0/inst/array/cells[3].cell_inst/g1[1].ro/w1_inferred_i_1,
puf_bd_i/puf_top_0/inst/array/cells[3].cell_inst/g1[1].ro/w2_inferred_i_1,
puf_bd_i/puf_top_0/inst/array/cells[3].cell_inst/g1[1].ro/w3_inferred_i_1,
puf_bd_i/puf_top_0/inst/array/cells[3].cell_inst/g1[1].ro/w4_inferred_i_1,
puf_bd_i/puf_top_0/inst/array/cells[3].cell_inst/g1[1].ro/w5_inferred_i_1,
puf_bd_i/puf_top_0/inst/array/cells[3].cell_inst/g1[1].ro/w6_inferred_i_1
puf_bd_i/puf_top_0/inst/array/cells[3].cell_inst/g1[1].ro/w7_inferred_i_1.
Related violations: <none>

LUTLP-1#121 Critical Warning
Combinatorial Loop Alert  
7 LUT cells form a combinatorial loop. This can create a race condition. Timing analysis may not be accurate. The preferred resolution is to modify the design to remove combinatorial logic loops. If the loop is known and understood, this DRC can be bypassed by acknowledging the condition and setting the following XDC constraint on any one of the nets in the loop: 'set_property ALLOW_COMBINATORIAL_LOOPS TRUE [get_nets <myHier/myNet>]'. One net in the loop is puf_bd_i/puf_top_0/inst/array/cells[3].cell_inst/g1[2].ro/w1. Please evaluate your design. The cells in the loop are: puf_bd_i/puf_top_0/inst/array/cells[3].cell_inst/g1[2].ro/w1_inferred_i_1,
puf_bd_i/puf_top_0/inst/array/cells[3].cell_inst/g1[2].ro/w2_inferred_i_1,
puf_bd_i/puf_top_0/inst/array/cells[3].cell_inst/g1[2].ro/w3_inferred_i_1,
puf_bd_i/puf_top_0/inst/array/cells[3].cell_inst/g1[2].ro/w4_inferred_i_1,
puf_bd_i/puf_top_0/inst/array/cells[3].cell_inst/g1[2].ro/w5_inferred_i_1,
puf_bd_i/puf_top_0/inst/array/cells[3].cell_inst/g1[2].ro/w6_inferred_i_1
puf_bd_i/puf_top_0/inst/array/cells[3].cell_inst/g1[2].ro/w7_inferred_i_1.
Related violations: <none>

LUTLP-1#122 Critical Warning
Combinatorial Loop Alert  
7 LUT cells form a combinatorial loop. This can create a race condition. Timing analysis may not be accurate. The preferred resolution is to modify the design to remove combinatorial logic loops. If the loop is known and understood, this DRC can be bypassed by acknowledging the condition and setting the following XDC constraint on any one of the nets in the loop: 'set_property ALLOW_COMBINATORIAL_LOOPS TRUE [get_nets <myHier/myNet>]'. One net in the loop is puf_bd_i/puf_top_0/inst/array/cells[3].cell_inst/g1[3].ro/w1. Please evaluate your design. The cells in the loop are: puf_bd_i/puf_top_0/inst/array/cells[3].cell_inst/g1[3].ro/w1_inferred_i_1,
puf_bd_i/puf_top_0/inst/array/cells[3].cell_inst/g1[3].ro/w2_inferred_i_1,
puf_bd_i/puf_top_0/inst/array/cells[3].cell_inst/g1[3].ro/w3_inferred_i_1,
puf_bd_i/puf_top_0/inst/array/cells[3].cell_inst/g1[3].ro/w4_inferred_i_1,
puf_bd_i/puf_top_0/inst/array/cells[3].cell_inst/g1[3].ro/w5_inferred_i_1,
puf_bd_i/puf_top_0/inst/array/cells[3].cell_inst/g1[3].ro/w6_inferred_i_1
puf_bd_i/puf_top_0/inst/array/cells[3].cell_inst/g1[3].ro/w7_inferred_i_1.
Related violations: <none>

LUTLP-1#123 Critical Warning
Combinatorial Loop Alert  
7 LUT cells form a combinatorial loop. This can create a race condition. Timing analysis may not be accurate. The preferred resolution is to modify the design to remove combinatorial logic loops. If the loop is known and understood, this DRC can be bypassed by acknowledging the condition and setting the following XDC constraint on any one of the nets in the loop: 'set_property ALLOW_COMBINATORIAL_LOOPS TRUE [get_nets <myHier/myNet>]'. One net in the loop is puf_bd_i/puf_top_0/inst/array/cells[3].cell_inst/g1[4].ro/w1. Please evaluate your design. The cells in the loop are: puf_bd_i/puf_top_0/inst/array/cells[3].cell_inst/g1[4].ro/w1_inferred_i_1,
puf_bd_i/puf_top_0/inst/array/cells[3].cell_inst/g1[4].ro/w2_inferred_i_1,
puf_bd_i/puf_top_0/inst/array/cells[3].cell_inst/g1[4].ro/w3_inferred_i_1,
puf_bd_i/puf_top_0/inst/array/cells[3].cell_inst/g1[4].ro/w4_inferred_i_1,
puf_bd_i/puf_top_0/inst/array/cells[3].cell_inst/g1[4].ro/w5_inferred_i_1,
puf_bd_i/puf_top_0/inst/array/cells[3].cell_inst/g1[4].ro/w6_inferred_i_1
puf_bd_i/puf_top_0/inst/array/cells[3].cell_inst/g1[4].ro/w7_inferred_i_1.
Related violations: <none>

LUTLP-1#124 Critical Warning
Combinatorial Loop Alert  
7 LUT cells form a combinatorial loop. This can create a race condition. Timing analysis may not be accurate. The preferred resolution is to modify the design to remove combinatorial logic loops. If the loop is known and understood, this DRC can be bypassed by acknowledging the condition and setting the following XDC constraint on any one of the nets in the loop: 'set_property ALLOW_COMBINATORIAL_LOOPS TRUE [get_nets <myHier/myNet>]'. One net in the loop is puf_bd_i/puf_top_0/inst/array/cells[3].cell_inst/g1[5].ro/w1. Please evaluate your design. The cells in the loop are: puf_bd_i/puf_top_0/inst/array/cells[3].cell_inst/g1[5].ro/w1_inferred_i_1,
puf_bd_i/puf_top_0/inst/array/cells[3].cell_inst/g1[5].ro/w2_inferred_i_1,
puf_bd_i/puf_top_0/inst/array/cells[3].cell_inst/g1[5].ro/w3_inferred_i_1,
puf_bd_i/puf_top_0/inst/array/cells[3].cell_inst/g1[5].ro/w4_inferred_i_1,
puf_bd_i/puf_top_0/inst/array/cells[3].cell_inst/g1[5].ro/w5_inferred_i_1,
puf_bd_i/puf_top_0/inst/array/cells[3].cell_inst/g1[5].ro/w6_inferred_i_1
puf_bd_i/puf_top_0/inst/array/cells[3].cell_inst/g1[5].ro/w7_inferred_i_1.
Related violations: <none>

LUTLP-1#125 Critical Warning
Combinatorial Loop Alert  
7 LUT cells form a combinatorial loop. This can create a race condition. Timing analysis may not be accurate. The preferred resolution is to modify the design to remove combinatorial logic loops. If the loop is known and understood, this DRC can be bypassed by acknowledging the condition and setting the following XDC constraint on any one of the nets in the loop: 'set_property ALLOW_COMBINATORIAL_LOOPS TRUE [get_nets <myHier/myNet>]'. One net in the loop is puf_bd_i/puf_top_0/inst/array/cells[3].cell_inst/g1[6].ro/w1. Please evaluate your design. The cells in the loop are: puf_bd_i/puf_top_0/inst/array/cells[3].cell_inst/g1[6].ro/w1_inferred_i_1,
puf_bd_i/puf_top_0/inst/array/cells[3].cell_inst/g1[6].ro/w2_inferred_i_1,
puf_bd_i/puf_top_0/inst/array/cells[3].cell_inst/g1[6].ro/w3_inferred_i_1,
puf_bd_i/puf_top_0/inst/array/cells[3].cell_inst/g1[6].ro/w4_inferred_i_1,
puf_bd_i/puf_top_0/inst/array/cells[3].cell_inst/g1[6].ro/w5_inferred_i_1,
puf_bd_i/puf_top_0/inst/array/cells[3].cell_inst/g1[6].ro/w6_inferred_i_1
puf_bd_i/puf_top_0/inst/array/cells[3].cell_inst/g1[6].ro/w7_inferred_i_1.
Related violations: <none>

LUTLP-1#126 Critical Warning
Combinatorial Loop Alert  
7 LUT cells form a combinatorial loop. This can create a race condition. Timing analysis may not be accurate. The preferred resolution is to modify the design to remove combinatorial logic loops. If the loop is known and understood, this DRC can be bypassed by acknowledging the condition and setting the following XDC constraint on any one of the nets in the loop: 'set_property ALLOW_COMBINATORIAL_LOOPS TRUE [get_nets <myHier/myNet>]'. One net in the loop is puf_bd_i/puf_top_0/inst/array/cells[3].cell_inst/g1[7].ro/w1. Please evaluate your design. The cells in the loop are: puf_bd_i/puf_top_0/inst/array/cells[3].cell_inst/g1[7].ro/w1_inferred_i_1,
puf_bd_i/puf_top_0/inst/array/cells[3].cell_inst/g1[7].ro/w2_inferred_i_1,
puf_bd_i/puf_top_0/inst/array/cells[3].cell_inst/g1[7].ro/w3_inferred_i_1,
puf_bd_i/puf_top_0/inst/array/cells[3].cell_inst/g1[7].ro/w4_inferred_i_1,
puf_bd_i/puf_top_0/inst/array/cells[3].cell_inst/g1[7].ro/w5_inferred_i_1,
puf_bd_i/puf_top_0/inst/array/cells[3].cell_inst/g1[7].ro/w6_inferred_i_1
puf_bd_i/puf_top_0/inst/array/cells[3].cell_inst/g1[7].ro/w7_inferred_i_1.
Related violations: <none>

LUTLP-1#127 Critical Warning
Combinatorial Loop Alert  
7 LUT cells form a combinatorial loop. This can create a race condition. Timing analysis may not be accurate. The preferred resolution is to modify the design to remove combinatorial logic loops. If the loop is known and understood, this DRC can be bypassed by acknowledging the condition and setting the following XDC constraint on any one of the nets in the loop: 'set_property ALLOW_COMBINATORIAL_LOOPS TRUE [get_nets <myHier/myNet>]'. One net in the loop is puf_bd_i/puf_top_0/inst/array/cells[3].cell_inst/g1[8].ro/w1. Please evaluate your design. The cells in the loop are: puf_bd_i/puf_top_0/inst/array/cells[3].cell_inst/g1[8].ro/w1_inferred_i_1,
puf_bd_i/puf_top_0/inst/array/cells[3].cell_inst/g1[8].ro/w2_inferred_i_1,
puf_bd_i/puf_top_0/inst/array/cells[3].cell_inst/g1[8].ro/w3_inferred_i_1,
puf_bd_i/puf_top_0/inst/array/cells[3].cell_inst/g1[8].ro/w4_inferred_i_1,
puf_bd_i/puf_top_0/inst/array/cells[3].cell_inst/g1[8].ro/w5_inferred_i_1,
puf_bd_i/puf_top_0/inst/array/cells[3].cell_inst/g1[8].ro/w6_inferred_i_1
puf_bd_i/puf_top_0/inst/array/cells[3].cell_inst/g1[8].ro/w7_inferred_i_1.
Related violations: <none>

LUTLP-1#128 Critical Warning
Combinatorial Loop Alert  
7 LUT cells form a combinatorial loop. This can create a race condition. Timing analysis may not be accurate. The preferred resolution is to modify the design to remove combinatorial logic loops. If the loop is known and understood, this DRC can be bypassed by acknowledging the condition and setting the following XDC constraint on any one of the nets in the loop: 'set_property ALLOW_COMBINATORIAL_LOOPS TRUE [get_nets <myHier/myNet>]'. One net in the loop is puf_bd_i/puf_top_0/inst/array/cells[3].cell_inst/g1[9].ro/w1. Please evaluate your design. The cells in the loop are: puf_bd_i/puf_top_0/inst/array/cells[3].cell_inst/g1[9].ro/w1_inferred_i_1,
puf_bd_i/puf_top_0/inst/array/cells[3].cell_inst/g1[9].ro/w2_inferred_i_1,
puf_bd_i/puf_top_0/inst/array/cells[3].cell_inst/g1[9].ro/w3_inferred_i_1,
puf_bd_i/puf_top_0/inst/array/cells[3].cell_inst/g1[9].ro/w4_inferred_i_1,
puf_bd_i/puf_top_0/inst/array/cells[3].cell_inst/g1[9].ro/w5_inferred_i_1,
puf_bd_i/puf_top_0/inst/array/cells[3].cell_inst/g1[9].ro/w6_inferred_i_1
puf_bd_i/puf_top_0/inst/array/cells[3].cell_inst/g1[9].ro/w7_inferred_i_1.
Related violations: <none>

LUTLP-1#129 Critical Warning
Combinatorial Loop Alert  
7 LUT cells form a combinatorial loop. This can create a race condition. Timing analysis may not be accurate. The preferred resolution is to modify the design to remove combinatorial logic loops. If the loop is known and understood, this DRC can be bypassed by acknowledging the condition and setting the following XDC constraint on any one of the nets in the loop: 'set_property ALLOW_COMBINATORIAL_LOOPS TRUE [get_nets <myHier/myNet>]'. One net in the loop is puf_bd_i/puf_top_0/inst/array/cells[4].cell_inst/g0[0].ro/w1. Please evaluate your design. The cells in the loop are: puf_bd_i/puf_top_0/inst/array/cells[4].cell_inst/g0[0].ro/w1_inferred_i_1,
puf_bd_i/puf_top_0/inst/array/cells[4].cell_inst/g0[0].ro/w2_inferred_i_1,
puf_bd_i/puf_top_0/inst/array/cells[4].cell_inst/g0[0].ro/w3_inferred_i_1,
puf_bd_i/puf_top_0/inst/array/cells[4].cell_inst/g0[0].ro/w4_inferred_i_1,
puf_bd_i/puf_top_0/inst/array/cells[4].cell_inst/g0[0].ro/w5_inferred_i_1,
puf_bd_i/puf_top_0/inst/array/cells[4].cell_inst/g0[0].ro/w6_inferred_i_1
puf_bd_i/puf_top_0/inst/array/cells[4].cell_inst/g0[0].ro/w7_inferred_i_1.
Related violations: <none>

LUTLP-1#130 Critical Warning
Combinatorial Loop Alert  
7 LUT cells form a combinatorial loop. This can create a race condition. Timing analysis may not be accurate. The preferred resolution is to modify the design to remove combinatorial logic loops. If the loop is known and understood, this DRC can be bypassed by acknowledging the condition and setting the following XDC constraint on any one of the nets in the loop: 'set_property ALLOW_COMBINATORIAL_LOOPS TRUE [get_nets <myHier/myNet>]'. One net in the loop is puf_bd_i/puf_top_0/inst/array/cells[4].cell_inst/g0[10].ro/w1. Please evaluate your design. The cells in the loop are: puf_bd_i/puf_top_0/inst/array/cells[4].cell_inst/g0[10].ro/w1_inferred_i_1,
puf_bd_i/puf_top_0/inst/array/cells[4].cell_inst/g0[10].ro/w2_inferred_i_1,
puf_bd_i/puf_top_0/inst/array/cells[4].cell_inst/g0[10].ro/w3_inferred_i_1,
puf_bd_i/puf_top_0/inst/array/cells[4].cell_inst/g0[10].ro/w4_inferred_i_1,
puf_bd_i/puf_top_0/inst/array/cells[4].cell_inst/g0[10].ro/w5_inferred_i_1,
puf_bd_i/puf_top_0/inst/array/cells[4].cell_inst/g0[10].ro/w6_inferred_i_1
puf_bd_i/puf_top_0/inst/array/cells[4].cell_inst/g0[10].ro/w7_inferred_i_1.
Related violations: <none>

LUTLP-1#131 Critical Warning
Combinatorial Loop Alert  
7 LUT cells form a combinatorial loop. This can create a race condition. Timing analysis may not be accurate. The preferred resolution is to modify the design to remove combinatorial logic loops. If the loop is known and understood, this DRC can be bypassed by acknowledging the condition and setting the following XDC constraint on any one of the nets in the loop: 'set_property ALLOW_COMBINATORIAL_LOOPS TRUE [get_nets <myHier/myNet>]'. One net in the loop is puf_bd_i/puf_top_0/inst/array/cells[4].cell_inst/g0[11].ro/w1. Please evaluate your design. The cells in the loop are: puf_bd_i/puf_top_0/inst/array/cells[4].cell_inst/g0[11].ro/w1_inferred_i_1,
puf_bd_i/puf_top_0/inst/array/cells[4].cell_inst/g0[11].ro/w2_inferred_i_1,
puf_bd_i/puf_top_0/inst/array/cells[4].cell_inst/g0[11].ro/w3_inferred_i_1,
puf_bd_i/puf_top_0/inst/array/cells[4].cell_inst/g0[11].ro/w4_inferred_i_1,
puf_bd_i/puf_top_0/inst/array/cells[4].cell_inst/g0[11].ro/w5_inferred_i_1,
puf_bd_i/puf_top_0/inst/array/cells[4].cell_inst/g0[11].ro/w6_inferred_i_1
puf_bd_i/puf_top_0/inst/array/cells[4].cell_inst/g0[11].ro/w7_inferred_i_1.
Related violations: <none>

LUTLP-1#132 Critical Warning
Combinatorial Loop Alert  
7 LUT cells form a combinatorial loop. This can create a race condition. Timing analysis may not be accurate. The preferred resolution is to modify the design to remove combinatorial logic loops. If the loop is known and understood, this DRC can be bypassed by acknowledging the condition and setting the following XDC constraint on any one of the nets in the loop: 'set_property ALLOW_COMBINATORIAL_LOOPS TRUE [get_nets <myHier/myNet>]'. One net in the loop is puf_bd_i/puf_top_0/inst/array/cells[4].cell_inst/g0[12].ro/w1. Please evaluate your design. The cells in the loop are: puf_bd_i/puf_top_0/inst/array/cells[4].cell_inst/g0[12].ro/w1_inferred_i_1,
puf_bd_i/puf_top_0/inst/array/cells[4].cell_inst/g0[12].ro/w2_inferred_i_1,
puf_bd_i/puf_top_0/inst/array/cells[4].cell_inst/g0[12].ro/w3_inferred_i_1,
puf_bd_i/puf_top_0/inst/array/cells[4].cell_inst/g0[12].ro/w4_inferred_i_1,
puf_bd_i/puf_top_0/inst/array/cells[4].cell_inst/g0[12].ro/w5_inferred_i_1,
puf_bd_i/puf_top_0/inst/array/cells[4].cell_inst/g0[12].ro/w6_inferred_i_1
puf_bd_i/puf_top_0/inst/array/cells[4].cell_inst/g0[12].ro/w7_inferred_i_1.
Related violations: <none>

LUTLP-1#133 Critical Warning
Combinatorial Loop Alert  
7 LUT cells form a combinatorial loop. This can create a race condition. Timing analysis may not be accurate. The preferred resolution is to modify the design to remove combinatorial logic loops. If the loop is known and understood, this DRC can be bypassed by acknowledging the condition and setting the following XDC constraint on any one of the nets in the loop: 'set_property ALLOW_COMBINATORIAL_LOOPS TRUE [get_nets <myHier/myNet>]'. One net in the loop is puf_bd_i/puf_top_0/inst/array/cells[4].cell_inst/g0[13].ro/w1. Please evaluate your design. The cells in the loop are: puf_bd_i/puf_top_0/inst/array/cells[4].cell_inst/g0[13].ro/w1_inferred_i_1,
puf_bd_i/puf_top_0/inst/array/cells[4].cell_inst/g0[13].ro/w2_inferred_i_1,
puf_bd_i/puf_top_0/inst/array/cells[4].cell_inst/g0[13].ro/w3_inferred_i_1,
puf_bd_i/puf_top_0/inst/array/cells[4].cell_inst/g0[13].ro/w4_inferred_i_1,
puf_bd_i/puf_top_0/inst/array/cells[4].cell_inst/g0[13].ro/w5_inferred_i_1,
puf_bd_i/puf_top_0/inst/array/cells[4].cell_inst/g0[13].ro/w6_inferred_i_1
puf_bd_i/puf_top_0/inst/array/cells[4].cell_inst/g0[13].ro/w7_inferred_i_1.
Related violations: <none>

LUTLP-1#134 Critical Warning
Combinatorial Loop Alert  
7 LUT cells form a combinatorial loop. This can create a race condition. Timing analysis may not be accurate. The preferred resolution is to modify the design to remove combinatorial logic loops. If the loop is known and understood, this DRC can be bypassed by acknowledging the condition and setting the following XDC constraint on any one of the nets in the loop: 'set_property ALLOW_COMBINATORIAL_LOOPS TRUE [get_nets <myHier/myNet>]'. One net in the loop is puf_bd_i/puf_top_0/inst/array/cells[4].cell_inst/g0[14].ro/w1. Please evaluate your design. The cells in the loop are: puf_bd_i/puf_top_0/inst/array/cells[4].cell_inst/g0[14].ro/w1_inferred_i_1,
puf_bd_i/puf_top_0/inst/array/cells[4].cell_inst/g0[14].ro/w2_inferred_i_1,
puf_bd_i/puf_top_0/inst/array/cells[4].cell_inst/g0[14].ro/w3_inferred_i_1,
puf_bd_i/puf_top_0/inst/array/cells[4].cell_inst/g0[14].ro/w4_inferred_i_1,
puf_bd_i/puf_top_0/inst/array/cells[4].cell_inst/g0[14].ro/w5_inferred_i_1,
puf_bd_i/puf_top_0/inst/array/cells[4].cell_inst/g0[14].ro/w6_inferred_i_1
puf_bd_i/puf_top_0/inst/array/cells[4].cell_inst/g0[14].ro/w7_inferred_i_1.
Related violations: <none>

LUTLP-1#135 Critical Warning
Combinatorial Loop Alert  
7 LUT cells form a combinatorial loop. This can create a race condition. Timing analysis may not be accurate. The preferred resolution is to modify the design to remove combinatorial logic loops. If the loop is known and understood, this DRC can be bypassed by acknowledging the condition and setting the following XDC constraint on any one of the nets in the loop: 'set_property ALLOW_COMBINATORIAL_LOOPS TRUE [get_nets <myHier/myNet>]'. One net in the loop is puf_bd_i/puf_top_0/inst/array/cells[4].cell_inst/g0[15].ro/w1. Please evaluate your design. The cells in the loop are: puf_bd_i/puf_top_0/inst/array/cells[4].cell_inst/g0[15].ro/w1_inferred_i_1,
puf_bd_i/puf_top_0/inst/array/cells[4].cell_inst/g0[15].ro/w2_inferred_i_1,
puf_bd_i/puf_top_0/inst/array/cells[4].cell_inst/g0[15].ro/w3_inferred_i_1,
puf_bd_i/puf_top_0/inst/array/cells[4].cell_inst/g0[15].ro/w4_inferred_i_1,
puf_bd_i/puf_top_0/inst/array/cells[4].cell_inst/g0[15].ro/w5_inferred_i_1,
puf_bd_i/puf_top_0/inst/array/cells[4].cell_inst/g0[15].ro/w6_inferred_i_1
puf_bd_i/puf_top_0/inst/array/cells[4].cell_inst/g0[15].ro/w7_inferred_i_1.
Related violations: <none>

LUTLP-1#136 Critical Warning
Combinatorial Loop Alert  
7 LUT cells form a combinatorial loop. This can create a race condition. Timing analysis may not be accurate. The preferred resolution is to modify the design to remove combinatorial logic loops. If the loop is known and understood, this DRC can be bypassed by acknowledging the condition and setting the following XDC constraint on any one of the nets in the loop: 'set_property ALLOW_COMBINATORIAL_LOOPS TRUE [get_nets <myHier/myNet>]'. One net in the loop is puf_bd_i/puf_top_0/inst/array/cells[4].cell_inst/g0[1].ro/w1. Please evaluate your design. The cells in the loop are: puf_bd_i/puf_top_0/inst/array/cells[4].cell_inst/g0[1].ro/w1_inferred_i_1,
puf_bd_i/puf_top_0/inst/array/cells[4].cell_inst/g0[1].ro/w2_inferred_i_1,
puf_bd_i/puf_top_0/inst/array/cells[4].cell_inst/g0[1].ro/w3_inferred_i_1,
puf_bd_i/puf_top_0/inst/array/cells[4].cell_inst/g0[1].ro/w4_inferred_i_1,
puf_bd_i/puf_top_0/inst/array/cells[4].cell_inst/g0[1].ro/w5_inferred_i_1,
puf_bd_i/puf_top_0/inst/array/cells[4].cell_inst/g0[1].ro/w6_inferred_i_1
puf_bd_i/puf_top_0/inst/array/cells[4].cell_inst/g0[1].ro/w7_inferred_i_1.
Related violations: <none>

LUTLP-1#137 Critical Warning
Combinatorial Loop Alert  
7 LUT cells form a combinatorial loop. This can create a race condition. Timing analysis may not be accurate. The preferred resolution is to modify the design to remove combinatorial logic loops. If the loop is known and understood, this DRC can be bypassed by acknowledging the condition and setting the following XDC constraint on any one of the nets in the loop: 'set_property ALLOW_COMBINATORIAL_LOOPS TRUE [get_nets <myHier/myNet>]'. One net in the loop is puf_bd_i/puf_top_0/inst/array/cells[4].cell_inst/g0[2].ro/w1. Please evaluate your design. The cells in the loop are: puf_bd_i/puf_top_0/inst/array/cells[4].cell_inst/g0[2].ro/w1_inferred_i_1,
puf_bd_i/puf_top_0/inst/array/cells[4].cell_inst/g0[2].ro/w2_inferred_i_1,
puf_bd_i/puf_top_0/inst/array/cells[4].cell_inst/g0[2].ro/w3_inferred_i_1,
puf_bd_i/puf_top_0/inst/array/cells[4].cell_inst/g0[2].ro/w4_inferred_i_1,
puf_bd_i/puf_top_0/inst/array/cells[4].cell_inst/g0[2].ro/w5_inferred_i_1,
puf_bd_i/puf_top_0/inst/array/cells[4].cell_inst/g0[2].ro/w6_inferred_i_1
puf_bd_i/puf_top_0/inst/array/cells[4].cell_inst/g0[2].ro/w7_inferred_i_1.
Related violations: <none>

LUTLP-1#138 Critical Warning
Combinatorial Loop Alert  
7 LUT cells form a combinatorial loop. This can create a race condition. Timing analysis may not be accurate. The preferred resolution is to modify the design to remove combinatorial logic loops. If the loop is known and understood, this DRC can be bypassed by acknowledging the condition and setting the following XDC constraint on any one of the nets in the loop: 'set_property ALLOW_COMBINATORIAL_LOOPS TRUE [get_nets <myHier/myNet>]'. One net in the loop is puf_bd_i/puf_top_0/inst/array/cells[4].cell_inst/g0[3].ro/w1. Please evaluate your design. The cells in the loop are: puf_bd_i/puf_top_0/inst/array/cells[4].cell_inst/g0[3].ro/w1_inferred_i_1,
puf_bd_i/puf_top_0/inst/array/cells[4].cell_inst/g0[3].ro/w2_inferred_i_1,
puf_bd_i/puf_top_0/inst/array/cells[4].cell_inst/g0[3].ro/w3_inferred_i_1,
puf_bd_i/puf_top_0/inst/array/cells[4].cell_inst/g0[3].ro/w4_inferred_i_1,
puf_bd_i/puf_top_0/inst/array/cells[4].cell_inst/g0[3].ro/w5_inferred_i_1,
puf_bd_i/puf_top_0/inst/array/cells[4].cell_inst/g0[3].ro/w6_inferred_i_1
puf_bd_i/puf_top_0/inst/array/cells[4].cell_inst/g0[3].ro/w7_inferred_i_1.
Related violations: <none>

LUTLP-1#139 Critical Warning
Combinatorial Loop Alert  
7 LUT cells form a combinatorial loop. This can create a race condition. Timing analysis may not be accurate. The preferred resolution is to modify the design to remove combinatorial logic loops. If the loop is known and understood, this DRC can be bypassed by acknowledging the condition and setting the following XDC constraint on any one of the nets in the loop: 'set_property ALLOW_COMBINATORIAL_LOOPS TRUE [get_nets <myHier/myNet>]'. One net in the loop is puf_bd_i/puf_top_0/inst/array/cells[4].cell_inst/g0[4].ro/w1. Please evaluate your design. The cells in the loop are: puf_bd_i/puf_top_0/inst/array/cells[4].cell_inst/g0[4].ro/w1_inferred_i_1,
puf_bd_i/puf_top_0/inst/array/cells[4].cell_inst/g0[4].ro/w2_inferred_i_1,
puf_bd_i/puf_top_0/inst/array/cells[4].cell_inst/g0[4].ro/w3_inferred_i_1,
puf_bd_i/puf_top_0/inst/array/cells[4].cell_inst/g0[4].ro/w4_inferred_i_1,
puf_bd_i/puf_top_0/inst/array/cells[4].cell_inst/g0[4].ro/w5_inferred_i_1,
puf_bd_i/puf_top_0/inst/array/cells[4].cell_inst/g0[4].ro/w6_inferred_i_1
puf_bd_i/puf_top_0/inst/array/cells[4].cell_inst/g0[4].ro/w7_inferred_i_1.
Related violations: <none>

LUTLP-1#140 Critical Warning
Combinatorial Loop Alert  
7 LUT cells form a combinatorial loop. This can create a race condition. Timing analysis may not be accurate. The preferred resolution is to modify the design to remove combinatorial logic loops. If the loop is known and understood, this DRC can be bypassed by acknowledging the condition and setting the following XDC constraint on any one of the nets in the loop: 'set_property ALLOW_COMBINATORIAL_LOOPS TRUE [get_nets <myHier/myNet>]'. One net in the loop is puf_bd_i/puf_top_0/inst/array/cells[4].cell_inst/g0[5].ro/w1. Please evaluate your design. The cells in the loop are: puf_bd_i/puf_top_0/inst/array/cells[4].cell_inst/g0[5].ro/w1_inferred_i_1,
puf_bd_i/puf_top_0/inst/array/cells[4].cell_inst/g0[5].ro/w2_inferred_i_1,
puf_bd_i/puf_top_0/inst/array/cells[4].cell_inst/g0[5].ro/w3_inferred_i_1,
puf_bd_i/puf_top_0/inst/array/cells[4].cell_inst/g0[5].ro/w4_inferred_i_1,
puf_bd_i/puf_top_0/inst/array/cells[4].cell_inst/g0[5].ro/w5_inferred_i_1,
puf_bd_i/puf_top_0/inst/array/cells[4].cell_inst/g0[5].ro/w6_inferred_i_1
puf_bd_i/puf_top_0/inst/array/cells[4].cell_inst/g0[5].ro/w7_inferred_i_1.
Related violations: <none>

LUTLP-1#141 Critical Warning
Combinatorial Loop Alert  
7 LUT cells form a combinatorial loop. This can create a race condition. Timing analysis may not be accurate. The preferred resolution is to modify the design to remove combinatorial logic loops. If the loop is known and understood, this DRC can be bypassed by acknowledging the condition and setting the following XDC constraint on any one of the nets in the loop: 'set_property ALLOW_COMBINATORIAL_LOOPS TRUE [get_nets <myHier/myNet>]'. One net in the loop is puf_bd_i/puf_top_0/inst/array/cells[4].cell_inst/g0[6].ro/w1. Please evaluate your design. The cells in the loop are: puf_bd_i/puf_top_0/inst/array/cells[4].cell_inst/g0[6].ro/w1_inferred_i_1,
puf_bd_i/puf_top_0/inst/array/cells[4].cell_inst/g0[6].ro/w2_inferred_i_1,
puf_bd_i/puf_top_0/inst/array/cells[4].cell_inst/g0[6].ro/w3_inferred_i_1,
puf_bd_i/puf_top_0/inst/array/cells[4].cell_inst/g0[6].ro/w4_inferred_i_1,
puf_bd_i/puf_top_0/inst/array/cells[4].cell_inst/g0[6].ro/w5_inferred_i_1,
puf_bd_i/puf_top_0/inst/array/cells[4].cell_inst/g0[6].ro/w6_inferred_i_1
puf_bd_i/puf_top_0/inst/array/cells[4].cell_inst/g0[6].ro/w7_inferred_i_1.
Related violations: <none>

LUTLP-1#142 Critical Warning
Combinatorial Loop Alert  
7 LUT cells form a combinatorial loop. This can create a race condition. Timing analysis may not be accurate. The preferred resolution is to modify the design to remove combinatorial logic loops. If the loop is known and understood, this DRC can be bypassed by acknowledging the condition and setting the following XDC constraint on any one of the nets in the loop: 'set_property ALLOW_COMBINATORIAL_LOOPS TRUE [get_nets <myHier/myNet>]'. One net in the loop is puf_bd_i/puf_top_0/inst/array/cells[4].cell_inst/g0[7].ro/w1. Please evaluate your design. The cells in the loop are: puf_bd_i/puf_top_0/inst/array/cells[4].cell_inst/g0[7].ro/w1_inferred_i_1,
puf_bd_i/puf_top_0/inst/array/cells[4].cell_inst/g0[7].ro/w2_inferred_i_1,
puf_bd_i/puf_top_0/inst/array/cells[4].cell_inst/g0[7].ro/w3_inferred_i_1,
puf_bd_i/puf_top_0/inst/array/cells[4].cell_inst/g0[7].ro/w4_inferred_i_1,
puf_bd_i/puf_top_0/inst/array/cells[4].cell_inst/g0[7].ro/w5_inferred_i_1,
puf_bd_i/puf_top_0/inst/array/cells[4].cell_inst/g0[7].ro/w6_inferred_i_1
puf_bd_i/puf_top_0/inst/array/cells[4].cell_inst/g0[7].ro/w7_inferred_i_1.
Related violations: <none>

LUTLP-1#143 Critical Warning
Combinatorial Loop Alert  
7 LUT cells form a combinatorial loop. This can create a race condition. Timing analysis may not be accurate. The preferred resolution is to modify the design to remove combinatorial logic loops. If the loop is known and understood, this DRC can be bypassed by acknowledging the condition and setting the following XDC constraint on any one of the nets in the loop: 'set_property ALLOW_COMBINATORIAL_LOOPS TRUE [get_nets <myHier/myNet>]'. One net in the loop is puf_bd_i/puf_top_0/inst/array/cells[4].cell_inst/g0[8].ro/w1. Please evaluate your design. The cells in the loop are: puf_bd_i/puf_top_0/inst/array/cells[4].cell_inst/g0[8].ro/w1_inferred_i_1,
puf_bd_i/puf_top_0/inst/array/cells[4].cell_inst/g0[8].ro/w2_inferred_i_1,
puf_bd_i/puf_top_0/inst/array/cells[4].cell_inst/g0[8].ro/w3_inferred_i_1,
puf_bd_i/puf_top_0/inst/array/cells[4].cell_inst/g0[8].ro/w4_inferred_i_1,
puf_bd_i/puf_top_0/inst/array/cells[4].cell_inst/g0[8].ro/w5_inferred_i_1,
puf_bd_i/puf_top_0/inst/array/cells[4].cell_inst/g0[8].ro/w6_inferred_i_1
puf_bd_i/puf_top_0/inst/array/cells[4].cell_inst/g0[8].ro/w7_inferred_i_1.
Related violations: <none>

LUTLP-1#144 Critical Warning
Combinatorial Loop Alert  
7 LUT cells form a combinatorial loop. This can create a race condition. Timing analysis may not be accurate. The preferred resolution is to modify the design to remove combinatorial logic loops. If the loop is known and understood, this DRC can be bypassed by acknowledging the condition and setting the following XDC constraint on any one of the nets in the loop: 'set_property ALLOW_COMBINATORIAL_LOOPS TRUE [get_nets <myHier/myNet>]'. One net in the loop is puf_bd_i/puf_top_0/inst/array/cells[4].cell_inst/g0[9].ro/w1. Please evaluate your design. The cells in the loop are: puf_bd_i/puf_top_0/inst/array/cells[4].cell_inst/g0[9].ro/w1_inferred_i_1,
puf_bd_i/puf_top_0/inst/array/cells[4].cell_inst/g0[9].ro/w2_inferred_i_1,
puf_bd_i/puf_top_0/inst/array/cells[4].cell_inst/g0[9].ro/w3_inferred_i_1,
puf_bd_i/puf_top_0/inst/array/cells[4].cell_inst/g0[9].ro/w4_inferred_i_1,
puf_bd_i/puf_top_0/inst/array/cells[4].cell_inst/g0[9].ro/w5_inferred_i_1,
puf_bd_i/puf_top_0/inst/array/cells[4].cell_inst/g0[9].ro/w6_inferred_i_1
puf_bd_i/puf_top_0/inst/array/cells[4].cell_inst/g0[9].ro/w7_inferred_i_1.
Related violations: <none>

LUTLP-1#145 Critical Warning
Combinatorial Loop Alert  
7 LUT cells form a combinatorial loop. This can create a race condition. Timing analysis may not be accurate. The preferred resolution is to modify the design to remove combinatorial logic loops. If the loop is known and understood, this DRC can be bypassed by acknowledging the condition and setting the following XDC constraint on any one of the nets in the loop: 'set_property ALLOW_COMBINATORIAL_LOOPS TRUE [get_nets <myHier/myNet>]'. One net in the loop is puf_bd_i/puf_top_0/inst/array/cells[4].cell_inst/g1[0].ro/w1. Please evaluate your design. The cells in the loop are: puf_bd_i/puf_top_0/inst/array/cells[4].cell_inst/g1[0].ro/w1_inferred_i_1,
puf_bd_i/puf_top_0/inst/array/cells[4].cell_inst/g1[0].ro/w2_inferred_i_1,
puf_bd_i/puf_top_0/inst/array/cells[4].cell_inst/g1[0].ro/w3_inferred_i_1,
puf_bd_i/puf_top_0/inst/array/cells[4].cell_inst/g1[0].ro/w4_inferred_i_1,
puf_bd_i/puf_top_0/inst/array/cells[4].cell_inst/g1[0].ro/w5_inferred_i_1,
puf_bd_i/puf_top_0/inst/array/cells[4].cell_inst/g1[0].ro/w6_inferred_i_1
puf_bd_i/puf_top_0/inst/array/cells[4].cell_inst/g1[0].ro/w7_inferred_i_1.
Related violations: <none>

LUTLP-1#146 Critical Warning
Combinatorial Loop Alert  
7 LUT cells form a combinatorial loop. This can create a race condition. Timing analysis may not be accurate. The preferred resolution is to modify the design to remove combinatorial logic loops. If the loop is known and understood, this DRC can be bypassed by acknowledging the condition and setting the following XDC constraint on any one of the nets in the loop: 'set_property ALLOW_COMBINATORIAL_LOOPS TRUE [get_nets <myHier/myNet>]'. One net in the loop is puf_bd_i/puf_top_0/inst/array/cells[4].cell_inst/g1[10].ro/w1. Please evaluate your design. The cells in the loop are: puf_bd_i/puf_top_0/inst/array/cells[4].cell_inst/g1[10].ro/w1_inferred_i_1,
puf_bd_i/puf_top_0/inst/array/cells[4].cell_inst/g1[10].ro/w2_inferred_i_1,
puf_bd_i/puf_top_0/inst/array/cells[4].cell_inst/g1[10].ro/w3_inferred_i_1,
puf_bd_i/puf_top_0/inst/array/cells[4].cell_inst/g1[10].ro/w4_inferred_i_1,
puf_bd_i/puf_top_0/inst/array/cells[4].cell_inst/g1[10].ro/w5_inferred_i_1,
puf_bd_i/puf_top_0/inst/array/cells[4].cell_inst/g1[10].ro/w6_inferred_i_1
puf_bd_i/puf_top_0/inst/array/cells[4].cell_inst/g1[10].ro/w7_inferred_i_1.
Related violations: <none>

LUTLP-1#147 Critical Warning
Combinatorial Loop Alert  
7 LUT cells form a combinatorial loop. This can create a race condition. Timing analysis may not be accurate. The preferred resolution is to modify the design to remove combinatorial logic loops. If the loop is known and understood, this DRC can be bypassed by acknowledging the condition and setting the following XDC constraint on any one of the nets in the loop: 'set_property ALLOW_COMBINATORIAL_LOOPS TRUE [get_nets <myHier/myNet>]'. One net in the loop is puf_bd_i/puf_top_0/inst/array/cells[4].cell_inst/g1[11].ro/w1. Please evaluate your design. The cells in the loop are: puf_bd_i/puf_top_0/inst/array/cells[4].cell_inst/g1[11].ro/w1_inferred_i_1,
puf_bd_i/puf_top_0/inst/array/cells[4].cell_inst/g1[11].ro/w2_inferred_i_1,
puf_bd_i/puf_top_0/inst/array/cells[4].cell_inst/g1[11].ro/w3_inferred_i_1,
puf_bd_i/puf_top_0/inst/array/cells[4].cell_inst/g1[11].ro/w4_inferred_i_1,
puf_bd_i/puf_top_0/inst/array/cells[4].cell_inst/g1[11].ro/w5_inferred_i_1,
puf_bd_i/puf_top_0/inst/array/cells[4].cell_inst/g1[11].ro/w6_inferred_i_1
puf_bd_i/puf_top_0/inst/array/cells[4].cell_inst/g1[11].ro/w7_inferred_i_1.
Related violations: <none>

LUTLP-1#148 Critical Warning
Combinatorial Loop Alert  
7 LUT cells form a combinatorial loop. This can create a race condition. Timing analysis may not be accurate. The preferred resolution is to modify the design to remove combinatorial logic loops. If the loop is known and understood, this DRC can be bypassed by acknowledging the condition and setting the following XDC constraint on any one of the nets in the loop: 'set_property ALLOW_COMBINATORIAL_LOOPS TRUE [get_nets <myHier/myNet>]'. One net in the loop is puf_bd_i/puf_top_0/inst/array/cells[4].cell_inst/g1[12].ro/w1. Please evaluate your design. The cells in the loop are: puf_bd_i/puf_top_0/inst/array/cells[4].cell_inst/g1[12].ro/w1_inferred_i_1,
puf_bd_i/puf_top_0/inst/array/cells[4].cell_inst/g1[12].ro/w2_inferred_i_1,
puf_bd_i/puf_top_0/inst/array/cells[4].cell_inst/g1[12].ro/w3_inferred_i_1,
puf_bd_i/puf_top_0/inst/array/cells[4].cell_inst/g1[12].ro/w4_inferred_i_1,
puf_bd_i/puf_top_0/inst/array/cells[4].cell_inst/g1[12].ro/w5_inferred_i_1,
puf_bd_i/puf_top_0/inst/array/cells[4].cell_inst/g1[12].ro/w6_inferred_i_1
puf_bd_i/puf_top_0/inst/array/cells[4].cell_inst/g1[12].ro/w7_inferred_i_1.
Related violations: <none>

LUTLP-1#149 Critical Warning
Combinatorial Loop Alert  
7 LUT cells form a combinatorial loop. This can create a race condition. Timing analysis may not be accurate. The preferred resolution is to modify the design to remove combinatorial logic loops. If the loop is known and understood, this DRC can be bypassed by acknowledging the condition and setting the following XDC constraint on any one of the nets in the loop: 'set_property ALLOW_COMBINATORIAL_LOOPS TRUE [get_nets <myHier/myNet>]'. One net in the loop is puf_bd_i/puf_top_0/inst/array/cells[4].cell_inst/g1[13].ro/w1. Please evaluate your design. The cells in the loop are: puf_bd_i/puf_top_0/inst/array/cells[4].cell_inst/g1[13].ro/w1_inferred_i_1,
puf_bd_i/puf_top_0/inst/array/cells[4].cell_inst/g1[13].ro/w2_inferred_i_1,
puf_bd_i/puf_top_0/inst/array/cells[4].cell_inst/g1[13].ro/w3_inferred_i_1,
puf_bd_i/puf_top_0/inst/array/cells[4].cell_inst/g1[13].ro/w4_inferred_i_1,
puf_bd_i/puf_top_0/inst/array/cells[4].cell_inst/g1[13].ro/w5_inferred_i_1,
puf_bd_i/puf_top_0/inst/array/cells[4].cell_inst/g1[13].ro/w6_inferred_i_1
puf_bd_i/puf_top_0/inst/array/cells[4].cell_inst/g1[13].ro/w7_inferred_i_1.
Related violations: <none>

LUTLP-1#150 Critical Warning
Combinatorial Loop Alert  
7 LUT cells form a combinatorial loop. This can create a race condition. Timing analysis may not be accurate. The preferred resolution is to modify the design to remove combinatorial logic loops. If the loop is known and understood, this DRC can be bypassed by acknowledging the condition and setting the following XDC constraint on any one of the nets in the loop: 'set_property ALLOW_COMBINATORIAL_LOOPS TRUE [get_nets <myHier/myNet>]'. One net in the loop is puf_bd_i/puf_top_0/inst/array/cells[4].cell_inst/g1[14].ro/w1. Please evaluate your design. The cells in the loop are: puf_bd_i/puf_top_0/inst/array/cells[4].cell_inst/g1[14].ro/w1_inferred_i_1,
puf_bd_i/puf_top_0/inst/array/cells[4].cell_inst/g1[14].ro/w2_inferred_i_1,
puf_bd_i/puf_top_0/inst/array/cells[4].cell_inst/g1[14].ro/w3_inferred_i_1,
puf_bd_i/puf_top_0/inst/array/cells[4].cell_inst/g1[14].ro/w4_inferred_i_1,
puf_bd_i/puf_top_0/inst/array/cells[4].cell_inst/g1[14].ro/w5_inferred_i_1,
puf_bd_i/puf_top_0/inst/array/cells[4].cell_inst/g1[14].ro/w6_inferred_i_1
puf_bd_i/puf_top_0/inst/array/cells[4].cell_inst/g1[14].ro/w7_inferred_i_1.
Related violations: <none>

LUTLP-1#151 Critical Warning
Combinatorial Loop Alert  
7 LUT cells form a combinatorial loop. This can create a race condition. Timing analysis may not be accurate. The preferred resolution is to modify the design to remove combinatorial logic loops. If the loop is known and understood, this DRC can be bypassed by acknowledging the condition and setting the following XDC constraint on any one of the nets in the loop: 'set_property ALLOW_COMBINATORIAL_LOOPS TRUE [get_nets <myHier/myNet>]'. One net in the loop is puf_bd_i/puf_top_0/inst/array/cells[4].cell_inst/g1[15].ro/w1. Please evaluate your design. The cells in the loop are: puf_bd_i/puf_top_0/inst/array/cells[4].cell_inst/g1[15].ro/w1_inferred_i_1,
puf_bd_i/puf_top_0/inst/array/cells[4].cell_inst/g1[15].ro/w2_inferred_i_1,
puf_bd_i/puf_top_0/inst/array/cells[4].cell_inst/g1[15].ro/w3_inferred_i_1,
puf_bd_i/puf_top_0/inst/array/cells[4].cell_inst/g1[15].ro/w4_inferred_i_1,
puf_bd_i/puf_top_0/inst/array/cells[4].cell_inst/g1[15].ro/w5_inferred_i_1,
puf_bd_i/puf_top_0/inst/array/cells[4].cell_inst/g1[15].ro/w6_inferred_i_1
puf_bd_i/puf_top_0/inst/array/cells[4].cell_inst/g1[15].ro/w7_inferred_i_1.
Related violations: <none>

LUTLP-1#152 Critical Warning
Combinatorial Loop Alert  
7 LUT cells form a combinatorial loop. This can create a race condition. Timing analysis may not be accurate. The preferred resolution is to modify the design to remove combinatorial logic loops. If the loop is known and understood, this DRC can be bypassed by acknowledging the condition and setting the following XDC constraint on any one of the nets in the loop: 'set_property ALLOW_COMBINATORIAL_LOOPS TRUE [get_nets <myHier/myNet>]'. One net in the loop is puf_bd_i/puf_top_0/inst/array/cells[4].cell_inst/g1[1].ro/w1. Please evaluate your design. The cells in the loop are: puf_bd_i/puf_top_0/inst/array/cells[4].cell_inst/g1[1].ro/w1_inferred_i_1,
puf_bd_i/puf_top_0/inst/array/cells[4].cell_inst/g1[1].ro/w2_inferred_i_1,
puf_bd_i/puf_top_0/inst/array/cells[4].cell_inst/g1[1].ro/w3_inferred_i_1,
puf_bd_i/puf_top_0/inst/array/cells[4].cell_inst/g1[1].ro/w4_inferred_i_1,
puf_bd_i/puf_top_0/inst/array/cells[4].cell_inst/g1[1].ro/w5_inferred_i_1,
puf_bd_i/puf_top_0/inst/array/cells[4].cell_inst/g1[1].ro/w6_inferred_i_1
puf_bd_i/puf_top_0/inst/array/cells[4].cell_inst/g1[1].ro/w7_inferred_i_1.
Related violations: <none>

LUTLP-1#153 Critical Warning
Combinatorial Loop Alert  
7 LUT cells form a combinatorial loop. This can create a race condition. Timing analysis may not be accurate. The preferred resolution is to modify the design to remove combinatorial logic loops. If the loop is known and understood, this DRC can be bypassed by acknowledging the condition and setting the following XDC constraint on any one of the nets in the loop: 'set_property ALLOW_COMBINATORIAL_LOOPS TRUE [get_nets <myHier/myNet>]'. One net in the loop is puf_bd_i/puf_top_0/inst/array/cells[4].cell_inst/g1[2].ro/w1. Please evaluate your design. The cells in the loop are: puf_bd_i/puf_top_0/inst/array/cells[4].cell_inst/g1[2].ro/w1_inferred_i_1,
puf_bd_i/puf_top_0/inst/array/cells[4].cell_inst/g1[2].ro/w2_inferred_i_1,
puf_bd_i/puf_top_0/inst/array/cells[4].cell_inst/g1[2].ro/w3_inferred_i_1,
puf_bd_i/puf_top_0/inst/array/cells[4].cell_inst/g1[2].ro/w4_inferred_i_1,
puf_bd_i/puf_top_0/inst/array/cells[4].cell_inst/g1[2].ro/w5_inferred_i_1,
puf_bd_i/puf_top_0/inst/array/cells[4].cell_inst/g1[2].ro/w6_inferred_i_1
puf_bd_i/puf_top_0/inst/array/cells[4].cell_inst/g1[2].ro/w7_inferred_i_1.
Related violations: <none>

LUTLP-1#154 Critical Warning
Combinatorial Loop Alert  
7 LUT cells form a combinatorial loop. This can create a race condition. Timing analysis may not be accurate. The preferred resolution is to modify the design to remove combinatorial logic loops. If the loop is known and understood, this DRC can be bypassed by acknowledging the condition and setting the following XDC constraint on any one of the nets in the loop: 'set_property ALLOW_COMBINATORIAL_LOOPS TRUE [get_nets <myHier/myNet>]'. One net in the loop is puf_bd_i/puf_top_0/inst/array/cells[4].cell_inst/g1[3].ro/w1. Please evaluate your design. The cells in the loop are: puf_bd_i/puf_top_0/inst/array/cells[4].cell_inst/g1[3].ro/w1_inferred_i_1,
puf_bd_i/puf_top_0/inst/array/cells[4].cell_inst/g1[3].ro/w2_inferred_i_1,
puf_bd_i/puf_top_0/inst/array/cells[4].cell_inst/g1[3].ro/w3_inferred_i_1,
puf_bd_i/puf_top_0/inst/array/cells[4].cell_inst/g1[3].ro/w4_inferred_i_1,
puf_bd_i/puf_top_0/inst/array/cells[4].cell_inst/g1[3].ro/w5_inferred_i_1,
puf_bd_i/puf_top_0/inst/array/cells[4].cell_inst/g1[3].ro/w6_inferred_i_1
puf_bd_i/puf_top_0/inst/array/cells[4].cell_inst/g1[3].ro/w7_inferred_i_1.
Related violations: <none>

LUTLP-1#155 Critical Warning
Combinatorial Loop Alert  
7 LUT cells form a combinatorial loop. This can create a race condition. Timing analysis may not be accurate. The preferred resolution is to modify the design to remove combinatorial logic loops. If the loop is known and understood, this DRC can be bypassed by acknowledging the condition and setting the following XDC constraint on any one of the nets in the loop: 'set_property ALLOW_COMBINATORIAL_LOOPS TRUE [get_nets <myHier/myNet>]'. One net in the loop is puf_bd_i/puf_top_0/inst/array/cells[4].cell_inst/g1[4].ro/w1. Please evaluate your design. The cells in the loop are: puf_bd_i/puf_top_0/inst/array/cells[4].cell_inst/g1[4].ro/w1_inferred_i_1,
puf_bd_i/puf_top_0/inst/array/cells[4].cell_inst/g1[4].ro/w2_inferred_i_1,
puf_bd_i/puf_top_0/inst/array/cells[4].cell_inst/g1[4].ro/w3_inferred_i_1,
puf_bd_i/puf_top_0/inst/array/cells[4].cell_inst/g1[4].ro/w4_inferred_i_1,
puf_bd_i/puf_top_0/inst/array/cells[4].cell_inst/g1[4].ro/w5_inferred_i_1,
puf_bd_i/puf_top_0/inst/array/cells[4].cell_inst/g1[4].ro/w6_inferred_i_1
puf_bd_i/puf_top_0/inst/array/cells[4].cell_inst/g1[4].ro/w7_inferred_i_1.
Related violations: <none>

LUTLP-1#156 Critical Warning
Combinatorial Loop Alert  
7 LUT cells form a combinatorial loop. This can create a race condition. Timing analysis may not be accurate. The preferred resolution is to modify the design to remove combinatorial logic loops. If the loop is known and understood, this DRC can be bypassed by acknowledging the condition and setting the following XDC constraint on any one of the nets in the loop: 'set_property ALLOW_COMBINATORIAL_LOOPS TRUE [get_nets <myHier/myNet>]'. One net in the loop is puf_bd_i/puf_top_0/inst/array/cells[4].cell_inst/g1[5].ro/w1. Please evaluate your design. The cells in the loop are: puf_bd_i/puf_top_0/inst/array/cells[4].cell_inst/g1[5].ro/w1_inferred_i_1,
puf_bd_i/puf_top_0/inst/array/cells[4].cell_inst/g1[5].ro/w2_inferred_i_1,
puf_bd_i/puf_top_0/inst/array/cells[4].cell_inst/g1[5].ro/w3_inferred_i_1,
puf_bd_i/puf_top_0/inst/array/cells[4].cell_inst/g1[5].ro/w4_inferred_i_1,
puf_bd_i/puf_top_0/inst/array/cells[4].cell_inst/g1[5].ro/w5_inferred_i_1,
puf_bd_i/puf_top_0/inst/array/cells[4].cell_inst/g1[5].ro/w6_inferred_i_1
puf_bd_i/puf_top_0/inst/array/cells[4].cell_inst/g1[5].ro/w7_inferred_i_1.
Related violations: <none>

LUTLP-1#157 Critical Warning
Combinatorial Loop Alert  
7 LUT cells form a combinatorial loop. This can create a race condition. Timing analysis may not be accurate. The preferred resolution is to modify the design to remove combinatorial logic loops. If the loop is known and understood, this DRC can be bypassed by acknowledging the condition and setting the following XDC constraint on any one of the nets in the loop: 'set_property ALLOW_COMBINATORIAL_LOOPS TRUE [get_nets <myHier/myNet>]'. One net in the loop is puf_bd_i/puf_top_0/inst/array/cells[4].cell_inst/g1[6].ro/w1. Please evaluate your design. The cells in the loop are: puf_bd_i/puf_top_0/inst/array/cells[4].cell_inst/g1[6].ro/w1_inferred_i_1,
puf_bd_i/puf_top_0/inst/array/cells[4].cell_inst/g1[6].ro/w2_inferred_i_1,
puf_bd_i/puf_top_0/inst/array/cells[4].cell_inst/g1[6].ro/w3_inferred_i_1,
puf_bd_i/puf_top_0/inst/array/cells[4].cell_inst/g1[6].ro/w4_inferred_i_1,
puf_bd_i/puf_top_0/inst/array/cells[4].cell_inst/g1[6].ro/w5_inferred_i_1,
puf_bd_i/puf_top_0/inst/array/cells[4].cell_inst/g1[6].ro/w6_inferred_i_1
puf_bd_i/puf_top_0/inst/array/cells[4].cell_inst/g1[6].ro/w7_inferred_i_1.
Related violations: <none>

LUTLP-1#158 Critical Warning
Combinatorial Loop Alert  
7 LUT cells form a combinatorial loop. This can create a race condition. Timing analysis may not be accurate. The preferred resolution is to modify the design to remove combinatorial logic loops. If the loop is known and understood, this DRC can be bypassed by acknowledging the condition and setting the following XDC constraint on any one of the nets in the loop: 'set_property ALLOW_COMBINATORIAL_LOOPS TRUE [get_nets <myHier/myNet>]'. One net in the loop is puf_bd_i/puf_top_0/inst/array/cells[4].cell_inst/g1[7].ro/w1. Please evaluate your design. The cells in the loop are: puf_bd_i/puf_top_0/inst/array/cells[4].cell_inst/g1[7].ro/w1_inferred_i_1,
puf_bd_i/puf_top_0/inst/array/cells[4].cell_inst/g1[7].ro/w2_inferred_i_1,
puf_bd_i/puf_top_0/inst/array/cells[4].cell_inst/g1[7].ro/w3_inferred_i_1,
puf_bd_i/puf_top_0/inst/array/cells[4].cell_inst/g1[7].ro/w4_inferred_i_1,
puf_bd_i/puf_top_0/inst/array/cells[4].cell_inst/g1[7].ro/w5_inferred_i_1,
puf_bd_i/puf_top_0/inst/array/cells[4].cell_inst/g1[7].ro/w6_inferred_i_1
puf_bd_i/puf_top_0/inst/array/cells[4].cell_inst/g1[7].ro/w7_inferred_i_1.
Related violations: <none>

LUTLP-1#159 Critical Warning
Combinatorial Loop Alert  
7 LUT cells form a combinatorial loop. This can create a race condition. Timing analysis may not be accurate. The preferred resolution is to modify the design to remove combinatorial logic loops. If the loop is known and understood, this DRC can be bypassed by acknowledging the condition and setting the following XDC constraint on any one of the nets in the loop: 'set_property ALLOW_COMBINATORIAL_LOOPS TRUE [get_nets <myHier/myNet>]'. One net in the loop is puf_bd_i/puf_top_0/inst/array/cells[4].cell_inst/g1[8].ro/w1. Please evaluate your design. The cells in the loop are: puf_bd_i/puf_top_0/inst/array/cells[4].cell_inst/g1[8].ro/w1_inferred_i_1,
puf_bd_i/puf_top_0/inst/array/cells[4].cell_inst/g1[8].ro/w2_inferred_i_1,
puf_bd_i/puf_top_0/inst/array/cells[4].cell_inst/g1[8].ro/w3_inferred_i_1,
puf_bd_i/puf_top_0/inst/array/cells[4].cell_inst/g1[8].ro/w4_inferred_i_1,
puf_bd_i/puf_top_0/inst/array/cells[4].cell_inst/g1[8].ro/w5_inferred_i_1,
puf_bd_i/puf_top_0/inst/array/cells[4].cell_inst/g1[8].ro/w6_inferred_i_1
puf_bd_i/puf_top_0/inst/array/cells[4].cell_inst/g1[8].ro/w7_inferred_i_1.
Related violations: <none>

LUTLP-1#160 Critical Warning
Combinatorial Loop Alert  
7 LUT cells form a combinatorial loop. This can create a race condition. Timing analysis may not be accurate. The preferred resolution is to modify the design to remove combinatorial logic loops. If the loop is known and understood, this DRC can be bypassed by acknowledging the condition and setting the following XDC constraint on any one of the nets in the loop: 'set_property ALLOW_COMBINATORIAL_LOOPS TRUE [get_nets <myHier/myNet>]'. One net in the loop is puf_bd_i/puf_top_0/inst/array/cells[4].cell_inst/g1[9].ro/w1. Please evaluate your design. The cells in the loop are: puf_bd_i/puf_top_0/inst/array/cells[4].cell_inst/g1[9].ro/w1_inferred_i_1,
puf_bd_i/puf_top_0/inst/array/cells[4].cell_inst/g1[9].ro/w2_inferred_i_1,
puf_bd_i/puf_top_0/inst/array/cells[4].cell_inst/g1[9].ro/w3_inferred_i_1,
puf_bd_i/puf_top_0/inst/array/cells[4].cell_inst/g1[9].ro/w4_inferred_i_1,
puf_bd_i/puf_top_0/inst/array/cells[4].cell_inst/g1[9].ro/w5_inferred_i_1,
puf_bd_i/puf_top_0/inst/array/cells[4].cell_inst/g1[9].ro/w6_inferred_i_1
puf_bd_i/puf_top_0/inst/array/cells[4].cell_inst/g1[9].ro/w7_inferred_i_1.
Related violations: <none>

LUTLP-1#161 Critical Warning
Combinatorial Loop Alert  
7 LUT cells form a combinatorial loop. This can create a race condition. Timing analysis may not be accurate. The preferred resolution is to modify the design to remove combinatorial logic loops. If the loop is known and understood, this DRC can be bypassed by acknowledging the condition and setting the following XDC constraint on any one of the nets in the loop: 'set_property ALLOW_COMBINATORIAL_LOOPS TRUE [get_nets <myHier/myNet>]'. One net in the loop is puf_bd_i/puf_top_0/inst/array/cells[5].cell_inst/g0[0].ro/w1. Please evaluate your design. The cells in the loop are: puf_bd_i/puf_top_0/inst/array/cells[5].cell_inst/g0[0].ro/w1_inferred_i_1,
puf_bd_i/puf_top_0/inst/array/cells[5].cell_inst/g0[0].ro/w2_inferred_i_1,
puf_bd_i/puf_top_0/inst/array/cells[5].cell_inst/g0[0].ro/w3_inferred_i_1,
puf_bd_i/puf_top_0/inst/array/cells[5].cell_inst/g0[0].ro/w4_inferred_i_1,
puf_bd_i/puf_top_0/inst/array/cells[5].cell_inst/g0[0].ro/w5_inferred_i_1,
puf_bd_i/puf_top_0/inst/array/cells[5].cell_inst/g0[0].ro/w6_inferred_i_1
puf_bd_i/puf_top_0/inst/array/cells[5].cell_inst/g0[0].ro/w7_inferred_i_1.
Related violations: <none>

LUTLP-1#162 Critical Warning
Combinatorial Loop Alert  
7 LUT cells form a combinatorial loop. This can create a race condition. Timing analysis may not be accurate. The preferred resolution is to modify the design to remove combinatorial logic loops. If the loop is known and understood, this DRC can be bypassed by acknowledging the condition and setting the following XDC constraint on any one of the nets in the loop: 'set_property ALLOW_COMBINATORIAL_LOOPS TRUE [get_nets <myHier/myNet>]'. One net in the loop is puf_bd_i/puf_top_0/inst/array/cells[5].cell_inst/g0[10].ro/w1. Please evaluate your design. The cells in the loop are: puf_bd_i/puf_top_0/inst/array/cells[5].cell_inst/g0[10].ro/w1_inferred_i_1,
puf_bd_i/puf_top_0/inst/array/cells[5].cell_inst/g0[10].ro/w2_inferred_i_1,
puf_bd_i/puf_top_0/inst/array/cells[5].cell_inst/g0[10].ro/w3_inferred_i_1,
puf_bd_i/puf_top_0/inst/array/cells[5].cell_inst/g0[10].ro/w4_inferred_i_1,
puf_bd_i/puf_top_0/inst/array/cells[5].cell_inst/g0[10].ro/w5_inferred_i_1,
puf_bd_i/puf_top_0/inst/array/cells[5].cell_inst/g0[10].ro/w6_inferred_i_1
puf_bd_i/puf_top_0/inst/array/cells[5].cell_inst/g0[10].ro/w7_inferred_i_1.
Related violations: <none>

LUTLP-1#163 Critical Warning
Combinatorial Loop Alert  
7 LUT cells form a combinatorial loop. This can create a race condition. Timing analysis may not be accurate. The preferred resolution is to modify the design to remove combinatorial logic loops. If the loop is known and understood, this DRC can be bypassed by acknowledging the condition and setting the following XDC constraint on any one of the nets in the loop: 'set_property ALLOW_COMBINATORIAL_LOOPS TRUE [get_nets <myHier/myNet>]'. One net in the loop is puf_bd_i/puf_top_0/inst/array/cells[5].cell_inst/g0[11].ro/w1. Please evaluate your design. The cells in the loop are: puf_bd_i/puf_top_0/inst/array/cells[5].cell_inst/g0[11].ro/w1_inferred_i_1,
puf_bd_i/puf_top_0/inst/array/cells[5].cell_inst/g0[11].ro/w2_inferred_i_1,
puf_bd_i/puf_top_0/inst/array/cells[5].cell_inst/g0[11].ro/w3_inferred_i_1,
puf_bd_i/puf_top_0/inst/array/cells[5].cell_inst/g0[11].ro/w4_inferred_i_1,
puf_bd_i/puf_top_0/inst/array/cells[5].cell_inst/g0[11].ro/w5_inferred_i_1,
puf_bd_i/puf_top_0/inst/array/cells[5].cell_inst/g0[11].ro/w6_inferred_i_1
puf_bd_i/puf_top_0/inst/array/cells[5].cell_inst/g0[11].ro/w7_inferred_i_1.
Related violations: <none>

LUTLP-1#164 Critical Warning
Combinatorial Loop Alert  
7 LUT cells form a combinatorial loop. This can create a race condition. Timing analysis may not be accurate. The preferred resolution is to modify the design to remove combinatorial logic loops. If the loop is known and understood, this DRC can be bypassed by acknowledging the condition and setting the following XDC constraint on any one of the nets in the loop: 'set_property ALLOW_COMBINATORIAL_LOOPS TRUE [get_nets <myHier/myNet>]'. One net in the loop is puf_bd_i/puf_top_0/inst/array/cells[5].cell_inst/g0[12].ro/w1. Please evaluate your design. The cells in the loop are: puf_bd_i/puf_top_0/inst/array/cells[5].cell_inst/g0[12].ro/w1_inferred_i_1,
puf_bd_i/puf_top_0/inst/array/cells[5].cell_inst/g0[12].ro/w2_inferred_i_1,
puf_bd_i/puf_top_0/inst/array/cells[5].cell_inst/g0[12].ro/w3_inferred_i_1,
puf_bd_i/puf_top_0/inst/array/cells[5].cell_inst/g0[12].ro/w4_inferred_i_1,
puf_bd_i/puf_top_0/inst/array/cells[5].cell_inst/g0[12].ro/w5_inferred_i_1,
puf_bd_i/puf_top_0/inst/array/cells[5].cell_inst/g0[12].ro/w6_inferred_i_1
puf_bd_i/puf_top_0/inst/array/cells[5].cell_inst/g0[12].ro/w7_inferred_i_1.
Related violations: <none>

LUTLP-1#165 Critical Warning
Combinatorial Loop Alert  
7 LUT cells form a combinatorial loop. This can create a race condition. Timing analysis may not be accurate. The preferred resolution is to modify the design to remove combinatorial logic loops. If the loop is known and understood, this DRC can be bypassed by acknowledging the condition and setting the following XDC constraint on any one of the nets in the loop: 'set_property ALLOW_COMBINATORIAL_LOOPS TRUE [get_nets <myHier/myNet>]'. One net in the loop is puf_bd_i/puf_top_0/inst/array/cells[5].cell_inst/g0[13].ro/w1. Please evaluate your design. The cells in the loop are: puf_bd_i/puf_top_0/inst/array/cells[5].cell_inst/g0[13].ro/w1_inferred_i_1,
puf_bd_i/puf_top_0/inst/array/cells[5].cell_inst/g0[13].ro/w2_inferred_i_1,
puf_bd_i/puf_top_0/inst/array/cells[5].cell_inst/g0[13].ro/w3_inferred_i_1,
puf_bd_i/puf_top_0/inst/array/cells[5].cell_inst/g0[13].ro/w4_inferred_i_1,
puf_bd_i/puf_top_0/inst/array/cells[5].cell_inst/g0[13].ro/w5_inferred_i_1,
puf_bd_i/puf_top_0/inst/array/cells[5].cell_inst/g0[13].ro/w6_inferred_i_1
puf_bd_i/puf_top_0/inst/array/cells[5].cell_inst/g0[13].ro/w7_inferred_i_1.
Related violations: <none>

LUTLP-1#166 Critical Warning
Combinatorial Loop Alert  
7 LUT cells form a combinatorial loop. This can create a race condition. Timing analysis may not be accurate. The preferred resolution is to modify the design to remove combinatorial logic loops. If the loop is known and understood, this DRC can be bypassed by acknowledging the condition and setting the following XDC constraint on any one of the nets in the loop: 'set_property ALLOW_COMBINATORIAL_LOOPS TRUE [get_nets <myHier/myNet>]'. One net in the loop is puf_bd_i/puf_top_0/inst/array/cells[5].cell_inst/g0[14].ro/w1. Please evaluate your design. The cells in the loop are: puf_bd_i/puf_top_0/inst/array/cells[5].cell_inst/g0[14].ro/w1_inferred_i_1,
puf_bd_i/puf_top_0/inst/array/cells[5].cell_inst/g0[14].ro/w2_inferred_i_1,
puf_bd_i/puf_top_0/inst/array/cells[5].cell_inst/g0[14].ro/w3_inferred_i_1,
puf_bd_i/puf_top_0/inst/array/cells[5].cell_inst/g0[14].ro/w4_inferred_i_1,
puf_bd_i/puf_top_0/inst/array/cells[5].cell_inst/g0[14].ro/w5_inferred_i_1,
puf_bd_i/puf_top_0/inst/array/cells[5].cell_inst/g0[14].ro/w6_inferred_i_1
puf_bd_i/puf_top_0/inst/array/cells[5].cell_inst/g0[14].ro/w7_inferred_i_1.
Related violations: <none>

LUTLP-1#167 Critical Warning
Combinatorial Loop Alert  
7 LUT cells form a combinatorial loop. This can create a race condition. Timing analysis may not be accurate. The preferred resolution is to modify the design to remove combinatorial logic loops. If the loop is known and understood, this DRC can be bypassed by acknowledging the condition and setting the following XDC constraint on any one of the nets in the loop: 'set_property ALLOW_COMBINATORIAL_LOOPS TRUE [get_nets <myHier/myNet>]'. One net in the loop is puf_bd_i/puf_top_0/inst/array/cells[5].cell_inst/g0[15].ro/w1. Please evaluate your design. The cells in the loop are: puf_bd_i/puf_top_0/inst/array/cells[5].cell_inst/g0[15].ro/w1_inferred_i_1,
puf_bd_i/puf_top_0/inst/array/cells[5].cell_inst/g0[15].ro/w2_inferred_i_1,
puf_bd_i/puf_top_0/inst/array/cells[5].cell_inst/g0[15].ro/w3_inferred_i_1,
puf_bd_i/puf_top_0/inst/array/cells[5].cell_inst/g0[15].ro/w4_inferred_i_1,
puf_bd_i/puf_top_0/inst/array/cells[5].cell_inst/g0[15].ro/w5_inferred_i_1,
puf_bd_i/puf_top_0/inst/array/cells[5].cell_inst/g0[15].ro/w6_inferred_i_1
puf_bd_i/puf_top_0/inst/array/cells[5].cell_inst/g0[15].ro/w7_inferred_i_1.
Related violations: <none>

LUTLP-1#168 Critical Warning
Combinatorial Loop Alert  
7 LUT cells form a combinatorial loop. This can create a race condition. Timing analysis may not be accurate. The preferred resolution is to modify the design to remove combinatorial logic loops. If the loop is known and understood, this DRC can be bypassed by acknowledging the condition and setting the following XDC constraint on any one of the nets in the loop: 'set_property ALLOW_COMBINATORIAL_LOOPS TRUE [get_nets <myHier/myNet>]'. One net in the loop is puf_bd_i/puf_top_0/inst/array/cells[5].cell_inst/g0[1].ro/w1. Please evaluate your design. The cells in the loop are: puf_bd_i/puf_top_0/inst/array/cells[5].cell_inst/g0[1].ro/w1_inferred_i_1,
puf_bd_i/puf_top_0/inst/array/cells[5].cell_inst/g0[1].ro/w2_inferred_i_1,
puf_bd_i/puf_top_0/inst/array/cells[5].cell_inst/g0[1].ro/w3_inferred_i_1,
puf_bd_i/puf_top_0/inst/array/cells[5].cell_inst/g0[1].ro/w4_inferred_i_1,
puf_bd_i/puf_top_0/inst/array/cells[5].cell_inst/g0[1].ro/w5_inferred_i_1,
puf_bd_i/puf_top_0/inst/array/cells[5].cell_inst/g0[1].ro/w6_inferred_i_1
puf_bd_i/puf_top_0/inst/array/cells[5].cell_inst/g0[1].ro/w7_inferred_i_1.
Related violations: <none>

LUTLP-1#169 Critical Warning
Combinatorial Loop Alert  
7 LUT cells form a combinatorial loop. This can create a race condition. Timing analysis may not be accurate. The preferred resolution is to modify the design to remove combinatorial logic loops. If the loop is known and understood, this DRC can be bypassed by acknowledging the condition and setting the following XDC constraint on any one of the nets in the loop: 'set_property ALLOW_COMBINATORIAL_LOOPS TRUE [get_nets <myHier/myNet>]'. One net in the loop is puf_bd_i/puf_top_0/inst/array/cells[5].cell_inst/g0[2].ro/w1. Please evaluate your design. The cells in the loop are: puf_bd_i/puf_top_0/inst/array/cells[5].cell_inst/g0[2].ro/w1_inferred_i_1,
puf_bd_i/puf_top_0/inst/array/cells[5].cell_inst/g0[2].ro/w2_inferred_i_1,
puf_bd_i/puf_top_0/inst/array/cells[5].cell_inst/g0[2].ro/w3_inferred_i_1,
puf_bd_i/puf_top_0/inst/array/cells[5].cell_inst/g0[2].ro/w4_inferred_i_1,
puf_bd_i/puf_top_0/inst/array/cells[5].cell_inst/g0[2].ro/w5_inferred_i_1,
puf_bd_i/puf_top_0/inst/array/cells[5].cell_inst/g0[2].ro/w6_inferred_i_1
puf_bd_i/puf_top_0/inst/array/cells[5].cell_inst/g0[2].ro/w7_inferred_i_1.
Related violations: <none>

LUTLP-1#170 Critical Warning
Combinatorial Loop Alert  
7 LUT cells form a combinatorial loop. This can create a race condition. Timing analysis may not be accurate. The preferred resolution is to modify the design to remove combinatorial logic loops. If the loop is known and understood, this DRC can be bypassed by acknowledging the condition and setting the following XDC constraint on any one of the nets in the loop: 'set_property ALLOW_COMBINATORIAL_LOOPS TRUE [get_nets <myHier/myNet>]'. One net in the loop is puf_bd_i/puf_top_0/inst/array/cells[5].cell_inst/g0[3].ro/w1. Please evaluate your design. The cells in the loop are: puf_bd_i/puf_top_0/inst/array/cells[5].cell_inst/g0[3].ro/w1_inferred_i_1,
puf_bd_i/puf_top_0/inst/array/cells[5].cell_inst/g0[3].ro/w2_inferred_i_1,
puf_bd_i/puf_top_0/inst/array/cells[5].cell_inst/g0[3].ro/w3_inferred_i_1,
puf_bd_i/puf_top_0/inst/array/cells[5].cell_inst/g0[3].ro/w4_inferred_i_1,
puf_bd_i/puf_top_0/inst/array/cells[5].cell_inst/g0[3].ro/w5_inferred_i_1,
puf_bd_i/puf_top_0/inst/array/cells[5].cell_inst/g0[3].ro/w6_inferred_i_1
puf_bd_i/puf_top_0/inst/array/cells[5].cell_inst/g0[3].ro/w7_inferred_i_1.
Related violations: <none>

LUTLP-1#171 Critical Warning
Combinatorial Loop Alert  
7 LUT cells form a combinatorial loop. This can create a race condition. Timing analysis may not be accurate. The preferred resolution is to modify the design to remove combinatorial logic loops. If the loop is known and understood, this DRC can be bypassed by acknowledging the condition and setting the following XDC constraint on any one of the nets in the loop: 'set_property ALLOW_COMBINATORIAL_LOOPS TRUE [get_nets <myHier/myNet>]'. One net in the loop is puf_bd_i/puf_top_0/inst/array/cells[5].cell_inst/g0[4].ro/w1. Please evaluate your design. The cells in the loop are: puf_bd_i/puf_top_0/inst/array/cells[5].cell_inst/g0[4].ro/w1_inferred_i_1,
puf_bd_i/puf_top_0/inst/array/cells[5].cell_inst/g0[4].ro/w2_inferred_i_1,
puf_bd_i/puf_top_0/inst/array/cells[5].cell_inst/g0[4].ro/w3_inferred_i_1,
puf_bd_i/puf_top_0/inst/array/cells[5].cell_inst/g0[4].ro/w4_inferred_i_1,
puf_bd_i/puf_top_0/inst/array/cells[5].cell_inst/g0[4].ro/w5_inferred_i_1,
puf_bd_i/puf_top_0/inst/array/cells[5].cell_inst/g0[4].ro/w6_inferred_i_1
puf_bd_i/puf_top_0/inst/array/cells[5].cell_inst/g0[4].ro/w7_inferred_i_1.
Related violations: <none>

LUTLP-1#172 Critical Warning
Combinatorial Loop Alert  
7 LUT cells form a combinatorial loop. This can create a race condition. Timing analysis may not be accurate. The preferred resolution is to modify the design to remove combinatorial logic loops. If the loop is known and understood, this DRC can be bypassed by acknowledging the condition and setting the following XDC constraint on any one of the nets in the loop: 'set_property ALLOW_COMBINATORIAL_LOOPS TRUE [get_nets <myHier/myNet>]'. One net in the loop is puf_bd_i/puf_top_0/inst/array/cells[5].cell_inst/g0[5].ro/w1. Please evaluate your design. The cells in the loop are: puf_bd_i/puf_top_0/inst/array/cells[5].cell_inst/g0[5].ro/w1_inferred_i_1,
puf_bd_i/puf_top_0/inst/array/cells[5].cell_inst/g0[5].ro/w2_inferred_i_1,
puf_bd_i/puf_top_0/inst/array/cells[5].cell_inst/g0[5].ro/w3_inferred_i_1,
puf_bd_i/puf_top_0/inst/array/cells[5].cell_inst/g0[5].ro/w4_inferred_i_1,
puf_bd_i/puf_top_0/inst/array/cells[5].cell_inst/g0[5].ro/w5_inferred_i_1,
puf_bd_i/puf_top_0/inst/array/cells[5].cell_inst/g0[5].ro/w6_inferred_i_1
puf_bd_i/puf_top_0/inst/array/cells[5].cell_inst/g0[5].ro/w7_inferred_i_1.
Related violations: <none>

LUTLP-1#173 Critical Warning
Combinatorial Loop Alert  
7 LUT cells form a combinatorial loop. This can create a race condition. Timing analysis may not be accurate. The preferred resolution is to modify the design to remove combinatorial logic loops. If the loop is known and understood, this DRC can be bypassed by acknowledging the condition and setting the following XDC constraint on any one of the nets in the loop: 'set_property ALLOW_COMBINATORIAL_LOOPS TRUE [get_nets <myHier/myNet>]'. One net in the loop is puf_bd_i/puf_top_0/inst/array/cells[5].cell_inst/g0[6].ro/w1. Please evaluate your design. The cells in the loop are: puf_bd_i/puf_top_0/inst/array/cells[5].cell_inst/g0[6].ro/w1_inferred_i_1,
puf_bd_i/puf_top_0/inst/array/cells[5].cell_inst/g0[6].ro/w2_inferred_i_1,
puf_bd_i/puf_top_0/inst/array/cells[5].cell_inst/g0[6].ro/w3_inferred_i_1,
puf_bd_i/puf_top_0/inst/array/cells[5].cell_inst/g0[6].ro/w4_inferred_i_1,
puf_bd_i/puf_top_0/inst/array/cells[5].cell_inst/g0[6].ro/w5_inferred_i_1,
puf_bd_i/puf_top_0/inst/array/cells[5].cell_inst/g0[6].ro/w6_inferred_i_1
puf_bd_i/puf_top_0/inst/array/cells[5].cell_inst/g0[6].ro/w7_inferred_i_1.
Related violations: <none>

LUTLP-1#174 Critical Warning
Combinatorial Loop Alert  
7 LUT cells form a combinatorial loop. This can create a race condition. Timing analysis may not be accurate. The preferred resolution is to modify the design to remove combinatorial logic loops. If the loop is known and understood, this DRC can be bypassed by acknowledging the condition and setting the following XDC constraint on any one of the nets in the loop: 'set_property ALLOW_COMBINATORIAL_LOOPS TRUE [get_nets <myHier/myNet>]'. One net in the loop is puf_bd_i/puf_top_0/inst/array/cells[5].cell_inst/g0[7].ro/w1. Please evaluate your design. The cells in the loop are: puf_bd_i/puf_top_0/inst/array/cells[5].cell_inst/g0[7].ro/w1_inferred_i_1,
puf_bd_i/puf_top_0/inst/array/cells[5].cell_inst/g0[7].ro/w2_inferred_i_1,
puf_bd_i/puf_top_0/inst/array/cells[5].cell_inst/g0[7].ro/w3_inferred_i_1,
puf_bd_i/puf_top_0/inst/array/cells[5].cell_inst/g0[7].ro/w4_inferred_i_1,
puf_bd_i/puf_top_0/inst/array/cells[5].cell_inst/g0[7].ro/w5_inferred_i_1,
puf_bd_i/puf_top_0/inst/array/cells[5].cell_inst/g0[7].ro/w6_inferred_i_1
puf_bd_i/puf_top_0/inst/array/cells[5].cell_inst/g0[7].ro/w7_inferred_i_1.
Related violations: <none>

LUTLP-1#175 Critical Warning
Combinatorial Loop Alert  
7 LUT cells form a combinatorial loop. This can create a race condition. Timing analysis may not be accurate. The preferred resolution is to modify the design to remove combinatorial logic loops. If the loop is known and understood, this DRC can be bypassed by acknowledging the condition and setting the following XDC constraint on any one of the nets in the loop: 'set_property ALLOW_COMBINATORIAL_LOOPS TRUE [get_nets <myHier/myNet>]'. One net in the loop is puf_bd_i/puf_top_0/inst/array/cells[5].cell_inst/g0[8].ro/w1. Please evaluate your design. The cells in the loop are: puf_bd_i/puf_top_0/inst/array/cells[5].cell_inst/g0[8].ro/w1_inferred_i_1,
puf_bd_i/puf_top_0/inst/array/cells[5].cell_inst/g0[8].ro/w2_inferred_i_1,
puf_bd_i/puf_top_0/inst/array/cells[5].cell_inst/g0[8].ro/w3_inferred_i_1,
puf_bd_i/puf_top_0/inst/array/cells[5].cell_inst/g0[8].ro/w4_inferred_i_1,
puf_bd_i/puf_top_0/inst/array/cells[5].cell_inst/g0[8].ro/w5_inferred_i_1,
puf_bd_i/puf_top_0/inst/array/cells[5].cell_inst/g0[8].ro/w6_inferred_i_1
puf_bd_i/puf_top_0/inst/array/cells[5].cell_inst/g0[8].ro/w7_inferred_i_1.
Related violations: <none>

LUTLP-1#176 Critical Warning
Combinatorial Loop Alert  
7 LUT cells form a combinatorial loop. This can create a race condition. Timing analysis may not be accurate. The preferred resolution is to modify the design to remove combinatorial logic loops. If the loop is known and understood, this DRC can be bypassed by acknowledging the condition and setting the following XDC constraint on any one of the nets in the loop: 'set_property ALLOW_COMBINATORIAL_LOOPS TRUE [get_nets <myHier/myNet>]'. One net in the loop is puf_bd_i/puf_top_0/inst/array/cells[5].cell_inst/g0[9].ro/w1. Please evaluate your design. The cells in the loop are: puf_bd_i/puf_top_0/inst/array/cells[5].cell_inst/g0[9].ro/w1_inferred_i_1,
puf_bd_i/puf_top_0/inst/array/cells[5].cell_inst/g0[9].ro/w2_inferred_i_1,
puf_bd_i/puf_top_0/inst/array/cells[5].cell_inst/g0[9].ro/w3_inferred_i_1,
puf_bd_i/puf_top_0/inst/array/cells[5].cell_inst/g0[9].ro/w4_inferred_i_1,
puf_bd_i/puf_top_0/inst/array/cells[5].cell_inst/g0[9].ro/w5_inferred_i_1,
puf_bd_i/puf_top_0/inst/array/cells[5].cell_inst/g0[9].ro/w6_inferred_i_1
puf_bd_i/puf_top_0/inst/array/cells[5].cell_inst/g0[9].ro/w7_inferred_i_1.
Related violations: <none>

LUTLP-1#177 Critical Warning
Combinatorial Loop Alert  
7 LUT cells form a combinatorial loop. This can create a race condition. Timing analysis may not be accurate. The preferred resolution is to modify the design to remove combinatorial logic loops. If the loop is known and understood, this DRC can be bypassed by acknowledging the condition and setting the following XDC constraint on any one of the nets in the loop: 'set_property ALLOW_COMBINATORIAL_LOOPS TRUE [get_nets <myHier/myNet>]'. One net in the loop is puf_bd_i/puf_top_0/inst/array/cells[5].cell_inst/g1[0].ro/w1. Please evaluate your design. The cells in the loop are: puf_bd_i/puf_top_0/inst/array/cells[5].cell_inst/g1[0].ro/w1_inferred_i_1,
puf_bd_i/puf_top_0/inst/array/cells[5].cell_inst/g1[0].ro/w2_inferred_i_1,
puf_bd_i/puf_top_0/inst/array/cells[5].cell_inst/g1[0].ro/w3_inferred_i_1,
puf_bd_i/puf_top_0/inst/array/cells[5].cell_inst/g1[0].ro/w4_inferred_i_1,
puf_bd_i/puf_top_0/inst/array/cells[5].cell_inst/g1[0].ro/w5_inferred_i_1,
puf_bd_i/puf_top_0/inst/array/cells[5].cell_inst/g1[0].ro/w6_inferred_i_1
puf_bd_i/puf_top_0/inst/array/cells[5].cell_inst/g1[0].ro/w7_inferred_i_1.
Related violations: <none>

LUTLP-1#178 Critical Warning
Combinatorial Loop Alert  
7 LUT cells form a combinatorial loop. This can create a race condition. Timing analysis may not be accurate. The preferred resolution is to modify the design to remove combinatorial logic loops. If the loop is known and understood, this DRC can be bypassed by acknowledging the condition and setting the following XDC constraint on any one of the nets in the loop: 'set_property ALLOW_COMBINATORIAL_LOOPS TRUE [get_nets <myHier/myNet>]'. One net in the loop is puf_bd_i/puf_top_0/inst/array/cells[5].cell_inst/g1[10].ro/w1. Please evaluate your design. The cells in the loop are: puf_bd_i/puf_top_0/inst/array/cells[5].cell_inst/g1[10].ro/w1_inferred_i_1,
puf_bd_i/puf_top_0/inst/array/cells[5].cell_inst/g1[10].ro/w2_inferred_i_1,
puf_bd_i/puf_top_0/inst/array/cells[5].cell_inst/g1[10].ro/w3_inferred_i_1,
puf_bd_i/puf_top_0/inst/array/cells[5].cell_inst/g1[10].ro/w4_inferred_i_1,
puf_bd_i/puf_top_0/inst/array/cells[5].cell_inst/g1[10].ro/w5_inferred_i_1,
puf_bd_i/puf_top_0/inst/array/cells[5].cell_inst/g1[10].ro/w6_inferred_i_1
puf_bd_i/puf_top_0/inst/array/cells[5].cell_inst/g1[10].ro/w7_inferred_i_1.
Related violations: <none>

LUTLP-1#179 Critical Warning
Combinatorial Loop Alert  
7 LUT cells form a combinatorial loop. This can create a race condition. Timing analysis may not be accurate. The preferred resolution is to modify the design to remove combinatorial logic loops. If the loop is known and understood, this DRC can be bypassed by acknowledging the condition and setting the following XDC constraint on any one of the nets in the loop: 'set_property ALLOW_COMBINATORIAL_LOOPS TRUE [get_nets <myHier/myNet>]'. One net in the loop is puf_bd_i/puf_top_0/inst/array/cells[5].cell_inst/g1[11].ro/w1. Please evaluate your design. The cells in the loop are: puf_bd_i/puf_top_0/inst/array/cells[5].cell_inst/g1[11].ro/w1_inferred_i_1,
puf_bd_i/puf_top_0/inst/array/cells[5].cell_inst/g1[11].ro/w2_inferred_i_1,
puf_bd_i/puf_top_0/inst/array/cells[5].cell_inst/g1[11].ro/w3_inferred_i_1,
puf_bd_i/puf_top_0/inst/array/cells[5].cell_inst/g1[11].ro/w4_inferred_i_1,
puf_bd_i/puf_top_0/inst/array/cells[5].cell_inst/g1[11].ro/w5_inferred_i_1,
puf_bd_i/puf_top_0/inst/array/cells[5].cell_inst/g1[11].ro/w6_inferred_i_1
puf_bd_i/puf_top_0/inst/array/cells[5].cell_inst/g1[11].ro/w7_inferred_i_1.
Related violations: <none>

LUTLP-1#180 Critical Warning
Combinatorial Loop Alert  
7 LUT cells form a combinatorial loop. This can create a race condition. Timing analysis may not be accurate. The preferred resolution is to modify the design to remove combinatorial logic loops. If the loop is known and understood, this DRC can be bypassed by acknowledging the condition and setting the following XDC constraint on any one of the nets in the loop: 'set_property ALLOW_COMBINATORIAL_LOOPS TRUE [get_nets <myHier/myNet>]'. One net in the loop is puf_bd_i/puf_top_0/inst/array/cells[5].cell_inst/g1[12].ro/w1. Please evaluate your design. The cells in the loop are: puf_bd_i/puf_top_0/inst/array/cells[5].cell_inst/g1[12].ro/w1_inferred_i_1,
puf_bd_i/puf_top_0/inst/array/cells[5].cell_inst/g1[12].ro/w2_inferred_i_1,
puf_bd_i/puf_top_0/inst/array/cells[5].cell_inst/g1[12].ro/w3_inferred_i_1,
puf_bd_i/puf_top_0/inst/array/cells[5].cell_inst/g1[12].ro/w4_inferred_i_1,
puf_bd_i/puf_top_0/inst/array/cells[5].cell_inst/g1[12].ro/w5_inferred_i_1,
puf_bd_i/puf_top_0/inst/array/cells[5].cell_inst/g1[12].ro/w6_inferred_i_1
puf_bd_i/puf_top_0/inst/array/cells[5].cell_inst/g1[12].ro/w7_inferred_i_1.
Related violations: <none>

LUTLP-1#181 Critical Warning
Combinatorial Loop Alert  
7 LUT cells form a combinatorial loop. This can create a race condition. Timing analysis may not be accurate. The preferred resolution is to modify the design to remove combinatorial logic loops. If the loop is known and understood, this DRC can be bypassed by acknowledging the condition and setting the following XDC constraint on any one of the nets in the loop: 'set_property ALLOW_COMBINATORIAL_LOOPS TRUE [get_nets <myHier/myNet>]'. One net in the loop is puf_bd_i/puf_top_0/inst/array/cells[5].cell_inst/g1[13].ro/w1. Please evaluate your design. The cells in the loop are: puf_bd_i/puf_top_0/inst/array/cells[5].cell_inst/g1[13].ro/w1_inferred_i_1,
puf_bd_i/puf_top_0/inst/array/cells[5].cell_inst/g1[13].ro/w2_inferred_i_1,
puf_bd_i/puf_top_0/inst/array/cells[5].cell_inst/g1[13].ro/w3_inferred_i_1,
puf_bd_i/puf_top_0/inst/array/cells[5].cell_inst/g1[13].ro/w4_inferred_i_1,
puf_bd_i/puf_top_0/inst/array/cells[5].cell_inst/g1[13].ro/w5_inferred_i_1,
puf_bd_i/puf_top_0/inst/array/cells[5].cell_inst/g1[13].ro/w6_inferred_i_1
puf_bd_i/puf_top_0/inst/array/cells[5].cell_inst/g1[13].ro/w7_inferred_i_1.
Related violations: <none>

LUTLP-1#182 Critical Warning
Combinatorial Loop Alert  
7 LUT cells form a combinatorial loop. This can create a race condition. Timing analysis may not be accurate. The preferred resolution is to modify the design to remove combinatorial logic loops. If the loop is known and understood, this DRC can be bypassed by acknowledging the condition and setting the following XDC constraint on any one of the nets in the loop: 'set_property ALLOW_COMBINATORIAL_LOOPS TRUE [get_nets <myHier/myNet>]'. One net in the loop is puf_bd_i/puf_top_0/inst/array/cells[5].cell_inst/g1[14].ro/w1. Please evaluate your design. The cells in the loop are: puf_bd_i/puf_top_0/inst/array/cells[5].cell_inst/g1[14].ro/w1_inferred_i_1,
puf_bd_i/puf_top_0/inst/array/cells[5].cell_inst/g1[14].ro/w2_inferred_i_1,
puf_bd_i/puf_top_0/inst/array/cells[5].cell_inst/g1[14].ro/w3_inferred_i_1,
puf_bd_i/puf_top_0/inst/array/cells[5].cell_inst/g1[14].ro/w4_inferred_i_1,
puf_bd_i/puf_top_0/inst/array/cells[5].cell_inst/g1[14].ro/w5_inferred_i_1,
puf_bd_i/puf_top_0/inst/array/cells[5].cell_inst/g1[14].ro/w6_inferred_i_1
puf_bd_i/puf_top_0/inst/array/cells[5].cell_inst/g1[14].ro/w7_inferred_i_1.
Related violations: <none>

LUTLP-1#183 Critical Warning
Combinatorial Loop Alert  
7 LUT cells form a combinatorial loop. This can create a race condition. Timing analysis may not be accurate. The preferred resolution is to modify the design to remove combinatorial logic loops. If the loop is known and understood, this DRC can be bypassed by acknowledging the condition and setting the following XDC constraint on any one of the nets in the loop: 'set_property ALLOW_COMBINATORIAL_LOOPS TRUE [get_nets <myHier/myNet>]'. One net in the loop is puf_bd_i/puf_top_0/inst/array/cells[5].cell_inst/g1[15].ro/w1. Please evaluate your design. The cells in the loop are: puf_bd_i/puf_top_0/inst/array/cells[5].cell_inst/g1[15].ro/w1_inferred_i_1,
puf_bd_i/puf_top_0/inst/array/cells[5].cell_inst/g1[15].ro/w2_inferred_i_1,
puf_bd_i/puf_top_0/inst/array/cells[5].cell_inst/g1[15].ro/w3_inferred_i_1,
puf_bd_i/puf_top_0/inst/array/cells[5].cell_inst/g1[15].ro/w4_inferred_i_1,
puf_bd_i/puf_top_0/inst/array/cells[5].cell_inst/g1[15].ro/w5_inferred_i_1,
puf_bd_i/puf_top_0/inst/array/cells[5].cell_inst/g1[15].ro/w6_inferred_i_1
puf_bd_i/puf_top_0/inst/array/cells[5].cell_inst/g1[15].ro/w7_inferred_i_1.
Related violations: <none>

LUTLP-1#184 Critical Warning
Combinatorial Loop Alert  
7 LUT cells form a combinatorial loop. This can create a race condition. Timing analysis may not be accurate. The preferred resolution is to modify the design to remove combinatorial logic loops. If the loop is known and understood, this DRC can be bypassed by acknowledging the condition and setting the following XDC constraint on any one of the nets in the loop: 'set_property ALLOW_COMBINATORIAL_LOOPS TRUE [get_nets <myHier/myNet>]'. One net in the loop is puf_bd_i/puf_top_0/inst/array/cells[5].cell_inst/g1[1].ro/w1. Please evaluate your design. The cells in the loop are: puf_bd_i/puf_top_0/inst/array/cells[5].cell_inst/g1[1].ro/w1_inferred_i_1,
puf_bd_i/puf_top_0/inst/array/cells[5].cell_inst/g1[1].ro/w2_inferred_i_1,
puf_bd_i/puf_top_0/inst/array/cells[5].cell_inst/g1[1].ro/w3_inferred_i_1,
puf_bd_i/puf_top_0/inst/array/cells[5].cell_inst/g1[1].ro/w4_inferred_i_1,
puf_bd_i/puf_top_0/inst/array/cells[5].cell_inst/g1[1].ro/w5_inferred_i_1,
puf_bd_i/puf_top_0/inst/array/cells[5].cell_inst/g1[1].ro/w6_inferred_i_1
puf_bd_i/puf_top_0/inst/array/cells[5].cell_inst/g1[1].ro/w7_inferred_i_1.
Related violations: <none>

LUTLP-1#185 Critical Warning
Combinatorial Loop Alert  
7 LUT cells form a combinatorial loop. This can create a race condition. Timing analysis may not be accurate. The preferred resolution is to modify the design to remove combinatorial logic loops. If the loop is known and understood, this DRC can be bypassed by acknowledging the condition and setting the following XDC constraint on any one of the nets in the loop: 'set_property ALLOW_COMBINATORIAL_LOOPS TRUE [get_nets <myHier/myNet>]'. One net in the loop is puf_bd_i/puf_top_0/inst/array/cells[5].cell_inst/g1[2].ro/w1. Please evaluate your design. The cells in the loop are: puf_bd_i/puf_top_0/inst/array/cells[5].cell_inst/g1[2].ro/w1_inferred_i_1,
puf_bd_i/puf_top_0/inst/array/cells[5].cell_inst/g1[2].ro/w2_inferred_i_1,
puf_bd_i/puf_top_0/inst/array/cells[5].cell_inst/g1[2].ro/w3_inferred_i_1,
puf_bd_i/puf_top_0/inst/array/cells[5].cell_inst/g1[2].ro/w4_inferred_i_1,
puf_bd_i/puf_top_0/inst/array/cells[5].cell_inst/g1[2].ro/w5_inferred_i_1,
puf_bd_i/puf_top_0/inst/array/cells[5].cell_inst/g1[2].ro/w6_inferred_i_1
puf_bd_i/puf_top_0/inst/array/cells[5].cell_inst/g1[2].ro/w7_inferred_i_1.
Related violations: <none>

LUTLP-1#186 Critical Warning
Combinatorial Loop Alert  
7 LUT cells form a combinatorial loop. This can create a race condition. Timing analysis may not be accurate. The preferred resolution is to modify the design to remove combinatorial logic loops. If the loop is known and understood, this DRC can be bypassed by acknowledging the condition and setting the following XDC constraint on any one of the nets in the loop: 'set_property ALLOW_COMBINATORIAL_LOOPS TRUE [get_nets <myHier/myNet>]'. One net in the loop is puf_bd_i/puf_top_0/inst/array/cells[5].cell_inst/g1[3].ro/w1. Please evaluate your design. The cells in the loop are: puf_bd_i/puf_top_0/inst/array/cells[5].cell_inst/g1[3].ro/w1_inferred_i_1,
puf_bd_i/puf_top_0/inst/array/cells[5].cell_inst/g1[3].ro/w2_inferred_i_1,
puf_bd_i/puf_top_0/inst/array/cells[5].cell_inst/g1[3].ro/w3_inferred_i_1,
puf_bd_i/puf_top_0/inst/array/cells[5].cell_inst/g1[3].ro/w4_inferred_i_1,
puf_bd_i/puf_top_0/inst/array/cells[5].cell_inst/g1[3].ro/w5_inferred_i_1,
puf_bd_i/puf_top_0/inst/array/cells[5].cell_inst/g1[3].ro/w6_inferred_i_1
puf_bd_i/puf_top_0/inst/array/cells[5].cell_inst/g1[3].ro/w7_inferred_i_1.
Related violations: <none>

LUTLP-1#187 Critical Warning
Combinatorial Loop Alert  
7 LUT cells form a combinatorial loop. This can create a race condition. Timing analysis may not be accurate. The preferred resolution is to modify the design to remove combinatorial logic loops. If the loop is known and understood, this DRC can be bypassed by acknowledging the condition and setting the following XDC constraint on any one of the nets in the loop: 'set_property ALLOW_COMBINATORIAL_LOOPS TRUE [get_nets <myHier/myNet>]'. One net in the loop is puf_bd_i/puf_top_0/inst/array/cells[5].cell_inst/g1[4].ro/w1. Please evaluate your design. The cells in the loop are: puf_bd_i/puf_top_0/inst/array/cells[5].cell_inst/g1[4].ro/w1_inferred_i_1,
puf_bd_i/puf_top_0/inst/array/cells[5].cell_inst/g1[4].ro/w2_inferred_i_1,
puf_bd_i/puf_top_0/inst/array/cells[5].cell_inst/g1[4].ro/w3_inferred_i_1,
puf_bd_i/puf_top_0/inst/array/cells[5].cell_inst/g1[4].ro/w4_inferred_i_1,
puf_bd_i/puf_top_0/inst/array/cells[5].cell_inst/g1[4].ro/w5_inferred_i_1,
puf_bd_i/puf_top_0/inst/array/cells[5].cell_inst/g1[4].ro/w6_inferred_i_1
puf_bd_i/puf_top_0/inst/array/cells[5].cell_inst/g1[4].ro/w7_inferred_i_1.
Related violations: <none>

LUTLP-1#188 Critical Warning
Combinatorial Loop Alert  
7 LUT cells form a combinatorial loop. This can create a race condition. Timing analysis may not be accurate. The preferred resolution is to modify the design to remove combinatorial logic loops. If the loop is known and understood, this DRC can be bypassed by acknowledging the condition and setting the following XDC constraint on any one of the nets in the loop: 'set_property ALLOW_COMBINATORIAL_LOOPS TRUE [get_nets <myHier/myNet>]'. One net in the loop is puf_bd_i/puf_top_0/inst/array/cells[5].cell_inst/g1[5].ro/w1. Please evaluate your design. The cells in the loop are: puf_bd_i/puf_top_0/inst/array/cells[5].cell_inst/g1[5].ro/w1_inferred_i_1,
puf_bd_i/puf_top_0/inst/array/cells[5].cell_inst/g1[5].ro/w2_inferred_i_1,
puf_bd_i/puf_top_0/inst/array/cells[5].cell_inst/g1[5].ro/w3_inferred_i_1,
puf_bd_i/puf_top_0/inst/array/cells[5].cell_inst/g1[5].ro/w4_inferred_i_1,
puf_bd_i/puf_top_0/inst/array/cells[5].cell_inst/g1[5].ro/w5_inferred_i_1,
puf_bd_i/puf_top_0/inst/array/cells[5].cell_inst/g1[5].ro/w6_inferred_i_1
puf_bd_i/puf_top_0/inst/array/cells[5].cell_inst/g1[5].ro/w7_inferred_i_1.
Related violations: <none>

LUTLP-1#189 Critical Warning
Combinatorial Loop Alert  
7 LUT cells form a combinatorial loop. This can create a race condition. Timing analysis may not be accurate. The preferred resolution is to modify the design to remove combinatorial logic loops. If the loop is known and understood, this DRC can be bypassed by acknowledging the condition and setting the following XDC constraint on any one of the nets in the loop: 'set_property ALLOW_COMBINATORIAL_LOOPS TRUE [get_nets <myHier/myNet>]'. One net in the loop is puf_bd_i/puf_top_0/inst/array/cells[5].cell_inst/g1[6].ro/w1. Please evaluate your design. The cells in the loop are: puf_bd_i/puf_top_0/inst/array/cells[5].cell_inst/g1[6].ro/w1_inferred_i_1,
puf_bd_i/puf_top_0/inst/array/cells[5].cell_inst/g1[6].ro/w2_inferred_i_1,
puf_bd_i/puf_top_0/inst/array/cells[5].cell_inst/g1[6].ro/w3_inferred_i_1,
puf_bd_i/puf_top_0/inst/array/cells[5].cell_inst/g1[6].ro/w4_inferred_i_1,
puf_bd_i/puf_top_0/inst/array/cells[5].cell_inst/g1[6].ro/w5_inferred_i_1,
puf_bd_i/puf_top_0/inst/array/cells[5].cell_inst/g1[6].ro/w6_inferred_i_1
puf_bd_i/puf_top_0/inst/array/cells[5].cell_inst/g1[6].ro/w7_inferred_i_1.
Related violations: <none>

LUTLP-1#190 Critical Warning
Combinatorial Loop Alert  
7 LUT cells form a combinatorial loop. This can create a race condition. Timing analysis may not be accurate. The preferred resolution is to modify the design to remove combinatorial logic loops. If the loop is known and understood, this DRC can be bypassed by acknowledging the condition and setting the following XDC constraint on any one of the nets in the loop: 'set_property ALLOW_COMBINATORIAL_LOOPS TRUE [get_nets <myHier/myNet>]'. One net in the loop is puf_bd_i/puf_top_0/inst/array/cells[5].cell_inst/g1[7].ro/w1. Please evaluate your design. The cells in the loop are: puf_bd_i/puf_top_0/inst/array/cells[5].cell_inst/g1[7].ro/w1_inferred_i_1,
puf_bd_i/puf_top_0/inst/array/cells[5].cell_inst/g1[7].ro/w2_inferred_i_1,
puf_bd_i/puf_top_0/inst/array/cells[5].cell_inst/g1[7].ro/w3_inferred_i_1,
puf_bd_i/puf_top_0/inst/array/cells[5].cell_inst/g1[7].ro/w4_inferred_i_1,
puf_bd_i/puf_top_0/inst/array/cells[5].cell_inst/g1[7].ro/w5_inferred_i_1,
puf_bd_i/puf_top_0/inst/array/cells[5].cell_inst/g1[7].ro/w6_inferred_i_1
puf_bd_i/puf_top_0/inst/array/cells[5].cell_inst/g1[7].ro/w7_inferred_i_1.
Related violations: <none>

LUTLP-1#191 Critical Warning
Combinatorial Loop Alert  
7 LUT cells form a combinatorial loop. This can create a race condition. Timing analysis may not be accurate. The preferred resolution is to modify the design to remove combinatorial logic loops. If the loop is known and understood, this DRC can be bypassed by acknowledging the condition and setting the following XDC constraint on any one of the nets in the loop: 'set_property ALLOW_COMBINATORIAL_LOOPS TRUE [get_nets <myHier/myNet>]'. One net in the loop is puf_bd_i/puf_top_0/inst/array/cells[5].cell_inst/g1[8].ro/w1. Please evaluate your design. The cells in the loop are: puf_bd_i/puf_top_0/inst/array/cells[5].cell_inst/g1[8].ro/w1_inferred_i_1,
puf_bd_i/puf_top_0/inst/array/cells[5].cell_inst/g1[8].ro/w2_inferred_i_1,
puf_bd_i/puf_top_0/inst/array/cells[5].cell_inst/g1[8].ro/w3_inferred_i_1,
puf_bd_i/puf_top_0/inst/array/cells[5].cell_inst/g1[8].ro/w4_inferred_i_1,
puf_bd_i/puf_top_0/inst/array/cells[5].cell_inst/g1[8].ro/w5_inferred_i_1,
puf_bd_i/puf_top_0/inst/array/cells[5].cell_inst/g1[8].ro/w6_inferred_i_1
puf_bd_i/puf_top_0/inst/array/cells[5].cell_inst/g1[8].ro/w7_inferred_i_1.
Related violations: <none>

LUTLP-1#192 Critical Warning
Combinatorial Loop Alert  
7 LUT cells form a combinatorial loop. This can create a race condition. Timing analysis may not be accurate. The preferred resolution is to modify the design to remove combinatorial logic loops. If the loop is known and understood, this DRC can be bypassed by acknowledging the condition and setting the following XDC constraint on any one of the nets in the loop: 'set_property ALLOW_COMBINATORIAL_LOOPS TRUE [get_nets <myHier/myNet>]'. One net in the loop is puf_bd_i/puf_top_0/inst/array/cells[5].cell_inst/g1[9].ro/w1. Please evaluate your design. The cells in the loop are: puf_bd_i/puf_top_0/inst/array/cells[5].cell_inst/g1[9].ro/w1_inferred_i_1,
puf_bd_i/puf_top_0/inst/array/cells[5].cell_inst/g1[9].ro/w2_inferred_i_1,
puf_bd_i/puf_top_0/inst/array/cells[5].cell_inst/g1[9].ro/w3_inferred_i_1,
puf_bd_i/puf_top_0/inst/array/cells[5].cell_inst/g1[9].ro/w4_inferred_i_1,
puf_bd_i/puf_top_0/inst/array/cells[5].cell_inst/g1[9].ro/w5_inferred_i_1,
puf_bd_i/puf_top_0/inst/array/cells[5].cell_inst/g1[9].ro/w6_inferred_i_1
puf_bd_i/puf_top_0/inst/array/cells[5].cell_inst/g1[9].ro/w7_inferred_i_1.
Related violations: <none>

LUTLP-1#193 Critical Warning
Combinatorial Loop Alert  
7 LUT cells form a combinatorial loop. This can create a race condition. Timing analysis may not be accurate. The preferred resolution is to modify the design to remove combinatorial logic loops. If the loop is known and understood, this DRC can be bypassed by acknowledging the condition and setting the following XDC constraint on any one of the nets in the loop: 'set_property ALLOW_COMBINATORIAL_LOOPS TRUE [get_nets <myHier/myNet>]'. One net in the loop is puf_bd_i/puf_top_0/inst/array/cells[6].cell_inst/g0[0].ro/w1. Please evaluate your design. The cells in the loop are: puf_bd_i/puf_top_0/inst/array/cells[6].cell_inst/g0[0].ro/w1_inferred_i_1,
puf_bd_i/puf_top_0/inst/array/cells[6].cell_inst/g0[0].ro/w2_inferred_i_1,
puf_bd_i/puf_top_0/inst/array/cells[6].cell_inst/g0[0].ro/w3_inferred_i_1,
puf_bd_i/puf_top_0/inst/array/cells[6].cell_inst/g0[0].ro/w4_inferred_i_1,
puf_bd_i/puf_top_0/inst/array/cells[6].cell_inst/g0[0].ro/w5_inferred_i_1,
puf_bd_i/puf_top_0/inst/array/cells[6].cell_inst/g0[0].ro/w6_inferred_i_1
puf_bd_i/puf_top_0/inst/array/cells[6].cell_inst/g0[0].ro/w7_inferred_i_1.
Related violations: <none>

LUTLP-1#194 Critical Warning
Combinatorial Loop Alert  
7 LUT cells form a combinatorial loop. This can create a race condition. Timing analysis may not be accurate. The preferred resolution is to modify the design to remove combinatorial logic loops. If the loop is known and understood, this DRC can be bypassed by acknowledging the condition and setting the following XDC constraint on any one of the nets in the loop: 'set_property ALLOW_COMBINATORIAL_LOOPS TRUE [get_nets <myHier/myNet>]'. One net in the loop is puf_bd_i/puf_top_0/inst/array/cells[6].cell_inst/g0[10].ro/w1. Please evaluate your design. The cells in the loop are: puf_bd_i/puf_top_0/inst/array/cells[6].cell_inst/g0[10].ro/w1_inferred_i_1,
puf_bd_i/puf_top_0/inst/array/cells[6].cell_inst/g0[10].ro/w2_inferred_i_1,
puf_bd_i/puf_top_0/inst/array/cells[6].cell_inst/g0[10].ro/w3_inferred_i_1,
puf_bd_i/puf_top_0/inst/array/cells[6].cell_inst/g0[10].ro/w4_inferred_i_1,
puf_bd_i/puf_top_0/inst/array/cells[6].cell_inst/g0[10].ro/w5_inferred_i_1,
puf_bd_i/puf_top_0/inst/array/cells[6].cell_inst/g0[10].ro/w6_inferred_i_1
puf_bd_i/puf_top_0/inst/array/cells[6].cell_inst/g0[10].ro/w7_inferred_i_1.
Related violations: <none>

LUTLP-1#195 Critical Warning
Combinatorial Loop Alert  
7 LUT cells form a combinatorial loop. This can create a race condition. Timing analysis may not be accurate. The preferred resolution is to modify the design to remove combinatorial logic loops. If the loop is known and understood, this DRC can be bypassed by acknowledging the condition and setting the following XDC constraint on any one of the nets in the loop: 'set_property ALLOW_COMBINATORIAL_LOOPS TRUE [get_nets <myHier/myNet>]'. One net in the loop is puf_bd_i/puf_top_0/inst/array/cells[6].cell_inst/g0[11].ro/w1. Please evaluate your design. The cells in the loop are: puf_bd_i/puf_top_0/inst/array/cells[6].cell_inst/g0[11].ro/w1_inferred_i_1,
puf_bd_i/puf_top_0/inst/array/cells[6].cell_inst/g0[11].ro/w2_inferred_i_1,
puf_bd_i/puf_top_0/inst/array/cells[6].cell_inst/g0[11].ro/w3_inferred_i_1,
puf_bd_i/puf_top_0/inst/array/cells[6].cell_inst/g0[11].ro/w4_inferred_i_1,
puf_bd_i/puf_top_0/inst/array/cells[6].cell_inst/g0[11].ro/w5_inferred_i_1,
puf_bd_i/puf_top_0/inst/array/cells[6].cell_inst/g0[11].ro/w6_inferred_i_1
puf_bd_i/puf_top_0/inst/array/cells[6].cell_inst/g0[11].ro/w7_inferred_i_1.
Related violations: <none>

LUTLP-1#196 Critical Warning
Combinatorial Loop Alert  
7 LUT cells form a combinatorial loop. This can create a race condition. Timing analysis may not be accurate. The preferred resolution is to modify the design to remove combinatorial logic loops. If the loop is known and understood, this DRC can be bypassed by acknowledging the condition and setting the following XDC constraint on any one of the nets in the loop: 'set_property ALLOW_COMBINATORIAL_LOOPS TRUE [get_nets <myHier/myNet>]'. One net in the loop is puf_bd_i/puf_top_0/inst/array/cells[6].cell_inst/g0[12].ro/w1. Please evaluate your design. The cells in the loop are: puf_bd_i/puf_top_0/inst/array/cells[6].cell_inst/g0[12].ro/w1_inferred_i_1,
puf_bd_i/puf_top_0/inst/array/cells[6].cell_inst/g0[12].ro/w2_inferred_i_1,
puf_bd_i/puf_top_0/inst/array/cells[6].cell_inst/g0[12].ro/w3_inferred_i_1,
puf_bd_i/puf_top_0/inst/array/cells[6].cell_inst/g0[12].ro/w4_inferred_i_1,
puf_bd_i/puf_top_0/inst/array/cells[6].cell_inst/g0[12].ro/w5_inferred_i_1,
puf_bd_i/puf_top_0/inst/array/cells[6].cell_inst/g0[12].ro/w6_inferred_i_1
puf_bd_i/puf_top_0/inst/array/cells[6].cell_inst/g0[12].ro/w7_inferred_i_1.
Related violations: <none>

LUTLP-1#197 Critical Warning
Combinatorial Loop Alert  
7 LUT cells form a combinatorial loop. This can create a race condition. Timing analysis may not be accurate. The preferred resolution is to modify the design to remove combinatorial logic loops. If the loop is known and understood, this DRC can be bypassed by acknowledging the condition and setting the following XDC constraint on any one of the nets in the loop: 'set_property ALLOW_COMBINATORIAL_LOOPS TRUE [get_nets <myHier/myNet>]'. One net in the loop is puf_bd_i/puf_top_0/inst/array/cells[6].cell_inst/g0[13].ro/w1. Please evaluate your design. The cells in the loop are: puf_bd_i/puf_top_0/inst/array/cells[6].cell_inst/g0[13].ro/w1_inferred_i_1,
puf_bd_i/puf_top_0/inst/array/cells[6].cell_inst/g0[13].ro/w2_inferred_i_1,
puf_bd_i/puf_top_0/inst/array/cells[6].cell_inst/g0[13].ro/w3_inferred_i_1,
puf_bd_i/puf_top_0/inst/array/cells[6].cell_inst/g0[13].ro/w4_inferred_i_1,
puf_bd_i/puf_top_0/inst/array/cells[6].cell_inst/g0[13].ro/w5_inferred_i_1,
puf_bd_i/puf_top_0/inst/array/cells[6].cell_inst/g0[13].ro/w6_inferred_i_1
puf_bd_i/puf_top_0/inst/array/cells[6].cell_inst/g0[13].ro/w7_inferred_i_1.
Related violations: <none>

LUTLP-1#198 Critical Warning
Combinatorial Loop Alert  
7 LUT cells form a combinatorial loop. This can create a race condition. Timing analysis may not be accurate. The preferred resolution is to modify the design to remove combinatorial logic loops. If the loop is known and understood, this DRC can be bypassed by acknowledging the condition and setting the following XDC constraint on any one of the nets in the loop: 'set_property ALLOW_COMBINATORIAL_LOOPS TRUE [get_nets <myHier/myNet>]'. One net in the loop is puf_bd_i/puf_top_0/inst/array/cells[6].cell_inst/g0[14].ro/w1. Please evaluate your design. The cells in the loop are: puf_bd_i/puf_top_0/inst/array/cells[6].cell_inst/g0[14].ro/w1_inferred_i_1,
puf_bd_i/puf_top_0/inst/array/cells[6].cell_inst/g0[14].ro/w2_inferred_i_1,
puf_bd_i/puf_top_0/inst/array/cells[6].cell_inst/g0[14].ro/w3_inferred_i_1,
puf_bd_i/puf_top_0/inst/array/cells[6].cell_inst/g0[14].ro/w4_inferred_i_1,
puf_bd_i/puf_top_0/inst/array/cells[6].cell_inst/g0[14].ro/w5_inferred_i_1,
puf_bd_i/puf_top_0/inst/array/cells[6].cell_inst/g0[14].ro/w6_inferred_i_1
puf_bd_i/puf_top_0/inst/array/cells[6].cell_inst/g0[14].ro/w7_inferred_i_1.
Related violations: <none>

LUTLP-1#199 Critical Warning
Combinatorial Loop Alert  
7 LUT cells form a combinatorial loop. This can create a race condition. Timing analysis may not be accurate. The preferred resolution is to modify the design to remove combinatorial logic loops. If the loop is known and understood, this DRC can be bypassed by acknowledging the condition and setting the following XDC constraint on any one of the nets in the loop: 'set_property ALLOW_COMBINATORIAL_LOOPS TRUE [get_nets <myHier/myNet>]'. One net in the loop is puf_bd_i/puf_top_0/inst/array/cells[6].cell_inst/g0[15].ro/w1. Please evaluate your design. The cells in the loop are: puf_bd_i/puf_top_0/inst/array/cells[6].cell_inst/g0[15].ro/w1_inferred_i_1,
puf_bd_i/puf_top_0/inst/array/cells[6].cell_inst/g0[15].ro/w2_inferred_i_1,
puf_bd_i/puf_top_0/inst/array/cells[6].cell_inst/g0[15].ro/w3_inferred_i_1,
puf_bd_i/puf_top_0/inst/array/cells[6].cell_inst/g0[15].ro/w4_inferred_i_1,
puf_bd_i/puf_top_0/inst/array/cells[6].cell_inst/g0[15].ro/w5_inferred_i_1,
puf_bd_i/puf_top_0/inst/array/cells[6].cell_inst/g0[15].ro/w6_inferred_i_1
puf_bd_i/puf_top_0/inst/array/cells[6].cell_inst/g0[15].ro/w7_inferred_i_1.
Related violations: <none>

LUTLP-1#200 Critical Warning
Combinatorial Loop Alert  
7 LUT cells form a combinatorial loop. This can create a race condition. Timing analysis may not be accurate. The preferred resolution is to modify the design to remove combinatorial logic loops. If the loop is known and understood, this DRC can be bypassed by acknowledging the condition and setting the following XDC constraint on any one of the nets in the loop: 'set_property ALLOW_COMBINATORIAL_LOOPS TRUE [get_nets <myHier/myNet>]'. One net in the loop is puf_bd_i/puf_top_0/inst/array/cells[6].cell_inst/g0[1].ro/w1. Please evaluate your design. The cells in the loop are: puf_bd_i/puf_top_0/inst/array/cells[6].cell_inst/g0[1].ro/w1_inferred_i_1,
puf_bd_i/puf_top_0/inst/array/cells[6].cell_inst/g0[1].ro/w2_inferred_i_1,
puf_bd_i/puf_top_0/inst/array/cells[6].cell_inst/g0[1].ro/w3_inferred_i_1,
puf_bd_i/puf_top_0/inst/array/cells[6].cell_inst/g0[1].ro/w4_inferred_i_1,
puf_bd_i/puf_top_0/inst/array/cells[6].cell_inst/g0[1].ro/w5_inferred_i_1,
puf_bd_i/puf_top_0/inst/array/cells[6].cell_inst/g0[1].ro/w6_inferred_i_1
puf_bd_i/puf_top_0/inst/array/cells[6].cell_inst/g0[1].ro/w7_inferred_i_1.
Related violations: <none>

LUTLP-1#201 Critical Warning
Combinatorial Loop Alert  
7 LUT cells form a combinatorial loop. This can create a race condition. Timing analysis may not be accurate. The preferred resolution is to modify the design to remove combinatorial logic loops. If the loop is known and understood, this DRC can be bypassed by acknowledging the condition and setting the following XDC constraint on any one of the nets in the loop: 'set_property ALLOW_COMBINATORIAL_LOOPS TRUE [get_nets <myHier/myNet>]'. One net in the loop is puf_bd_i/puf_top_0/inst/array/cells[6].cell_inst/g0[2].ro/w1. Please evaluate your design. The cells in the loop are: puf_bd_i/puf_top_0/inst/array/cells[6].cell_inst/g0[2].ro/w1_inferred_i_1,
puf_bd_i/puf_top_0/inst/array/cells[6].cell_inst/g0[2].ro/w2_inferred_i_1,
puf_bd_i/puf_top_0/inst/array/cells[6].cell_inst/g0[2].ro/w3_inferred_i_1,
puf_bd_i/puf_top_0/inst/array/cells[6].cell_inst/g0[2].ro/w4_inferred_i_1,
puf_bd_i/puf_top_0/inst/array/cells[6].cell_inst/g0[2].ro/w5_inferred_i_1,
puf_bd_i/puf_top_0/inst/array/cells[6].cell_inst/g0[2].ro/w6_inferred_i_1
puf_bd_i/puf_top_0/inst/array/cells[6].cell_inst/g0[2].ro/w7_inferred_i_1.
Related violations: <none>

LUTLP-1#202 Critical Warning
Combinatorial Loop Alert  
7 LUT cells form a combinatorial loop. This can create a race condition. Timing analysis may not be accurate. The preferred resolution is to modify the design to remove combinatorial logic loops. If the loop is known and understood, this DRC can be bypassed by acknowledging the condition and setting the following XDC constraint on any one of the nets in the loop: 'set_property ALLOW_COMBINATORIAL_LOOPS TRUE [get_nets <myHier/myNet>]'. One net in the loop is puf_bd_i/puf_top_0/inst/array/cells[6].cell_inst/g0[3].ro/w1. Please evaluate your design. The cells in the loop are: puf_bd_i/puf_top_0/inst/array/cells[6].cell_inst/g0[3].ro/w1_inferred_i_1,
puf_bd_i/puf_top_0/inst/array/cells[6].cell_inst/g0[3].ro/w2_inferred_i_1,
puf_bd_i/puf_top_0/inst/array/cells[6].cell_inst/g0[3].ro/w3_inferred_i_1,
puf_bd_i/puf_top_0/inst/array/cells[6].cell_inst/g0[3].ro/w4_inferred_i_1,
puf_bd_i/puf_top_0/inst/array/cells[6].cell_inst/g0[3].ro/w5_inferred_i_1,
puf_bd_i/puf_top_0/inst/array/cells[6].cell_inst/g0[3].ro/w6_inferred_i_1
puf_bd_i/puf_top_0/inst/array/cells[6].cell_inst/g0[3].ro/w7_inferred_i_1.
Related violations: <none>

LUTLP-1#203 Critical Warning
Combinatorial Loop Alert  
7 LUT cells form a combinatorial loop. This can create a race condition. Timing analysis may not be accurate. The preferred resolution is to modify the design to remove combinatorial logic loops. If the loop is known and understood, this DRC can be bypassed by acknowledging the condition and setting the following XDC constraint on any one of the nets in the loop: 'set_property ALLOW_COMBINATORIAL_LOOPS TRUE [get_nets <myHier/myNet>]'. One net in the loop is puf_bd_i/puf_top_0/inst/array/cells[6].cell_inst/g0[4].ro/w1. Please evaluate your design. The cells in the loop are: puf_bd_i/puf_top_0/inst/array/cells[6].cell_inst/g0[4].ro/w1_inferred_i_1,
puf_bd_i/puf_top_0/inst/array/cells[6].cell_inst/g0[4].ro/w2_inferred_i_1,
puf_bd_i/puf_top_0/inst/array/cells[6].cell_inst/g0[4].ro/w3_inferred_i_1,
puf_bd_i/puf_top_0/inst/array/cells[6].cell_inst/g0[4].ro/w4_inferred_i_1,
puf_bd_i/puf_top_0/inst/array/cells[6].cell_inst/g0[4].ro/w5_inferred_i_1,
puf_bd_i/puf_top_0/inst/array/cells[6].cell_inst/g0[4].ro/w6_inferred_i_1
puf_bd_i/puf_top_0/inst/array/cells[6].cell_inst/g0[4].ro/w7_inferred_i_1.
Related violations: <none>

LUTLP-1#204 Critical Warning
Combinatorial Loop Alert  
7 LUT cells form a combinatorial loop. This can create a race condition. Timing analysis may not be accurate. The preferred resolution is to modify the design to remove combinatorial logic loops. If the loop is known and understood, this DRC can be bypassed by acknowledging the condition and setting the following XDC constraint on any one of the nets in the loop: 'set_property ALLOW_COMBINATORIAL_LOOPS TRUE [get_nets <myHier/myNet>]'. One net in the loop is puf_bd_i/puf_top_0/inst/array/cells[6].cell_inst/g0[5].ro/w1. Please evaluate your design. The cells in the loop are: puf_bd_i/puf_top_0/inst/array/cells[6].cell_inst/g0[5].ro/w1_inferred_i_1,
puf_bd_i/puf_top_0/inst/array/cells[6].cell_inst/g0[5].ro/w2_inferred_i_1,
puf_bd_i/puf_top_0/inst/array/cells[6].cell_inst/g0[5].ro/w3_inferred_i_1,
puf_bd_i/puf_top_0/inst/array/cells[6].cell_inst/g0[5].ro/w4_inferred_i_1,
puf_bd_i/puf_top_0/inst/array/cells[6].cell_inst/g0[5].ro/w5_inferred_i_1,
puf_bd_i/puf_top_0/inst/array/cells[6].cell_inst/g0[5].ro/w6_inferred_i_1
puf_bd_i/puf_top_0/inst/array/cells[6].cell_inst/g0[5].ro/w7_inferred_i_1.
Related violations: <none>

LUTLP-1#205 Critical Warning
Combinatorial Loop Alert  
7 LUT cells form a combinatorial loop. This can create a race condition. Timing analysis may not be accurate. The preferred resolution is to modify the design to remove combinatorial logic loops. If the loop is known and understood, this DRC can be bypassed by acknowledging the condition and setting the following XDC constraint on any one of the nets in the loop: 'set_property ALLOW_COMBINATORIAL_LOOPS TRUE [get_nets <myHier/myNet>]'. One net in the loop is puf_bd_i/puf_top_0/inst/array/cells[6].cell_inst/g0[6].ro/w1. Please evaluate your design. The cells in the loop are: puf_bd_i/puf_top_0/inst/array/cells[6].cell_inst/g0[6].ro/w1_inferred_i_1,
puf_bd_i/puf_top_0/inst/array/cells[6].cell_inst/g0[6].ro/w2_inferred_i_1,
puf_bd_i/puf_top_0/inst/array/cells[6].cell_inst/g0[6].ro/w3_inferred_i_1,
puf_bd_i/puf_top_0/inst/array/cells[6].cell_inst/g0[6].ro/w4_inferred_i_1,
puf_bd_i/puf_top_0/inst/array/cells[6].cell_inst/g0[6].ro/w5_inferred_i_1,
puf_bd_i/puf_top_0/inst/array/cells[6].cell_inst/g0[6].ro/w6_inferred_i_1
puf_bd_i/puf_top_0/inst/array/cells[6].cell_inst/g0[6].ro/w7_inferred_i_1.
Related violations: <none>

LUTLP-1#206 Critical Warning
Combinatorial Loop Alert  
7 LUT cells form a combinatorial loop. This can create a race condition. Timing analysis may not be accurate. The preferred resolution is to modify the design to remove combinatorial logic loops. If the loop is known and understood, this DRC can be bypassed by acknowledging the condition and setting the following XDC constraint on any one of the nets in the loop: 'set_property ALLOW_COMBINATORIAL_LOOPS TRUE [get_nets <myHier/myNet>]'. One net in the loop is puf_bd_i/puf_top_0/inst/array/cells[6].cell_inst/g0[7].ro/w1. Please evaluate your design. The cells in the loop are: puf_bd_i/puf_top_0/inst/array/cells[6].cell_inst/g0[7].ro/w1_inferred_i_1,
puf_bd_i/puf_top_0/inst/array/cells[6].cell_inst/g0[7].ro/w2_inferred_i_1,
puf_bd_i/puf_top_0/inst/array/cells[6].cell_inst/g0[7].ro/w3_inferred_i_1,
puf_bd_i/puf_top_0/inst/array/cells[6].cell_inst/g0[7].ro/w4_inferred_i_1,
puf_bd_i/puf_top_0/inst/array/cells[6].cell_inst/g0[7].ro/w5_inferred_i_1,
puf_bd_i/puf_top_0/inst/array/cells[6].cell_inst/g0[7].ro/w6_inferred_i_1
puf_bd_i/puf_top_0/inst/array/cells[6].cell_inst/g0[7].ro/w7_inferred_i_1.
Related violations: <none>

LUTLP-1#207 Critical Warning
Combinatorial Loop Alert  
7 LUT cells form a combinatorial loop. This can create a race condition. Timing analysis may not be accurate. The preferred resolution is to modify the design to remove combinatorial logic loops. If the loop is known and understood, this DRC can be bypassed by acknowledging the condition and setting the following XDC constraint on any one of the nets in the loop: 'set_property ALLOW_COMBINATORIAL_LOOPS TRUE [get_nets <myHier/myNet>]'. One net in the loop is puf_bd_i/puf_top_0/inst/array/cells[6].cell_inst/g0[8].ro/w1. Please evaluate your design. The cells in the loop are: puf_bd_i/puf_top_0/inst/array/cells[6].cell_inst/g0[8].ro/w1_inferred_i_1,
puf_bd_i/puf_top_0/inst/array/cells[6].cell_inst/g0[8].ro/w2_inferred_i_1,
puf_bd_i/puf_top_0/inst/array/cells[6].cell_inst/g0[8].ro/w3_inferred_i_1,
puf_bd_i/puf_top_0/inst/array/cells[6].cell_inst/g0[8].ro/w4_inferred_i_1,
puf_bd_i/puf_top_0/inst/array/cells[6].cell_inst/g0[8].ro/w5_inferred_i_1,
puf_bd_i/puf_top_0/inst/array/cells[6].cell_inst/g0[8].ro/w6_inferred_i_1
puf_bd_i/puf_top_0/inst/array/cells[6].cell_inst/g0[8].ro/w7_inferred_i_1.
Related violations: <none>

LUTLP-1#208 Critical Warning
Combinatorial Loop Alert  
7 LUT cells form a combinatorial loop. This can create a race condition. Timing analysis may not be accurate. The preferred resolution is to modify the design to remove combinatorial logic loops. If the loop is known and understood, this DRC can be bypassed by acknowledging the condition and setting the following XDC constraint on any one of the nets in the loop: 'set_property ALLOW_COMBINATORIAL_LOOPS TRUE [get_nets <myHier/myNet>]'. One net in the loop is puf_bd_i/puf_top_0/inst/array/cells[6].cell_inst/g0[9].ro/w1. Please evaluate your design. The cells in the loop are: puf_bd_i/puf_top_0/inst/array/cells[6].cell_inst/g0[9].ro/w1_inferred_i_1,
puf_bd_i/puf_top_0/inst/array/cells[6].cell_inst/g0[9].ro/w2_inferred_i_1,
puf_bd_i/puf_top_0/inst/array/cells[6].cell_inst/g0[9].ro/w3_inferred_i_1,
puf_bd_i/puf_top_0/inst/array/cells[6].cell_inst/g0[9].ro/w4_inferred_i_1,
puf_bd_i/puf_top_0/inst/array/cells[6].cell_inst/g0[9].ro/w5_inferred_i_1,
puf_bd_i/puf_top_0/inst/array/cells[6].cell_inst/g0[9].ro/w6_inferred_i_1
puf_bd_i/puf_top_0/inst/array/cells[6].cell_inst/g0[9].ro/w7_inferred_i_1.
Related violations: <none>

LUTLP-1#209 Critical Warning
Combinatorial Loop Alert  
7 LUT cells form a combinatorial loop. This can create a race condition. Timing analysis may not be accurate. The preferred resolution is to modify the design to remove combinatorial logic loops. If the loop is known and understood, this DRC can be bypassed by acknowledging the condition and setting the following XDC constraint on any one of the nets in the loop: 'set_property ALLOW_COMBINATORIAL_LOOPS TRUE [get_nets <myHier/myNet>]'. One net in the loop is puf_bd_i/puf_top_0/inst/array/cells[6].cell_inst/g1[0].ro/w1. Please evaluate your design. The cells in the loop are: puf_bd_i/puf_top_0/inst/array/cells[6].cell_inst/g1[0].ro/w1_inferred_i_1,
puf_bd_i/puf_top_0/inst/array/cells[6].cell_inst/g1[0].ro/w2_inferred_i_1,
puf_bd_i/puf_top_0/inst/array/cells[6].cell_inst/g1[0].ro/w3_inferred_i_1,
puf_bd_i/puf_top_0/inst/array/cells[6].cell_inst/g1[0].ro/w4_inferred_i_1,
puf_bd_i/puf_top_0/inst/array/cells[6].cell_inst/g1[0].ro/w5_inferred_i_1,
puf_bd_i/puf_top_0/inst/array/cells[6].cell_inst/g1[0].ro/w6_inferred_i_1
puf_bd_i/puf_top_0/inst/array/cells[6].cell_inst/g1[0].ro/w7_inferred_i_1.
Related violations: <none>

LUTLP-1#210 Critical Warning
Combinatorial Loop Alert  
7 LUT cells form a combinatorial loop. This can create a race condition. Timing analysis may not be accurate. The preferred resolution is to modify the design to remove combinatorial logic loops. If the loop is known and understood, this DRC can be bypassed by acknowledging the condition and setting the following XDC constraint on any one of the nets in the loop: 'set_property ALLOW_COMBINATORIAL_LOOPS TRUE [get_nets <myHier/myNet>]'. One net in the loop is puf_bd_i/puf_top_0/inst/array/cells[6].cell_inst/g1[10].ro/w1. Please evaluate your design. The cells in the loop are: puf_bd_i/puf_top_0/inst/array/cells[6].cell_inst/g1[10].ro/w1_inferred_i_1,
puf_bd_i/puf_top_0/inst/array/cells[6].cell_inst/g1[10].ro/w2_inferred_i_1,
puf_bd_i/puf_top_0/inst/array/cells[6].cell_inst/g1[10].ro/w3_inferred_i_1,
puf_bd_i/puf_top_0/inst/array/cells[6].cell_inst/g1[10].ro/w4_inferred_i_1,
puf_bd_i/puf_top_0/inst/array/cells[6].cell_inst/g1[10].ro/w5_inferred_i_1,
puf_bd_i/puf_top_0/inst/array/cells[6].cell_inst/g1[10].ro/w6_inferred_i_1
puf_bd_i/puf_top_0/inst/array/cells[6].cell_inst/g1[10].ro/w7_inferred_i_1.
Related violations: <none>

LUTLP-1#211 Critical Warning
Combinatorial Loop Alert  
7 LUT cells form a combinatorial loop. This can create a race condition. Timing analysis may not be accurate. The preferred resolution is to modify the design to remove combinatorial logic loops. If the loop is known and understood, this DRC can be bypassed by acknowledging the condition and setting the following XDC constraint on any one of the nets in the loop: 'set_property ALLOW_COMBINATORIAL_LOOPS TRUE [get_nets <myHier/myNet>]'. One net in the loop is puf_bd_i/puf_top_0/inst/array/cells[6].cell_inst/g1[11].ro/w1. Please evaluate your design. The cells in the loop are: puf_bd_i/puf_top_0/inst/array/cells[6].cell_inst/g1[11].ro/w1_inferred_i_1,
puf_bd_i/puf_top_0/inst/array/cells[6].cell_inst/g1[11].ro/w2_inferred_i_1,
puf_bd_i/puf_top_0/inst/array/cells[6].cell_inst/g1[11].ro/w3_inferred_i_1,
puf_bd_i/puf_top_0/inst/array/cells[6].cell_inst/g1[11].ro/w4_inferred_i_1,
puf_bd_i/puf_top_0/inst/array/cells[6].cell_inst/g1[11].ro/w5_inferred_i_1,
puf_bd_i/puf_top_0/inst/array/cells[6].cell_inst/g1[11].ro/w6_inferred_i_1
puf_bd_i/puf_top_0/inst/array/cells[6].cell_inst/g1[11].ro/w7_inferred_i_1.
Related violations: <none>

LUTLP-1#212 Critical Warning
Combinatorial Loop Alert  
7 LUT cells form a combinatorial loop. This can create a race condition. Timing analysis may not be accurate. The preferred resolution is to modify the design to remove combinatorial logic loops. If the loop is known and understood, this DRC can be bypassed by acknowledging the condition and setting the following XDC constraint on any one of the nets in the loop: 'set_property ALLOW_COMBINATORIAL_LOOPS TRUE [get_nets <myHier/myNet>]'. One net in the loop is puf_bd_i/puf_top_0/inst/array/cells[6].cell_inst/g1[12].ro/w1. Please evaluate your design. The cells in the loop are: puf_bd_i/puf_top_0/inst/array/cells[6].cell_inst/g1[12].ro/w1_inferred_i_1,
puf_bd_i/puf_top_0/inst/array/cells[6].cell_inst/g1[12].ro/w2_inferred_i_1,
puf_bd_i/puf_top_0/inst/array/cells[6].cell_inst/g1[12].ro/w3_inferred_i_1,
puf_bd_i/puf_top_0/inst/array/cells[6].cell_inst/g1[12].ro/w4_inferred_i_1,
puf_bd_i/puf_top_0/inst/array/cells[6].cell_inst/g1[12].ro/w5_inferred_i_1,
puf_bd_i/puf_top_0/inst/array/cells[6].cell_inst/g1[12].ro/w6_inferred_i_1
puf_bd_i/puf_top_0/inst/array/cells[6].cell_inst/g1[12].ro/w7_inferred_i_1.
Related violations: <none>

LUTLP-1#213 Critical Warning
Combinatorial Loop Alert  
7 LUT cells form a combinatorial loop. This can create a race condition. Timing analysis may not be accurate. The preferred resolution is to modify the design to remove combinatorial logic loops. If the loop is known and understood, this DRC can be bypassed by acknowledging the condition and setting the following XDC constraint on any one of the nets in the loop: 'set_property ALLOW_COMBINATORIAL_LOOPS TRUE [get_nets <myHier/myNet>]'. One net in the loop is puf_bd_i/puf_top_0/inst/array/cells[6].cell_inst/g1[13].ro/w1. Please evaluate your design. The cells in the loop are: puf_bd_i/puf_top_0/inst/array/cells[6].cell_inst/g1[13].ro/w1_inferred_i_1,
puf_bd_i/puf_top_0/inst/array/cells[6].cell_inst/g1[13].ro/w2_inferred_i_1,
puf_bd_i/puf_top_0/inst/array/cells[6].cell_inst/g1[13].ro/w3_inferred_i_1,
puf_bd_i/puf_top_0/inst/array/cells[6].cell_inst/g1[13].ro/w4_inferred_i_1,
puf_bd_i/puf_top_0/inst/array/cells[6].cell_inst/g1[13].ro/w5_inferred_i_1,
puf_bd_i/puf_top_0/inst/array/cells[6].cell_inst/g1[13].ro/w6_inferred_i_1
puf_bd_i/puf_top_0/inst/array/cells[6].cell_inst/g1[13].ro/w7_inferred_i_1.
Related violations: <none>

LUTLP-1#214 Critical Warning
Combinatorial Loop Alert  
7 LUT cells form a combinatorial loop. This can create a race condition. Timing analysis may not be accurate. The preferred resolution is to modify the design to remove combinatorial logic loops. If the loop is known and understood, this DRC can be bypassed by acknowledging the condition and setting the following XDC constraint on any one of the nets in the loop: 'set_property ALLOW_COMBINATORIAL_LOOPS TRUE [get_nets <myHier/myNet>]'. One net in the loop is puf_bd_i/puf_top_0/inst/array/cells[6].cell_inst/g1[14].ro/w1. Please evaluate your design. The cells in the loop are: puf_bd_i/puf_top_0/inst/array/cells[6].cell_inst/g1[14].ro/w1_inferred_i_1,
puf_bd_i/puf_top_0/inst/array/cells[6].cell_inst/g1[14].ro/w2_inferred_i_1,
puf_bd_i/puf_top_0/inst/array/cells[6].cell_inst/g1[14].ro/w3_inferred_i_1,
puf_bd_i/puf_top_0/inst/array/cells[6].cell_inst/g1[14].ro/w4_inferred_i_1,
puf_bd_i/puf_top_0/inst/array/cells[6].cell_inst/g1[14].ro/w5_inferred_i_1,
puf_bd_i/puf_top_0/inst/array/cells[6].cell_inst/g1[14].ro/w6_inferred_i_1
puf_bd_i/puf_top_0/inst/array/cells[6].cell_inst/g1[14].ro/w7_inferred_i_1.
Related violations: <none>

LUTLP-1#215 Critical Warning
Combinatorial Loop Alert  
7 LUT cells form a combinatorial loop. This can create a race condition. Timing analysis may not be accurate. The preferred resolution is to modify the design to remove combinatorial logic loops. If the loop is known and understood, this DRC can be bypassed by acknowledging the condition and setting the following XDC constraint on any one of the nets in the loop: 'set_property ALLOW_COMBINATORIAL_LOOPS TRUE [get_nets <myHier/myNet>]'. One net in the loop is puf_bd_i/puf_top_0/inst/array/cells[6].cell_inst/g1[15].ro/w1. Please evaluate your design. The cells in the loop are: puf_bd_i/puf_top_0/inst/array/cells[6].cell_inst/g1[15].ro/w1_inferred_i_1,
puf_bd_i/puf_top_0/inst/array/cells[6].cell_inst/g1[15].ro/w2_inferred_i_1,
puf_bd_i/puf_top_0/inst/array/cells[6].cell_inst/g1[15].ro/w3_inferred_i_1,
puf_bd_i/puf_top_0/inst/array/cells[6].cell_inst/g1[15].ro/w4_inferred_i_1,
puf_bd_i/puf_top_0/inst/array/cells[6].cell_inst/g1[15].ro/w5_inferred_i_1,
puf_bd_i/puf_top_0/inst/array/cells[6].cell_inst/g1[15].ro/w6_inferred_i_1
puf_bd_i/puf_top_0/inst/array/cells[6].cell_inst/g1[15].ro/w7_inferred_i_1.
Related violations: <none>

LUTLP-1#216 Critical Warning
Combinatorial Loop Alert  
7 LUT cells form a combinatorial loop. This can create a race condition. Timing analysis may not be accurate. The preferred resolution is to modify the design to remove combinatorial logic loops. If the loop is known and understood, this DRC can be bypassed by acknowledging the condition and setting the following XDC constraint on any one of the nets in the loop: 'set_property ALLOW_COMBINATORIAL_LOOPS TRUE [get_nets <myHier/myNet>]'. One net in the loop is puf_bd_i/puf_top_0/inst/array/cells[6].cell_inst/g1[1].ro/w1. Please evaluate your design. The cells in the loop are: puf_bd_i/puf_top_0/inst/array/cells[6].cell_inst/g1[1].ro/w1_inferred_i_1,
puf_bd_i/puf_top_0/inst/array/cells[6].cell_inst/g1[1].ro/w2_inferred_i_1,
puf_bd_i/puf_top_0/inst/array/cells[6].cell_inst/g1[1].ro/w3_inferred_i_1,
puf_bd_i/puf_top_0/inst/array/cells[6].cell_inst/g1[1].ro/w4_inferred_i_1,
puf_bd_i/puf_top_0/inst/array/cells[6].cell_inst/g1[1].ro/w5_inferred_i_1,
puf_bd_i/puf_top_0/inst/array/cells[6].cell_inst/g1[1].ro/w6_inferred_i_1
puf_bd_i/puf_top_0/inst/array/cells[6].cell_inst/g1[1].ro/w7_inferred_i_1.
Related violations: <none>

LUTLP-1#217 Critical Warning
Combinatorial Loop Alert  
7 LUT cells form a combinatorial loop. This can create a race condition. Timing analysis may not be accurate. The preferred resolution is to modify the design to remove combinatorial logic loops. If the loop is known and understood, this DRC can be bypassed by acknowledging the condition and setting the following XDC constraint on any one of the nets in the loop: 'set_property ALLOW_COMBINATORIAL_LOOPS TRUE [get_nets <myHier/myNet>]'. One net in the loop is puf_bd_i/puf_top_0/inst/array/cells[6].cell_inst/g1[2].ro/w1. Please evaluate your design. The cells in the loop are: puf_bd_i/puf_top_0/inst/array/cells[6].cell_inst/g1[2].ro/w1_inferred_i_1,
puf_bd_i/puf_top_0/inst/array/cells[6].cell_inst/g1[2].ro/w2_inferred_i_1,
puf_bd_i/puf_top_0/inst/array/cells[6].cell_inst/g1[2].ro/w3_inferred_i_1,
puf_bd_i/puf_top_0/inst/array/cells[6].cell_inst/g1[2].ro/w4_inferred_i_1,
puf_bd_i/puf_top_0/inst/array/cells[6].cell_inst/g1[2].ro/w5_inferred_i_1,
puf_bd_i/puf_top_0/inst/array/cells[6].cell_inst/g1[2].ro/w6_inferred_i_1
puf_bd_i/puf_top_0/inst/array/cells[6].cell_inst/g1[2].ro/w7_inferred_i_1.
Related violations: <none>

LUTLP-1#218 Critical Warning
Combinatorial Loop Alert  
7 LUT cells form a combinatorial loop. This can create a race condition. Timing analysis may not be accurate. The preferred resolution is to modify the design to remove combinatorial logic loops. If the loop is known and understood, this DRC can be bypassed by acknowledging the condition and setting the following XDC constraint on any one of the nets in the loop: 'set_property ALLOW_COMBINATORIAL_LOOPS TRUE [get_nets <myHier/myNet>]'. One net in the loop is puf_bd_i/puf_top_0/inst/array/cells[6].cell_inst/g1[3].ro/w1. Please evaluate your design. The cells in the loop are: puf_bd_i/puf_top_0/inst/array/cells[6].cell_inst/g1[3].ro/w1_inferred_i_1,
puf_bd_i/puf_top_0/inst/array/cells[6].cell_inst/g1[3].ro/w2_inferred_i_1,
puf_bd_i/puf_top_0/inst/array/cells[6].cell_inst/g1[3].ro/w3_inferred_i_1,
puf_bd_i/puf_top_0/inst/array/cells[6].cell_inst/g1[3].ro/w4_inferred_i_1,
puf_bd_i/puf_top_0/inst/array/cells[6].cell_inst/g1[3].ro/w5_inferred_i_1,
puf_bd_i/puf_top_0/inst/array/cells[6].cell_inst/g1[3].ro/w6_inferred_i_1
puf_bd_i/puf_top_0/inst/array/cells[6].cell_inst/g1[3].ro/w7_inferred_i_1.
Related violations: <none>

LUTLP-1#219 Critical Warning
Combinatorial Loop Alert  
7 LUT cells form a combinatorial loop. This can create a race condition. Timing analysis may not be accurate. The preferred resolution is to modify the design to remove combinatorial logic loops. If the loop is known and understood, this DRC can be bypassed by acknowledging the condition and setting the following XDC constraint on any one of the nets in the loop: 'set_property ALLOW_COMBINATORIAL_LOOPS TRUE [get_nets <myHier/myNet>]'. One net in the loop is puf_bd_i/puf_top_0/inst/array/cells[6].cell_inst/g1[4].ro/w1. Please evaluate your design. The cells in the loop are: puf_bd_i/puf_top_0/inst/array/cells[6].cell_inst/g1[4].ro/w1_inferred_i_1,
puf_bd_i/puf_top_0/inst/array/cells[6].cell_inst/g1[4].ro/w2_inferred_i_1,
puf_bd_i/puf_top_0/inst/array/cells[6].cell_inst/g1[4].ro/w3_inferred_i_1,
puf_bd_i/puf_top_0/inst/array/cells[6].cell_inst/g1[4].ro/w4_inferred_i_1,
puf_bd_i/puf_top_0/inst/array/cells[6].cell_inst/g1[4].ro/w5_inferred_i_1,
puf_bd_i/puf_top_0/inst/array/cells[6].cell_inst/g1[4].ro/w6_inferred_i_1
puf_bd_i/puf_top_0/inst/array/cells[6].cell_inst/g1[4].ro/w7_inferred_i_1.
Related violations: <none>

LUTLP-1#220 Critical Warning
Combinatorial Loop Alert  
7 LUT cells form a combinatorial loop. This can create a race condition. Timing analysis may not be accurate. The preferred resolution is to modify the design to remove combinatorial logic loops. If the loop is known and understood, this DRC can be bypassed by acknowledging the condition and setting the following XDC constraint on any one of the nets in the loop: 'set_property ALLOW_COMBINATORIAL_LOOPS TRUE [get_nets <myHier/myNet>]'. One net in the loop is puf_bd_i/puf_top_0/inst/array/cells[6].cell_inst/g1[5].ro/w1. Please evaluate your design. The cells in the loop are: puf_bd_i/puf_top_0/inst/array/cells[6].cell_inst/g1[5].ro/w1_inferred_i_1,
puf_bd_i/puf_top_0/inst/array/cells[6].cell_inst/g1[5].ro/w2_inferred_i_1,
puf_bd_i/puf_top_0/inst/array/cells[6].cell_inst/g1[5].ro/w3_inferred_i_1,
puf_bd_i/puf_top_0/inst/array/cells[6].cell_inst/g1[5].ro/w4_inferred_i_1,
puf_bd_i/puf_top_0/inst/array/cells[6].cell_inst/g1[5].ro/w5_inferred_i_1,
puf_bd_i/puf_top_0/inst/array/cells[6].cell_inst/g1[5].ro/w6_inferred_i_1
puf_bd_i/puf_top_0/inst/array/cells[6].cell_inst/g1[5].ro/w7_inferred_i_1.
Related violations: <none>

LUTLP-1#221 Critical Warning
Combinatorial Loop Alert  
7 LUT cells form a combinatorial loop. This can create a race condition. Timing analysis may not be accurate. The preferred resolution is to modify the design to remove combinatorial logic loops. If the loop is known and understood, this DRC can be bypassed by acknowledging the condition and setting the following XDC constraint on any one of the nets in the loop: 'set_property ALLOW_COMBINATORIAL_LOOPS TRUE [get_nets <myHier/myNet>]'. One net in the loop is puf_bd_i/puf_top_0/inst/array/cells[6].cell_inst/g1[6].ro/w1. Please evaluate your design. The cells in the loop are: puf_bd_i/puf_top_0/inst/array/cells[6].cell_inst/g1[6].ro/w1_inferred_i_1,
puf_bd_i/puf_top_0/inst/array/cells[6].cell_inst/g1[6].ro/w2_inferred_i_1,
puf_bd_i/puf_top_0/inst/array/cells[6].cell_inst/g1[6].ro/w3_inferred_i_1,
puf_bd_i/puf_top_0/inst/array/cells[6].cell_inst/g1[6].ro/w4_inferred_i_1,
puf_bd_i/puf_top_0/inst/array/cells[6].cell_inst/g1[6].ro/w5_inferred_i_1,
puf_bd_i/puf_top_0/inst/array/cells[6].cell_inst/g1[6].ro/w6_inferred_i_1
puf_bd_i/puf_top_0/inst/array/cells[6].cell_inst/g1[6].ro/w7_inferred_i_1.
Related violations: <none>

LUTLP-1#222 Critical Warning
Combinatorial Loop Alert  
7 LUT cells form a combinatorial loop. This can create a race condition. Timing analysis may not be accurate. The preferred resolution is to modify the design to remove combinatorial logic loops. If the loop is known and understood, this DRC can be bypassed by acknowledging the condition and setting the following XDC constraint on any one of the nets in the loop: 'set_property ALLOW_COMBINATORIAL_LOOPS TRUE [get_nets <myHier/myNet>]'. One net in the loop is puf_bd_i/puf_top_0/inst/array/cells[6].cell_inst/g1[7].ro/w1. Please evaluate your design. The cells in the loop are: puf_bd_i/puf_top_0/inst/array/cells[6].cell_inst/g1[7].ro/w1_inferred_i_1,
puf_bd_i/puf_top_0/inst/array/cells[6].cell_inst/g1[7].ro/w2_inferred_i_1,
puf_bd_i/puf_top_0/inst/array/cells[6].cell_inst/g1[7].ro/w3_inferred_i_1,
puf_bd_i/puf_top_0/inst/array/cells[6].cell_inst/g1[7].ro/w4_inferred_i_1,
puf_bd_i/puf_top_0/inst/array/cells[6].cell_inst/g1[7].ro/w5_inferred_i_1,
puf_bd_i/puf_top_0/inst/array/cells[6].cell_inst/g1[7].ro/w6_inferred_i_1
puf_bd_i/puf_top_0/inst/array/cells[6].cell_inst/g1[7].ro/w7_inferred_i_1.
Related violations: <none>

LUTLP-1#223 Critical Warning
Combinatorial Loop Alert  
7 LUT cells form a combinatorial loop. This can create a race condition. Timing analysis may not be accurate. The preferred resolution is to modify the design to remove combinatorial logic loops. If the loop is known and understood, this DRC can be bypassed by acknowledging the condition and setting the following XDC constraint on any one of the nets in the loop: 'set_property ALLOW_COMBINATORIAL_LOOPS TRUE [get_nets <myHier/myNet>]'. One net in the loop is puf_bd_i/puf_top_0/inst/array/cells[6].cell_inst/g1[8].ro/w1. Please evaluate your design. The cells in the loop are: puf_bd_i/puf_top_0/inst/array/cells[6].cell_inst/g1[8].ro/w1_inferred_i_1,
puf_bd_i/puf_top_0/inst/array/cells[6].cell_inst/g1[8].ro/w2_inferred_i_1,
puf_bd_i/puf_top_0/inst/array/cells[6].cell_inst/g1[8].ro/w3_inferred_i_1,
puf_bd_i/puf_top_0/inst/array/cells[6].cell_inst/g1[8].ro/w4_inferred_i_1,
puf_bd_i/puf_top_0/inst/array/cells[6].cell_inst/g1[8].ro/w5_inferred_i_1,
puf_bd_i/puf_top_0/inst/array/cells[6].cell_inst/g1[8].ro/w6_inferred_i_1
puf_bd_i/puf_top_0/inst/array/cells[6].cell_inst/g1[8].ro/w7_inferred_i_1.
Related violations: <none>

LUTLP-1#224 Critical Warning
Combinatorial Loop Alert  
7 LUT cells form a combinatorial loop. This can create a race condition. Timing analysis may not be accurate. The preferred resolution is to modify the design to remove combinatorial logic loops. If the loop is known and understood, this DRC can be bypassed by acknowledging the condition and setting the following XDC constraint on any one of the nets in the loop: 'set_property ALLOW_COMBINATORIAL_LOOPS TRUE [get_nets <myHier/myNet>]'. One net in the loop is puf_bd_i/puf_top_0/inst/array/cells[6].cell_inst/g1[9].ro/w1. Please evaluate your design. The cells in the loop are: puf_bd_i/puf_top_0/inst/array/cells[6].cell_inst/g1[9].ro/w1_inferred_i_1,
puf_bd_i/puf_top_0/inst/array/cells[6].cell_inst/g1[9].ro/w2_inferred_i_1,
puf_bd_i/puf_top_0/inst/array/cells[6].cell_inst/g1[9].ro/w3_inferred_i_1,
puf_bd_i/puf_top_0/inst/array/cells[6].cell_inst/g1[9].ro/w4_inferred_i_1,
puf_bd_i/puf_top_0/inst/array/cells[6].cell_inst/g1[9].ro/w5_inferred_i_1,
puf_bd_i/puf_top_0/inst/array/cells[6].cell_inst/g1[9].ro/w6_inferred_i_1
puf_bd_i/puf_top_0/inst/array/cells[6].cell_inst/g1[9].ro/w7_inferred_i_1.
Related violations: <none>

LUTLP-1#225 Critical Warning
Combinatorial Loop Alert  
7 LUT cells form a combinatorial loop. This can create a race condition. Timing analysis may not be accurate. The preferred resolution is to modify the design to remove combinatorial logic loops. If the loop is known and understood, this DRC can be bypassed by acknowledging the condition and setting the following XDC constraint on any one of the nets in the loop: 'set_property ALLOW_COMBINATORIAL_LOOPS TRUE [get_nets <myHier/myNet>]'. One net in the loop is puf_bd_i/puf_top_0/inst/array/cells[7].cell_inst/g0[0].ro/w1. Please evaluate your design. The cells in the loop are: puf_bd_i/puf_top_0/inst/array/cells[7].cell_inst/g0[0].ro/w1_inferred_i_1,
puf_bd_i/puf_top_0/inst/array/cells[7].cell_inst/g0[0].ro/w2_inferred_i_1,
puf_bd_i/puf_top_0/inst/array/cells[7].cell_inst/g0[0].ro/w3_inferred_i_1,
puf_bd_i/puf_top_0/inst/array/cells[7].cell_inst/g0[0].ro/w4_inferred_i_1,
puf_bd_i/puf_top_0/inst/array/cells[7].cell_inst/g0[0].ro/w5_inferred_i_1,
puf_bd_i/puf_top_0/inst/array/cells[7].cell_inst/g0[0].ro/w6_inferred_i_1
puf_bd_i/puf_top_0/inst/array/cells[7].cell_inst/g0[0].ro/w7_inferred_i_1.
Related violations: <none>

LUTLP-1#226 Critical Warning
Combinatorial Loop Alert  
7 LUT cells form a combinatorial loop. This can create a race condition. Timing analysis may not be accurate. The preferred resolution is to modify the design to remove combinatorial logic loops. If the loop is known and understood, this DRC can be bypassed by acknowledging the condition and setting the following XDC constraint on any one of the nets in the loop: 'set_property ALLOW_COMBINATORIAL_LOOPS TRUE [get_nets <myHier/myNet>]'. One net in the loop is puf_bd_i/puf_top_0/inst/array/cells[7].cell_inst/g0[10].ro/w1. Please evaluate your design. The cells in the loop are: puf_bd_i/puf_top_0/inst/array/cells[7].cell_inst/g0[10].ro/w1_inferred_i_1,
puf_bd_i/puf_top_0/inst/array/cells[7].cell_inst/g0[10].ro/w2_inferred_i_1,
puf_bd_i/puf_top_0/inst/array/cells[7].cell_inst/g0[10].ro/w3_inferred_i_1,
puf_bd_i/puf_top_0/inst/array/cells[7].cell_inst/g0[10].ro/w4_inferred_i_1,
puf_bd_i/puf_top_0/inst/array/cells[7].cell_inst/g0[10].ro/w5_inferred_i_1,
puf_bd_i/puf_top_0/inst/array/cells[7].cell_inst/g0[10].ro/w6_inferred_i_1
puf_bd_i/puf_top_0/inst/array/cells[7].cell_inst/g0[10].ro/w7_inferred_i_1.
Related violations: <none>

LUTLP-1#227 Critical Warning
Combinatorial Loop Alert  
7 LUT cells form a combinatorial loop. This can create a race condition. Timing analysis may not be accurate. The preferred resolution is to modify the design to remove combinatorial logic loops. If the loop is known and understood, this DRC can be bypassed by acknowledging the condition and setting the following XDC constraint on any one of the nets in the loop: 'set_property ALLOW_COMBINATORIAL_LOOPS TRUE [get_nets <myHier/myNet>]'. One net in the loop is puf_bd_i/puf_top_0/inst/array/cells[7].cell_inst/g0[11].ro/w1. Please evaluate your design. The cells in the loop are: puf_bd_i/puf_top_0/inst/array/cells[7].cell_inst/g0[11].ro/w1_inferred_i_1,
puf_bd_i/puf_top_0/inst/array/cells[7].cell_inst/g0[11].ro/w2_inferred_i_1,
puf_bd_i/puf_top_0/inst/array/cells[7].cell_inst/g0[11].ro/w3_inferred_i_1,
puf_bd_i/puf_top_0/inst/array/cells[7].cell_inst/g0[11].ro/w4_inferred_i_1,
puf_bd_i/puf_top_0/inst/array/cells[7].cell_inst/g0[11].ro/w5_inferred_i_1,
puf_bd_i/puf_top_0/inst/array/cells[7].cell_inst/g0[11].ro/w6_inferred_i_1
puf_bd_i/puf_top_0/inst/array/cells[7].cell_inst/g0[11].ro/w7_inferred_i_1.
Related violations: <none>

LUTLP-1#228 Critical Warning
Combinatorial Loop Alert  
7 LUT cells form a combinatorial loop. This can create a race condition. Timing analysis may not be accurate. The preferred resolution is to modify the design to remove combinatorial logic loops. If the loop is known and understood, this DRC can be bypassed by acknowledging the condition and setting the following XDC constraint on any one of the nets in the loop: 'set_property ALLOW_COMBINATORIAL_LOOPS TRUE [get_nets <myHier/myNet>]'. One net in the loop is puf_bd_i/puf_top_0/inst/array/cells[7].cell_inst/g0[12].ro/w1. Please evaluate your design. The cells in the loop are: puf_bd_i/puf_top_0/inst/array/cells[7].cell_inst/g0[12].ro/w1_inferred_i_1,
puf_bd_i/puf_top_0/inst/array/cells[7].cell_inst/g0[12].ro/w2_inferred_i_1,
puf_bd_i/puf_top_0/inst/array/cells[7].cell_inst/g0[12].ro/w3_inferred_i_1,
puf_bd_i/puf_top_0/inst/array/cells[7].cell_inst/g0[12].ro/w4_inferred_i_1,
puf_bd_i/puf_top_0/inst/array/cells[7].cell_inst/g0[12].ro/w5_inferred_i_1,
puf_bd_i/puf_top_0/inst/array/cells[7].cell_inst/g0[12].ro/w6_inferred_i_1
puf_bd_i/puf_top_0/inst/array/cells[7].cell_inst/g0[12].ro/w7_inferred_i_1.
Related violations: <none>

LUTLP-1#229 Critical Warning
Combinatorial Loop Alert  
7 LUT cells form a combinatorial loop. This can create a race condition. Timing analysis may not be accurate. The preferred resolution is to modify the design to remove combinatorial logic loops. If the loop is known and understood, this DRC can be bypassed by acknowledging the condition and setting the following XDC constraint on any one of the nets in the loop: 'set_property ALLOW_COMBINATORIAL_LOOPS TRUE [get_nets <myHier/myNet>]'. One net in the loop is puf_bd_i/puf_top_0/inst/array/cells[7].cell_inst/g0[13].ro/w1. Please evaluate your design. The cells in the loop are: puf_bd_i/puf_top_0/inst/array/cells[7].cell_inst/g0[13].ro/w1_inferred_i_1,
puf_bd_i/puf_top_0/inst/array/cells[7].cell_inst/g0[13].ro/w2_inferred_i_1,
puf_bd_i/puf_top_0/inst/array/cells[7].cell_inst/g0[13].ro/w3_inferred_i_1,
puf_bd_i/puf_top_0/inst/array/cells[7].cell_inst/g0[13].ro/w4_inferred_i_1,
puf_bd_i/puf_top_0/inst/array/cells[7].cell_inst/g0[13].ro/w5_inferred_i_1,
puf_bd_i/puf_top_0/inst/array/cells[7].cell_inst/g0[13].ro/w6_inferred_i_1
puf_bd_i/puf_top_0/inst/array/cells[7].cell_inst/g0[13].ro/w7_inferred_i_1.
Related violations: <none>

LUTLP-1#230 Critical Warning
Combinatorial Loop Alert  
7 LUT cells form a combinatorial loop. This can create a race condition. Timing analysis may not be accurate. The preferred resolution is to modify the design to remove combinatorial logic loops. If the loop is known and understood, this DRC can be bypassed by acknowledging the condition and setting the following XDC constraint on any one of the nets in the loop: 'set_property ALLOW_COMBINATORIAL_LOOPS TRUE [get_nets <myHier/myNet>]'. One net in the loop is puf_bd_i/puf_top_0/inst/array/cells[7].cell_inst/g0[14].ro/w1. Please evaluate your design. The cells in the loop are: puf_bd_i/puf_top_0/inst/array/cells[7].cell_inst/g0[14].ro/w1_inferred_i_1,
puf_bd_i/puf_top_0/inst/array/cells[7].cell_inst/g0[14].ro/w2_inferred_i_1,
puf_bd_i/puf_top_0/inst/array/cells[7].cell_inst/g0[14].ro/w3_inferred_i_1,
puf_bd_i/puf_top_0/inst/array/cells[7].cell_inst/g0[14].ro/w4_inferred_i_1,
puf_bd_i/puf_top_0/inst/array/cells[7].cell_inst/g0[14].ro/w5_inferred_i_1,
puf_bd_i/puf_top_0/inst/array/cells[7].cell_inst/g0[14].ro/w6_inferred_i_1
puf_bd_i/puf_top_0/inst/array/cells[7].cell_inst/g0[14].ro/w7_inferred_i_1.
Related violations: <none>

LUTLP-1#231 Critical Warning
Combinatorial Loop Alert  
7 LUT cells form a combinatorial loop. This can create a race condition. Timing analysis may not be accurate. The preferred resolution is to modify the design to remove combinatorial logic loops. If the loop is known and understood, this DRC can be bypassed by acknowledging the condition and setting the following XDC constraint on any one of the nets in the loop: 'set_property ALLOW_COMBINATORIAL_LOOPS TRUE [get_nets <myHier/myNet>]'. One net in the loop is puf_bd_i/puf_top_0/inst/array/cells[7].cell_inst/g0[15].ro/w1. Please evaluate your design. The cells in the loop are: puf_bd_i/puf_top_0/inst/array/cells[7].cell_inst/g0[15].ro/w1_inferred_i_1,
puf_bd_i/puf_top_0/inst/array/cells[7].cell_inst/g0[15].ro/w2_inferred_i_1,
puf_bd_i/puf_top_0/inst/array/cells[7].cell_inst/g0[15].ro/w3_inferred_i_1,
puf_bd_i/puf_top_0/inst/array/cells[7].cell_inst/g0[15].ro/w4_inferred_i_1,
puf_bd_i/puf_top_0/inst/array/cells[7].cell_inst/g0[15].ro/w5_inferred_i_1,
puf_bd_i/puf_top_0/inst/array/cells[7].cell_inst/g0[15].ro/w6_inferred_i_1
puf_bd_i/puf_top_0/inst/array/cells[7].cell_inst/g0[15].ro/w7_inferred_i_1.
Related violations: <none>

LUTLP-1#232 Critical Warning
Combinatorial Loop Alert  
7 LUT cells form a combinatorial loop. This can create a race condition. Timing analysis may not be accurate. The preferred resolution is to modify the design to remove combinatorial logic loops. If the loop is known and understood, this DRC can be bypassed by acknowledging the condition and setting the following XDC constraint on any one of the nets in the loop: 'set_property ALLOW_COMBINATORIAL_LOOPS TRUE [get_nets <myHier/myNet>]'. One net in the loop is puf_bd_i/puf_top_0/inst/array/cells[7].cell_inst/g0[1].ro/w1. Please evaluate your design. The cells in the loop are: puf_bd_i/puf_top_0/inst/array/cells[7].cell_inst/g0[1].ro/w1_inferred_i_1,
puf_bd_i/puf_top_0/inst/array/cells[7].cell_inst/g0[1].ro/w2_inferred_i_1,
puf_bd_i/puf_top_0/inst/array/cells[7].cell_inst/g0[1].ro/w3_inferred_i_1,
puf_bd_i/puf_top_0/inst/array/cells[7].cell_inst/g0[1].ro/w4_inferred_i_1,
puf_bd_i/puf_top_0/inst/array/cells[7].cell_inst/g0[1].ro/w5_inferred_i_1,
puf_bd_i/puf_top_0/inst/array/cells[7].cell_inst/g0[1].ro/w6_inferred_i_1
puf_bd_i/puf_top_0/inst/array/cells[7].cell_inst/g0[1].ro/w7_inferred_i_1.
Related violations: <none>

LUTLP-1#233 Critical Warning
Combinatorial Loop Alert  
7 LUT cells form a combinatorial loop. This can create a race condition. Timing analysis may not be accurate. The preferred resolution is to modify the design to remove combinatorial logic loops. If the loop is known and understood, this DRC can be bypassed by acknowledging the condition and setting the following XDC constraint on any one of the nets in the loop: 'set_property ALLOW_COMBINATORIAL_LOOPS TRUE [get_nets <myHier/myNet>]'. One net in the loop is puf_bd_i/puf_top_0/inst/array/cells[7].cell_inst/g0[2].ro/w1. Please evaluate your design. The cells in the loop are: puf_bd_i/puf_top_0/inst/array/cells[7].cell_inst/g0[2].ro/w1_inferred_i_1,
puf_bd_i/puf_top_0/inst/array/cells[7].cell_inst/g0[2].ro/w2_inferred_i_1,
puf_bd_i/puf_top_0/inst/array/cells[7].cell_inst/g0[2].ro/w3_inferred_i_1,
puf_bd_i/puf_top_0/inst/array/cells[7].cell_inst/g0[2].ro/w4_inferred_i_1,
puf_bd_i/puf_top_0/inst/array/cells[7].cell_inst/g0[2].ro/w5_inferred_i_1,
puf_bd_i/puf_top_0/inst/array/cells[7].cell_inst/g0[2].ro/w6_inferred_i_1
puf_bd_i/puf_top_0/inst/array/cells[7].cell_inst/g0[2].ro/w7_inferred_i_1.
Related violations: <none>

LUTLP-1#234 Critical Warning
Combinatorial Loop Alert  
7 LUT cells form a combinatorial loop. This can create a race condition. Timing analysis may not be accurate. The preferred resolution is to modify the design to remove combinatorial logic loops. If the loop is known and understood, this DRC can be bypassed by acknowledging the condition and setting the following XDC constraint on any one of the nets in the loop: 'set_property ALLOW_COMBINATORIAL_LOOPS TRUE [get_nets <myHier/myNet>]'. One net in the loop is puf_bd_i/puf_top_0/inst/array/cells[7].cell_inst/g0[3].ro/w1. Please evaluate your design. The cells in the loop are: puf_bd_i/puf_top_0/inst/array/cells[7].cell_inst/g0[3].ro/w1_inferred_i_1,
puf_bd_i/puf_top_0/inst/array/cells[7].cell_inst/g0[3].ro/w2_inferred_i_1,
puf_bd_i/puf_top_0/inst/array/cells[7].cell_inst/g0[3].ro/w3_inferred_i_1,
puf_bd_i/puf_top_0/inst/array/cells[7].cell_inst/g0[3].ro/w4_inferred_i_1,
puf_bd_i/puf_top_0/inst/array/cells[7].cell_inst/g0[3].ro/w5_inferred_i_1,
puf_bd_i/puf_top_0/inst/array/cells[7].cell_inst/g0[3].ro/w6_inferred_i_1
puf_bd_i/puf_top_0/inst/array/cells[7].cell_inst/g0[3].ro/w7_inferred_i_1.
Related violations: <none>

LUTLP-1#235 Critical Warning
Combinatorial Loop Alert  
7 LUT cells form a combinatorial loop. This can create a race condition. Timing analysis may not be accurate. The preferred resolution is to modify the design to remove combinatorial logic loops. If the loop is known and understood, this DRC can be bypassed by acknowledging the condition and setting the following XDC constraint on any one of the nets in the loop: 'set_property ALLOW_COMBINATORIAL_LOOPS TRUE [get_nets <myHier/myNet>]'. One net in the loop is puf_bd_i/puf_top_0/inst/array/cells[7].cell_inst/g0[4].ro/w1. Please evaluate your design. The cells in the loop are: puf_bd_i/puf_top_0/inst/array/cells[7].cell_inst/g0[4].ro/w1_inferred_i_1,
puf_bd_i/puf_top_0/inst/array/cells[7].cell_inst/g0[4].ro/w2_inferred_i_1,
puf_bd_i/puf_top_0/inst/array/cells[7].cell_inst/g0[4].ro/w3_inferred_i_1,
puf_bd_i/puf_top_0/inst/array/cells[7].cell_inst/g0[4].ro/w4_inferred_i_1,
puf_bd_i/puf_top_0/inst/array/cells[7].cell_inst/g0[4].ro/w5_inferred_i_1,
puf_bd_i/puf_top_0/inst/array/cells[7].cell_inst/g0[4].ro/w6_inferred_i_1
puf_bd_i/puf_top_0/inst/array/cells[7].cell_inst/g0[4].ro/w7_inferred_i_1.
Related violations: <none>

LUTLP-1#236 Critical Warning
Combinatorial Loop Alert  
7 LUT cells form a combinatorial loop. This can create a race condition. Timing analysis may not be accurate. The preferred resolution is to modify the design to remove combinatorial logic loops. If the loop is known and understood, this DRC can be bypassed by acknowledging the condition and setting the following XDC constraint on any one of the nets in the loop: 'set_property ALLOW_COMBINATORIAL_LOOPS TRUE [get_nets <myHier/myNet>]'. One net in the loop is puf_bd_i/puf_top_0/inst/array/cells[7].cell_inst/g0[5].ro/w1. Please evaluate your design. The cells in the loop are: puf_bd_i/puf_top_0/inst/array/cells[7].cell_inst/g0[5].ro/w1_inferred_i_1,
puf_bd_i/puf_top_0/inst/array/cells[7].cell_inst/g0[5].ro/w2_inferred_i_1,
puf_bd_i/puf_top_0/inst/array/cells[7].cell_inst/g0[5].ro/w3_inferred_i_1,
puf_bd_i/puf_top_0/inst/array/cells[7].cell_inst/g0[5].ro/w4_inferred_i_1,
puf_bd_i/puf_top_0/inst/array/cells[7].cell_inst/g0[5].ro/w5_inferred_i_1,
puf_bd_i/puf_top_0/inst/array/cells[7].cell_inst/g0[5].ro/w6_inferred_i_1
puf_bd_i/puf_top_0/inst/array/cells[7].cell_inst/g0[5].ro/w7_inferred_i_1.
Related violations: <none>

LUTLP-1#237 Critical Warning
Combinatorial Loop Alert  
7 LUT cells form a combinatorial loop. This can create a race condition. Timing analysis may not be accurate. The preferred resolution is to modify the design to remove combinatorial logic loops. If the loop is known and understood, this DRC can be bypassed by acknowledging the condition and setting the following XDC constraint on any one of the nets in the loop: 'set_property ALLOW_COMBINATORIAL_LOOPS TRUE [get_nets <myHier/myNet>]'. One net in the loop is puf_bd_i/puf_top_0/inst/array/cells[7].cell_inst/g0[6].ro/w1. Please evaluate your design. The cells in the loop are: puf_bd_i/puf_top_0/inst/array/cells[7].cell_inst/g0[6].ro/w1_inferred_i_1,
puf_bd_i/puf_top_0/inst/array/cells[7].cell_inst/g0[6].ro/w2_inferred_i_1,
puf_bd_i/puf_top_0/inst/array/cells[7].cell_inst/g0[6].ro/w3_inferred_i_1,
puf_bd_i/puf_top_0/inst/array/cells[7].cell_inst/g0[6].ro/w4_inferred_i_1,
puf_bd_i/puf_top_0/inst/array/cells[7].cell_inst/g0[6].ro/w5_inferred_i_1,
puf_bd_i/puf_top_0/inst/array/cells[7].cell_inst/g0[6].ro/w6_inferred_i_1
puf_bd_i/puf_top_0/inst/array/cells[7].cell_inst/g0[6].ro/w7_inferred_i_1.
Related violations: <none>

LUTLP-1#238 Critical Warning
Combinatorial Loop Alert  
7 LUT cells form a combinatorial loop. This can create a race condition. Timing analysis may not be accurate. The preferred resolution is to modify the design to remove combinatorial logic loops. If the loop is known and understood, this DRC can be bypassed by acknowledging the condition and setting the following XDC constraint on any one of the nets in the loop: 'set_property ALLOW_COMBINATORIAL_LOOPS TRUE [get_nets <myHier/myNet>]'. One net in the loop is puf_bd_i/puf_top_0/inst/array/cells[7].cell_inst/g0[7].ro/w1. Please evaluate your design. The cells in the loop are: puf_bd_i/puf_top_0/inst/array/cells[7].cell_inst/g0[7].ro/w1_inferred_i_1,
puf_bd_i/puf_top_0/inst/array/cells[7].cell_inst/g0[7].ro/w2_inferred_i_1,
puf_bd_i/puf_top_0/inst/array/cells[7].cell_inst/g0[7].ro/w3_inferred_i_1,
puf_bd_i/puf_top_0/inst/array/cells[7].cell_inst/g0[7].ro/w4_inferred_i_1,
puf_bd_i/puf_top_0/inst/array/cells[7].cell_inst/g0[7].ro/w5_inferred_i_1,
puf_bd_i/puf_top_0/inst/array/cells[7].cell_inst/g0[7].ro/w6_inferred_i_1
puf_bd_i/puf_top_0/inst/array/cells[7].cell_inst/g0[7].ro/w7_inferred_i_1.
Related violations: <none>

LUTLP-1#239 Critical Warning
Combinatorial Loop Alert  
7 LUT cells form a combinatorial loop. This can create a race condition. Timing analysis may not be accurate. The preferred resolution is to modify the design to remove combinatorial logic loops. If the loop is known and understood, this DRC can be bypassed by acknowledging the condition and setting the following XDC constraint on any one of the nets in the loop: 'set_property ALLOW_COMBINATORIAL_LOOPS TRUE [get_nets <myHier/myNet>]'. One net in the loop is puf_bd_i/puf_top_0/inst/array/cells[7].cell_inst/g0[8].ro/w1. Please evaluate your design. The cells in the loop are: puf_bd_i/puf_top_0/inst/array/cells[7].cell_inst/g0[8].ro/w1_inferred_i_1,
puf_bd_i/puf_top_0/inst/array/cells[7].cell_inst/g0[8].ro/w2_inferred_i_1,
puf_bd_i/puf_top_0/inst/array/cells[7].cell_inst/g0[8].ro/w3_inferred_i_1,
puf_bd_i/puf_top_0/inst/array/cells[7].cell_inst/g0[8].ro/w4_inferred_i_1,
puf_bd_i/puf_top_0/inst/array/cells[7].cell_inst/g0[8].ro/w5_inferred_i_1,
puf_bd_i/puf_top_0/inst/array/cells[7].cell_inst/g0[8].ro/w6_inferred_i_1
puf_bd_i/puf_top_0/inst/array/cells[7].cell_inst/g0[8].ro/w7_inferred_i_1.
Related violations: <none>

LUTLP-1#240 Critical Warning
Combinatorial Loop Alert  
7 LUT cells form a combinatorial loop. This can create a race condition. Timing analysis may not be accurate. The preferred resolution is to modify the design to remove combinatorial logic loops. If the loop is known and understood, this DRC can be bypassed by acknowledging the condition and setting the following XDC constraint on any one of the nets in the loop: 'set_property ALLOW_COMBINATORIAL_LOOPS TRUE [get_nets <myHier/myNet>]'. One net in the loop is puf_bd_i/puf_top_0/inst/array/cells[7].cell_inst/g0[9].ro/w1. Please evaluate your design. The cells in the loop are: puf_bd_i/puf_top_0/inst/array/cells[7].cell_inst/g0[9].ro/w1_inferred_i_1,
puf_bd_i/puf_top_0/inst/array/cells[7].cell_inst/g0[9].ro/w2_inferred_i_1,
puf_bd_i/puf_top_0/inst/array/cells[7].cell_inst/g0[9].ro/w3_inferred_i_1,
puf_bd_i/puf_top_0/inst/array/cells[7].cell_inst/g0[9].ro/w4_inferred_i_1,
puf_bd_i/puf_top_0/inst/array/cells[7].cell_inst/g0[9].ro/w5_inferred_i_1,
puf_bd_i/puf_top_0/inst/array/cells[7].cell_inst/g0[9].ro/w6_inferred_i_1
puf_bd_i/puf_top_0/inst/array/cells[7].cell_inst/g0[9].ro/w7_inferred_i_1.
Related violations: <none>

LUTLP-1#241 Critical Warning
Combinatorial Loop Alert  
7 LUT cells form a combinatorial loop. This can create a race condition. Timing analysis may not be accurate. The preferred resolution is to modify the design to remove combinatorial logic loops. If the loop is known and understood, this DRC can be bypassed by acknowledging the condition and setting the following XDC constraint on any one of the nets in the loop: 'set_property ALLOW_COMBINATORIAL_LOOPS TRUE [get_nets <myHier/myNet>]'. One net in the loop is puf_bd_i/puf_top_0/inst/array/cells[7].cell_inst/g1[0].ro/w1. Please evaluate your design. The cells in the loop are: puf_bd_i/puf_top_0/inst/array/cells[7].cell_inst/g1[0].ro/w1_inferred_i_1,
puf_bd_i/puf_top_0/inst/array/cells[7].cell_inst/g1[0].ro/w2_inferred_i_1,
puf_bd_i/puf_top_0/inst/array/cells[7].cell_inst/g1[0].ro/w3_inferred_i_1,
puf_bd_i/puf_top_0/inst/array/cells[7].cell_inst/g1[0].ro/w4_inferred_i_1,
puf_bd_i/puf_top_0/inst/array/cells[7].cell_inst/g1[0].ro/w5_inferred_i_1,
puf_bd_i/puf_top_0/inst/array/cells[7].cell_inst/g1[0].ro/w6_inferred_i_1
puf_bd_i/puf_top_0/inst/array/cells[7].cell_inst/g1[0].ro/w7_inferred_i_1.
Related violations: <none>

LUTLP-1#242 Critical Warning
Combinatorial Loop Alert  
7 LUT cells form a combinatorial loop. This can create a race condition. Timing analysis may not be accurate. The preferred resolution is to modify the design to remove combinatorial logic loops. If the loop is known and understood, this DRC can be bypassed by acknowledging the condition and setting the following XDC constraint on any one of the nets in the loop: 'set_property ALLOW_COMBINATORIAL_LOOPS TRUE [get_nets <myHier/myNet>]'. One net in the loop is puf_bd_i/puf_top_0/inst/array/cells[7].cell_inst/g1[10].ro/w1. Please evaluate your design. The cells in the loop are: puf_bd_i/puf_top_0/inst/array/cells[7].cell_inst/g1[10].ro/w1_inferred_i_1,
puf_bd_i/puf_top_0/inst/array/cells[7].cell_inst/g1[10].ro/w2_inferred_i_1,
puf_bd_i/puf_top_0/inst/array/cells[7].cell_inst/g1[10].ro/w3_inferred_i_1,
puf_bd_i/puf_top_0/inst/array/cells[7].cell_inst/g1[10].ro/w4_inferred_i_1,
puf_bd_i/puf_top_0/inst/array/cells[7].cell_inst/g1[10].ro/w5_inferred_i_1,
puf_bd_i/puf_top_0/inst/array/cells[7].cell_inst/g1[10].ro/w6_inferred_i_1
puf_bd_i/puf_top_0/inst/array/cells[7].cell_inst/g1[10].ro/w7_inferred_i_1.
Related violations: <none>

LUTLP-1#243 Critical Warning
Combinatorial Loop Alert  
7 LUT cells form a combinatorial loop. This can create a race condition. Timing analysis may not be accurate. The preferred resolution is to modify the design to remove combinatorial logic loops. If the loop is known and understood, this DRC can be bypassed by acknowledging the condition and setting the following XDC constraint on any one of the nets in the loop: 'set_property ALLOW_COMBINATORIAL_LOOPS TRUE [get_nets <myHier/myNet>]'. One net in the loop is puf_bd_i/puf_top_0/inst/array/cells[7].cell_inst/g1[11].ro/w1. Please evaluate your design. The cells in the loop are: puf_bd_i/puf_top_0/inst/array/cells[7].cell_inst/g1[11].ro/w1_inferred_i_1,
puf_bd_i/puf_top_0/inst/array/cells[7].cell_inst/g1[11].ro/w2_inferred_i_1,
puf_bd_i/puf_top_0/inst/array/cells[7].cell_inst/g1[11].ro/w3_inferred_i_1,
puf_bd_i/puf_top_0/inst/array/cells[7].cell_inst/g1[11].ro/w4_inferred_i_1,
puf_bd_i/puf_top_0/inst/array/cells[7].cell_inst/g1[11].ro/w5_inferred_i_1,
puf_bd_i/puf_top_0/inst/array/cells[7].cell_inst/g1[11].ro/w6_inferred_i_1
puf_bd_i/puf_top_0/inst/array/cells[7].cell_inst/g1[11].ro/w7_inferred_i_1.
Related violations: <none>

LUTLP-1#244 Critical Warning
Combinatorial Loop Alert  
7 LUT cells form a combinatorial loop. This can create a race condition. Timing analysis may not be accurate. The preferred resolution is to modify the design to remove combinatorial logic loops. If the loop is known and understood, this DRC can be bypassed by acknowledging the condition and setting the following XDC constraint on any one of the nets in the loop: 'set_property ALLOW_COMBINATORIAL_LOOPS TRUE [get_nets <myHier/myNet>]'. One net in the loop is puf_bd_i/puf_top_0/inst/array/cells[7].cell_inst/g1[12].ro/w1. Please evaluate your design. The cells in the loop are: puf_bd_i/puf_top_0/inst/array/cells[7].cell_inst/g1[12].ro/w1_inferred_i_1,
puf_bd_i/puf_top_0/inst/array/cells[7].cell_inst/g1[12].ro/w2_inferred_i_1,
puf_bd_i/puf_top_0/inst/array/cells[7].cell_inst/g1[12].ro/w3_inferred_i_1,
puf_bd_i/puf_top_0/inst/array/cells[7].cell_inst/g1[12].ro/w4_inferred_i_1,
puf_bd_i/puf_top_0/inst/array/cells[7].cell_inst/g1[12].ro/w5_inferred_i_1,
puf_bd_i/puf_top_0/inst/array/cells[7].cell_inst/g1[12].ro/w6_inferred_i_1
puf_bd_i/puf_top_0/inst/array/cells[7].cell_inst/g1[12].ro/w7_inferred_i_1.
Related violations: <none>

LUTLP-1#245 Critical Warning
Combinatorial Loop Alert  
7 LUT cells form a combinatorial loop. This can create a race condition. Timing analysis may not be accurate. The preferred resolution is to modify the design to remove combinatorial logic loops. If the loop is known and understood, this DRC can be bypassed by acknowledging the condition and setting the following XDC constraint on any one of the nets in the loop: 'set_property ALLOW_COMBINATORIAL_LOOPS TRUE [get_nets <myHier/myNet>]'. One net in the loop is puf_bd_i/puf_top_0/inst/array/cells[7].cell_inst/g1[13].ro/w1. Please evaluate your design. The cells in the loop are: puf_bd_i/puf_top_0/inst/array/cells[7].cell_inst/g1[13].ro/w1_inferred_i_1,
puf_bd_i/puf_top_0/inst/array/cells[7].cell_inst/g1[13].ro/w2_inferred_i_1,
puf_bd_i/puf_top_0/inst/array/cells[7].cell_inst/g1[13].ro/w3_inferred_i_1,
puf_bd_i/puf_top_0/inst/array/cells[7].cell_inst/g1[13].ro/w4_inferred_i_1,
puf_bd_i/puf_top_0/inst/array/cells[7].cell_inst/g1[13].ro/w5_inferred_i_1,
puf_bd_i/puf_top_0/inst/array/cells[7].cell_inst/g1[13].ro/w6_inferred_i_1
puf_bd_i/puf_top_0/inst/array/cells[7].cell_inst/g1[13].ro/w7_inferred_i_1.
Related violations: <none>

LUTLP-1#246 Critical Warning
Combinatorial Loop Alert  
7 LUT cells form a combinatorial loop. This can create a race condition. Timing analysis may not be accurate. The preferred resolution is to modify the design to remove combinatorial logic loops. If the loop is known and understood, this DRC can be bypassed by acknowledging the condition and setting the following XDC constraint on any one of the nets in the loop: 'set_property ALLOW_COMBINATORIAL_LOOPS TRUE [get_nets <myHier/myNet>]'. One net in the loop is puf_bd_i/puf_top_0/inst/array/cells[7].cell_inst/g1[14].ro/w1. Please evaluate your design. The cells in the loop are: puf_bd_i/puf_top_0/inst/array/cells[7].cell_inst/g1[14].ro/w1_inferred_i_1,
puf_bd_i/puf_top_0/inst/array/cells[7].cell_inst/g1[14].ro/w2_inferred_i_1,
puf_bd_i/puf_top_0/inst/array/cells[7].cell_inst/g1[14].ro/w3_inferred_i_1,
puf_bd_i/puf_top_0/inst/array/cells[7].cell_inst/g1[14].ro/w4_inferred_i_1,
puf_bd_i/puf_top_0/inst/array/cells[7].cell_inst/g1[14].ro/w5_inferred_i_1,
puf_bd_i/puf_top_0/inst/array/cells[7].cell_inst/g1[14].ro/w6_inferred_i_1
puf_bd_i/puf_top_0/inst/array/cells[7].cell_inst/g1[14].ro/w7_inferred_i_1.
Related violations: <none>

LUTLP-1#247 Critical Warning
Combinatorial Loop Alert  
7 LUT cells form a combinatorial loop. This can create a race condition. Timing analysis may not be accurate. The preferred resolution is to modify the design to remove combinatorial logic loops. If the loop is known and understood, this DRC can be bypassed by acknowledging the condition and setting the following XDC constraint on any one of the nets in the loop: 'set_property ALLOW_COMBINATORIAL_LOOPS TRUE [get_nets <myHier/myNet>]'. One net in the loop is puf_bd_i/puf_top_0/inst/array/cells[7].cell_inst/g1[15].ro/w1. Please evaluate your design. The cells in the loop are: puf_bd_i/puf_top_0/inst/array/cells[7].cell_inst/g1[15].ro/w1_inferred_i_1,
puf_bd_i/puf_top_0/inst/array/cells[7].cell_inst/g1[15].ro/w2_inferred_i_1,
puf_bd_i/puf_top_0/inst/array/cells[7].cell_inst/g1[15].ro/w3_inferred_i_1,
puf_bd_i/puf_top_0/inst/array/cells[7].cell_inst/g1[15].ro/w4_inferred_i_1,
puf_bd_i/puf_top_0/inst/array/cells[7].cell_inst/g1[15].ro/w5_inferred_i_1,
puf_bd_i/puf_top_0/inst/array/cells[7].cell_inst/g1[15].ro/w6_inferred_i_1
puf_bd_i/puf_top_0/inst/array/cells[7].cell_inst/g1[15].ro/w7_inferred_i_1.
Related violations: <none>

LUTLP-1#248 Critical Warning
Combinatorial Loop Alert  
7 LUT cells form a combinatorial loop. This can create a race condition. Timing analysis may not be accurate. The preferred resolution is to modify the design to remove combinatorial logic loops. If the loop is known and understood, this DRC can be bypassed by acknowledging the condition and setting the following XDC constraint on any one of the nets in the loop: 'set_property ALLOW_COMBINATORIAL_LOOPS TRUE [get_nets <myHier/myNet>]'. One net in the loop is puf_bd_i/puf_top_0/inst/array/cells[7].cell_inst/g1[1].ro/w1. Please evaluate your design. The cells in the loop are: puf_bd_i/puf_top_0/inst/array/cells[7].cell_inst/g1[1].ro/w1_inferred_i_1,
puf_bd_i/puf_top_0/inst/array/cells[7].cell_inst/g1[1].ro/w2_inferred_i_1,
puf_bd_i/puf_top_0/inst/array/cells[7].cell_inst/g1[1].ro/w3_inferred_i_1,
puf_bd_i/puf_top_0/inst/array/cells[7].cell_inst/g1[1].ro/w4_inferred_i_1,
puf_bd_i/puf_top_0/inst/array/cells[7].cell_inst/g1[1].ro/w5_inferred_i_1,
puf_bd_i/puf_top_0/inst/array/cells[7].cell_inst/g1[1].ro/w6_inferred_i_1
puf_bd_i/puf_top_0/inst/array/cells[7].cell_inst/g1[1].ro/w7_inferred_i_1.
Related violations: <none>

LUTLP-1#249 Critical Warning
Combinatorial Loop Alert  
7 LUT cells form a combinatorial loop. This can create a race condition. Timing analysis may not be accurate. The preferred resolution is to modify the design to remove combinatorial logic loops. If the loop is known and understood, this DRC can be bypassed by acknowledging the condition and setting the following XDC constraint on any one of the nets in the loop: 'set_property ALLOW_COMBINATORIAL_LOOPS TRUE [get_nets <myHier/myNet>]'. One net in the loop is puf_bd_i/puf_top_0/inst/array/cells[7].cell_inst/g1[2].ro/w1. Please evaluate your design. The cells in the loop are: puf_bd_i/puf_top_0/inst/array/cells[7].cell_inst/g1[2].ro/w1_inferred_i_1,
puf_bd_i/puf_top_0/inst/array/cells[7].cell_inst/g1[2].ro/w2_inferred_i_1,
puf_bd_i/puf_top_0/inst/array/cells[7].cell_inst/g1[2].ro/w3_inferred_i_1,
puf_bd_i/puf_top_0/inst/array/cells[7].cell_inst/g1[2].ro/w4_inferred_i_1,
puf_bd_i/puf_top_0/inst/array/cells[7].cell_inst/g1[2].ro/w5_inferred_i_1,
puf_bd_i/puf_top_0/inst/array/cells[7].cell_inst/g1[2].ro/w6_inferred_i_1
puf_bd_i/puf_top_0/inst/array/cells[7].cell_inst/g1[2].ro/w7_inferred_i_1.
Related violations: <none>

LUTLP-1#250 Critical Warning
Combinatorial Loop Alert  
7 LUT cells form a combinatorial loop. This can create a race condition. Timing analysis may not be accurate. The preferred resolution is to modify the design to remove combinatorial logic loops. If the loop is known and understood, this DRC can be bypassed by acknowledging the condition and setting the following XDC constraint on any one of the nets in the loop: 'set_property ALLOW_COMBINATORIAL_LOOPS TRUE [get_nets <myHier/myNet>]'. One net in the loop is puf_bd_i/puf_top_0/inst/array/cells[7].cell_inst/g1[3].ro/w1. Please evaluate your design. The cells in the loop are: puf_bd_i/puf_top_0/inst/array/cells[7].cell_inst/g1[3].ro/w1_inferred_i_1,
puf_bd_i/puf_top_0/inst/array/cells[7].cell_inst/g1[3].ro/w2_inferred_i_1,
puf_bd_i/puf_top_0/inst/array/cells[7].cell_inst/g1[3].ro/w3_inferred_i_1,
puf_bd_i/puf_top_0/inst/array/cells[7].cell_inst/g1[3].ro/w4_inferred_i_1,
puf_bd_i/puf_top_0/inst/array/cells[7].cell_inst/g1[3].ro/w5_inferred_i_1,
puf_bd_i/puf_top_0/inst/array/cells[7].cell_inst/g1[3].ro/w6_inferred_i_1
puf_bd_i/puf_top_0/inst/array/cells[7].cell_inst/g1[3].ro/w7_inferred_i_1.
Related violations: <none>

LUTLP-1#251 Critical Warning
Combinatorial Loop Alert  
7 LUT cells form a combinatorial loop. This can create a race condition. Timing analysis may not be accurate. The preferred resolution is to modify the design to remove combinatorial logic loops. If the loop is known and understood, this DRC can be bypassed by acknowledging the condition and setting the following XDC constraint on any one of the nets in the loop: 'set_property ALLOW_COMBINATORIAL_LOOPS TRUE [get_nets <myHier/myNet>]'. One net in the loop is puf_bd_i/puf_top_0/inst/array/cells[7].cell_inst/g1[4].ro/w1. Please evaluate your design. The cells in the loop are: puf_bd_i/puf_top_0/inst/array/cells[7].cell_inst/g1[4].ro/w1_inferred_i_1,
puf_bd_i/puf_top_0/inst/array/cells[7].cell_inst/g1[4].ro/w2_inferred_i_1,
puf_bd_i/puf_top_0/inst/array/cells[7].cell_inst/g1[4].ro/w3_inferred_i_1,
puf_bd_i/puf_top_0/inst/array/cells[7].cell_inst/g1[4].ro/w4_inferred_i_1,
puf_bd_i/puf_top_0/inst/array/cells[7].cell_inst/g1[4].ro/w5_inferred_i_1,
puf_bd_i/puf_top_0/inst/array/cells[7].cell_inst/g1[4].ro/w6_inferred_i_1
puf_bd_i/puf_top_0/inst/array/cells[7].cell_inst/g1[4].ro/w7_inferred_i_1.
Related violations: <none>

LUTLP-1#252 Critical Warning
Combinatorial Loop Alert  
7 LUT cells form a combinatorial loop. This can create a race condition. Timing analysis may not be accurate. The preferred resolution is to modify the design to remove combinatorial logic loops. If the loop is known and understood, this DRC can be bypassed by acknowledging the condition and setting the following XDC constraint on any one of the nets in the loop: 'set_property ALLOW_COMBINATORIAL_LOOPS TRUE [get_nets <myHier/myNet>]'. One net in the loop is puf_bd_i/puf_top_0/inst/array/cells[7].cell_inst/g1[5].ro/w1. Please evaluate your design. The cells in the loop are: puf_bd_i/puf_top_0/inst/array/cells[7].cell_inst/g1[5].ro/w1_inferred_i_1,
puf_bd_i/puf_top_0/inst/array/cells[7].cell_inst/g1[5].ro/w2_inferred_i_1,
puf_bd_i/puf_top_0/inst/array/cells[7].cell_inst/g1[5].ro/w3_inferred_i_1,
puf_bd_i/puf_top_0/inst/array/cells[7].cell_inst/g1[5].ro/w4_inferred_i_1,
puf_bd_i/puf_top_0/inst/array/cells[7].cell_inst/g1[5].ro/w5_inferred_i_1,
puf_bd_i/puf_top_0/inst/array/cells[7].cell_inst/g1[5].ro/w6_inferred_i_1
puf_bd_i/puf_top_0/inst/array/cells[7].cell_inst/g1[5].ro/w7_inferred_i_1.
Related violations: <none>

LUTLP-1#253 Critical Warning
Combinatorial Loop Alert  
7 LUT cells form a combinatorial loop. This can create a race condition. Timing analysis may not be accurate. The preferred resolution is to modify the design to remove combinatorial logic loops. If the loop is known and understood, this DRC can be bypassed by acknowledging the condition and setting the following XDC constraint on any one of the nets in the loop: 'set_property ALLOW_COMBINATORIAL_LOOPS TRUE [get_nets <myHier/myNet>]'. One net in the loop is puf_bd_i/puf_top_0/inst/array/cells[7].cell_inst/g1[6].ro/w1. Please evaluate your design. The cells in the loop are: puf_bd_i/puf_top_0/inst/array/cells[7].cell_inst/g1[6].ro/w1_inferred_i_1,
puf_bd_i/puf_top_0/inst/array/cells[7].cell_inst/g1[6].ro/w2_inferred_i_1,
puf_bd_i/puf_top_0/inst/array/cells[7].cell_inst/g1[6].ro/w3_inferred_i_1,
puf_bd_i/puf_top_0/inst/array/cells[7].cell_inst/g1[6].ro/w4_inferred_i_1,
puf_bd_i/puf_top_0/inst/array/cells[7].cell_inst/g1[6].ro/w5_inferred_i_1,
puf_bd_i/puf_top_0/inst/array/cells[7].cell_inst/g1[6].ro/w6_inferred_i_1
puf_bd_i/puf_top_0/inst/array/cells[7].cell_inst/g1[6].ro/w7_inferred_i_1.
Related violations: <none>

LUTLP-1#254 Critical Warning
Combinatorial Loop Alert  
7 LUT cells form a combinatorial loop. This can create a race condition. Timing analysis may not be accurate. The preferred resolution is to modify the design to remove combinatorial logic loops. If the loop is known and understood, this DRC can be bypassed by acknowledging the condition and setting the following XDC constraint on any one of the nets in the loop: 'set_property ALLOW_COMBINATORIAL_LOOPS TRUE [get_nets <myHier/myNet>]'. One net in the loop is puf_bd_i/puf_top_0/inst/array/cells[7].cell_inst/g1[7].ro/w1. Please evaluate your design. The cells in the loop are: puf_bd_i/puf_top_0/inst/array/cells[7].cell_inst/g1[7].ro/w1_inferred_i_1,
puf_bd_i/puf_top_0/inst/array/cells[7].cell_inst/g1[7].ro/w2_inferred_i_1,
puf_bd_i/puf_top_0/inst/array/cells[7].cell_inst/g1[7].ro/w3_inferred_i_1,
puf_bd_i/puf_top_0/inst/array/cells[7].cell_inst/g1[7].ro/w4_inferred_i_1,
puf_bd_i/puf_top_0/inst/array/cells[7].cell_inst/g1[7].ro/w5_inferred_i_1,
puf_bd_i/puf_top_0/inst/array/cells[7].cell_inst/g1[7].ro/w6_inferred_i_1
puf_bd_i/puf_top_0/inst/array/cells[7].cell_inst/g1[7].ro/w7_inferred_i_1.
Related violations: <none>

LUTLP-1#255 Critical Warning
Combinatorial Loop Alert  
7 LUT cells form a combinatorial loop. This can create a race condition. Timing analysis may not be accurate. The preferred resolution is to modify the design to remove combinatorial logic loops. If the loop is known and understood, this DRC can be bypassed by acknowledging the condition and setting the following XDC constraint on any one of the nets in the loop: 'set_property ALLOW_COMBINATORIAL_LOOPS TRUE [get_nets <myHier/myNet>]'. One net in the loop is puf_bd_i/puf_top_0/inst/array/cells[7].cell_inst/g1[8].ro/w1. Please evaluate your design. The cells in the loop are: puf_bd_i/puf_top_0/inst/array/cells[7].cell_inst/g1[8].ro/w1_inferred_i_1,
puf_bd_i/puf_top_0/inst/array/cells[7].cell_inst/g1[8].ro/w2_inferred_i_1,
puf_bd_i/puf_top_0/inst/array/cells[7].cell_inst/g1[8].ro/w3_inferred_i_1,
puf_bd_i/puf_top_0/inst/array/cells[7].cell_inst/g1[8].ro/w4_inferred_i_1,
puf_bd_i/puf_top_0/inst/array/cells[7].cell_inst/g1[8].ro/w5_inferred_i_1,
puf_bd_i/puf_top_0/inst/array/cells[7].cell_inst/g1[8].ro/w6_inferred_i_1
puf_bd_i/puf_top_0/inst/array/cells[7].cell_inst/g1[8].ro/w7_inferred_i_1.
Related violations: <none>

LUTLP-1#256 Critical Warning
Combinatorial Loop Alert  
7 LUT cells form a combinatorial loop. This can create a race condition. Timing analysis may not be accurate. The preferred resolution is to modify the design to remove combinatorial logic loops. If the loop is known and understood, this DRC can be bypassed by acknowledging the condition and setting the following XDC constraint on any one of the nets in the loop: 'set_property ALLOW_COMBINATORIAL_LOOPS TRUE [get_nets <myHier/myNet>]'. One net in the loop is puf_bd_i/puf_top_0/inst/array/cells[7].cell_inst/g1[9].ro/w1. Please evaluate your design. The cells in the loop are: puf_bd_i/puf_top_0/inst/array/cells[7].cell_inst/g1[9].ro/w1_inferred_i_1,
puf_bd_i/puf_top_0/inst/array/cells[7].cell_inst/g1[9].ro/w2_inferred_i_1,
puf_bd_i/puf_top_0/inst/array/cells[7].cell_inst/g1[9].ro/w3_inferred_i_1,
puf_bd_i/puf_top_0/inst/array/cells[7].cell_inst/g1[9].ro/w4_inferred_i_1,
puf_bd_i/puf_top_0/inst/array/cells[7].cell_inst/g1[9].ro/w5_inferred_i_1,
puf_bd_i/puf_top_0/inst/array/cells[7].cell_inst/g1[9].ro/w6_inferred_i_1
puf_bd_i/puf_top_0/inst/array/cells[7].cell_inst/g1[9].ro/w7_inferred_i_1.
Related violations: <none>

PDRC-153#1 Warning
Gated clock check  
Net puf_bd_i/puf_top_0/inst/array/cells[0].cell_inst/cnt0_reg[0]_i_2_n_0 is a gated clock net sourced by a combinational pin puf_bd_i/puf_top_0/inst/array/cells[0].cell_inst/cnt0_reg[0]_i_2/O, cell puf_bd_i/puf_top_0/inst/array/cells[0].cell_inst/cnt0_reg[0]_i_2. This is not good design practice and will likely impact performance. For SLICE registers, for example, use the CE pin to control the loading of data.
Related violations: <none>

PDRC-153#2 Warning
Gated clock check  
Net puf_bd_i/puf_top_0/inst/array/cells[0].cell_inst/cnt1_reg[0]_i_2_n_0 is a gated clock net sourced by a combinational pin puf_bd_i/puf_top_0/inst/array/cells[0].cell_inst/cnt1_reg[0]_i_2/O, cell puf_bd_i/puf_top_0/inst/array/cells[0].cell_inst/cnt1_reg[0]_i_2. This is not good design practice and will likely impact performance. For SLICE registers, for example, use the CE pin to control the loading of data.
Related violations: <none>

PDRC-153#3 Warning
Gated clock check  
Net puf_bd_i/puf_top_0/inst/array/cells[0].cell_inst/g0[0].ro/wop is a gated clock net sourced by a combinational pin puf_bd_i/puf_top_0/inst/array/cells[0].cell_inst/g0[0].ro/wop_inferred_i_1/O, cell puf_bd_i/puf_top_0/inst/array/cells[0].cell_inst/g0[0].ro/wop_inferred_i_1. This is not good design practice and will likely impact performance. For SLICE registers, for example, use the CE pin to control the loading of data.
Related violations: <none>

PDRC-153#4 Warning
Gated clock check  
Net puf_bd_i/puf_top_0/inst/array/cells[0].cell_inst/g0[10].ro/wop is a gated clock net sourced by a combinational pin puf_bd_i/puf_top_0/inst/array/cells[0].cell_inst/g0[10].ro/wop_inferred_i_1/O, cell puf_bd_i/puf_top_0/inst/array/cells[0].cell_inst/g0[10].ro/wop_inferred_i_1. This is not good design practice and will likely impact performance. For SLICE registers, for example, use the CE pin to control the loading of data.
Related violations: <none>

PDRC-153#5 Warning
Gated clock check  
Net puf_bd_i/puf_top_0/inst/array/cells[0].cell_inst/g0[11].ro/wop is a gated clock net sourced by a combinational pin puf_bd_i/puf_top_0/inst/array/cells[0].cell_inst/g0[11].ro/wop_inferred_i_1/O, cell puf_bd_i/puf_top_0/inst/array/cells[0].cell_inst/g0[11].ro/wop_inferred_i_1. This is not good design practice and will likely impact performance. For SLICE registers, for example, use the CE pin to control the loading of data.
Related violations: <none>

PDRC-153#6 Warning
Gated clock check  
Net puf_bd_i/puf_top_0/inst/array/cells[0].cell_inst/g0[12].ro/wop is a gated clock net sourced by a combinational pin puf_bd_i/puf_top_0/inst/array/cells[0].cell_inst/g0[12].ro/wop_inferred_i_1/O, cell puf_bd_i/puf_top_0/inst/array/cells[0].cell_inst/g0[12].ro/wop_inferred_i_1. This is not good design practice and will likely impact performance. For SLICE registers, for example, use the CE pin to control the loading of data.
Related violations: <none>

PDRC-153#7 Warning
Gated clock check  
Net puf_bd_i/puf_top_0/inst/array/cells[0].cell_inst/g0[13].ro/wop is a gated clock net sourced by a combinational pin puf_bd_i/puf_top_0/inst/array/cells[0].cell_inst/g0[13].ro/wop_inferred_i_1/O, cell puf_bd_i/puf_top_0/inst/array/cells[0].cell_inst/g0[13].ro/wop_inferred_i_1. This is not good design practice and will likely impact performance. For SLICE registers, for example, use the CE pin to control the loading of data.
Related violations: <none>

PDRC-153#8 Warning
Gated clock check  
Net puf_bd_i/puf_top_0/inst/array/cells[0].cell_inst/g0[14].ro/wop is a gated clock net sourced by a combinational pin puf_bd_i/puf_top_0/inst/array/cells[0].cell_inst/g0[14].ro/wop_inferred_i_1/O, cell puf_bd_i/puf_top_0/inst/array/cells[0].cell_inst/g0[14].ro/wop_inferred_i_1. This is not good design practice and will likely impact performance. For SLICE registers, for example, use the CE pin to control the loading of data.
Related violations: <none>

PDRC-153#9 Warning
Gated clock check  
Net puf_bd_i/puf_top_0/inst/array/cells[0].cell_inst/g0[15].ro/wop is a gated clock net sourced by a combinational pin puf_bd_i/puf_top_0/inst/array/cells[0].cell_inst/g0[15].ro/wop_inferred_i_1/O, cell puf_bd_i/puf_top_0/inst/array/cells[0].cell_inst/g0[15].ro/wop_inferred_i_1. This is not good design practice and will likely impact performance. For SLICE registers, for example, use the CE pin to control the loading of data.
Related violations: <none>

PDRC-153#10 Warning
Gated clock check  
Net puf_bd_i/puf_top_0/inst/array/cells[0].cell_inst/g0[1].ro/wop is a gated clock net sourced by a combinational pin puf_bd_i/puf_top_0/inst/array/cells[0].cell_inst/g0[1].ro/wop_inferred_i_1/O, cell puf_bd_i/puf_top_0/inst/array/cells[0].cell_inst/g0[1].ro/wop_inferred_i_1. This is not good design practice and will likely impact performance. For SLICE registers, for example, use the CE pin to control the loading of data.
Related violations: <none>

PDRC-153#11 Warning
Gated clock check  
Net puf_bd_i/puf_top_0/inst/array/cells[0].cell_inst/g0[2].ro/wop is a gated clock net sourced by a combinational pin puf_bd_i/puf_top_0/inst/array/cells[0].cell_inst/g0[2].ro/wop_inferred_i_1/O, cell puf_bd_i/puf_top_0/inst/array/cells[0].cell_inst/g0[2].ro/wop_inferred_i_1. This is not good design practice and will likely impact performance. For SLICE registers, for example, use the CE pin to control the loading of data.
Related violations: <none>

PDRC-153#12 Warning
Gated clock check  
Net puf_bd_i/puf_top_0/inst/array/cells[0].cell_inst/g0[3].ro/wop is a gated clock net sourced by a combinational pin puf_bd_i/puf_top_0/inst/array/cells[0].cell_inst/g0[3].ro/wop_inferred_i_1/O, cell puf_bd_i/puf_top_0/inst/array/cells[0].cell_inst/g0[3].ro/wop_inferred_i_1. This is not good design practice and will likely impact performance. For SLICE registers, for example, use the CE pin to control the loading of data.
Related violations: <none>

PDRC-153#13 Warning
Gated clock check  
Net puf_bd_i/puf_top_0/inst/array/cells[0].cell_inst/g0[4].ro/wop is a gated clock net sourced by a combinational pin puf_bd_i/puf_top_0/inst/array/cells[0].cell_inst/g0[4].ro/wop_inferred_i_1/O, cell puf_bd_i/puf_top_0/inst/array/cells[0].cell_inst/g0[4].ro/wop_inferred_i_1. This is not good design practice and will likely impact performance. For SLICE registers, for example, use the CE pin to control the loading of data.
Related violations: <none>

PDRC-153#14 Warning
Gated clock check  
Net puf_bd_i/puf_top_0/inst/array/cells[0].cell_inst/g0[5].ro/wop is a gated clock net sourced by a combinational pin puf_bd_i/puf_top_0/inst/array/cells[0].cell_inst/g0[5].ro/wop_inferred_i_1/O, cell puf_bd_i/puf_top_0/inst/array/cells[0].cell_inst/g0[5].ro/wop_inferred_i_1. This is not good design practice and will likely impact performance. For SLICE registers, for example, use the CE pin to control the loading of data.
Related violations: <none>

PDRC-153#15 Warning
Gated clock check  
Net puf_bd_i/puf_top_0/inst/array/cells[0].cell_inst/g0[6].ro/wop is a gated clock net sourced by a combinational pin puf_bd_i/puf_top_0/inst/array/cells[0].cell_inst/g0[6].ro/wop_inferred_i_1/O, cell puf_bd_i/puf_top_0/inst/array/cells[0].cell_inst/g0[6].ro/wop_inferred_i_1. This is not good design practice and will likely impact performance. For SLICE registers, for example, use the CE pin to control the loading of data.
Related violations: <none>

PDRC-153#16 Warning
Gated clock check  
Net puf_bd_i/puf_top_0/inst/array/cells[0].cell_inst/g0[7].ro/wop is a gated clock net sourced by a combinational pin puf_bd_i/puf_top_0/inst/array/cells[0].cell_inst/g0[7].ro/wop_inferred_i_1/O, cell puf_bd_i/puf_top_0/inst/array/cells[0].cell_inst/g0[7].ro/wop_inferred_i_1. This is not good design practice and will likely impact performance. For SLICE registers, for example, use the CE pin to control the loading of data.
Related violations: <none>

PDRC-153#17 Warning
Gated clock check  
Net puf_bd_i/puf_top_0/inst/array/cells[0].cell_inst/g0[8].ro/wop is a gated clock net sourced by a combinational pin puf_bd_i/puf_top_0/inst/array/cells[0].cell_inst/g0[8].ro/wop_inferred_i_1/O, cell puf_bd_i/puf_top_0/inst/array/cells[0].cell_inst/g0[8].ro/wop_inferred_i_1. This is not good design practice and will likely impact performance. For SLICE registers, for example, use the CE pin to control the loading of data.
Related violations: <none>

PDRC-153#18 Warning
Gated clock check  
Net puf_bd_i/puf_top_0/inst/array/cells[0].cell_inst/g0[9].ro/wop is a gated clock net sourced by a combinational pin puf_bd_i/puf_top_0/inst/array/cells[0].cell_inst/g0[9].ro/wop_inferred_i_1/O, cell puf_bd_i/puf_top_0/inst/array/cells[0].cell_inst/g0[9].ro/wop_inferred_i_1. This is not good design practice and will likely impact performance. For SLICE registers, for example, use the CE pin to control the loading of data.
Related violations: <none>

PDRC-153#19 Warning
Gated clock check  
Net puf_bd_i/puf_top_0/inst/array/cells[0].cell_inst/g1[0].ro/wop is a gated clock net sourced by a combinational pin puf_bd_i/puf_top_0/inst/array/cells[0].cell_inst/g1[0].ro/wop_inferred_i_1/O, cell puf_bd_i/puf_top_0/inst/array/cells[0].cell_inst/g1[0].ro/wop_inferred_i_1. This is not good design practice and will likely impact performance. For SLICE registers, for example, use the CE pin to control the loading of data.
Related violations: <none>

PDRC-153#20 Warning
Gated clock check  
Net puf_bd_i/puf_top_0/inst/array/cells[0].cell_inst/g1[10].ro/wop is a gated clock net sourced by a combinational pin puf_bd_i/puf_top_0/inst/array/cells[0].cell_inst/g1[10].ro/wop_inferred_i_1/O, cell puf_bd_i/puf_top_0/inst/array/cells[0].cell_inst/g1[10].ro/wop_inferred_i_1. This is not good design practice and will likely impact performance. For SLICE registers, for example, use the CE pin to control the loading of data.
Related violations: <none>

PDRC-153#21 Warning
Gated clock check  
Net puf_bd_i/puf_top_0/inst/array/cells[0].cell_inst/g1[11].ro/wop is a gated clock net sourced by a combinational pin puf_bd_i/puf_top_0/inst/array/cells[0].cell_inst/g1[11].ro/wop_inferred_i_1/O, cell puf_bd_i/puf_top_0/inst/array/cells[0].cell_inst/g1[11].ro/wop_inferred_i_1. This is not good design practice and will likely impact performance. For SLICE registers, for example, use the CE pin to control the loading of data.
Related violations: <none>

PDRC-153#22 Warning
Gated clock check  
Net puf_bd_i/puf_top_0/inst/array/cells[0].cell_inst/g1[12].ro/wop is a gated clock net sourced by a combinational pin puf_bd_i/puf_top_0/inst/array/cells[0].cell_inst/g1[12].ro/wop_inferred_i_1/O, cell puf_bd_i/puf_top_0/inst/array/cells[0].cell_inst/g1[12].ro/wop_inferred_i_1. This is not good design practice and will likely impact performance. For SLICE registers, for example, use the CE pin to control the loading of data.
Related violations: <none>

PDRC-153#23 Warning
Gated clock check  
Net puf_bd_i/puf_top_0/inst/array/cells[0].cell_inst/g1[13].ro/wop is a gated clock net sourced by a combinational pin puf_bd_i/puf_top_0/inst/array/cells[0].cell_inst/g1[13].ro/wop_inferred_i_1/O, cell puf_bd_i/puf_top_0/inst/array/cells[0].cell_inst/g1[13].ro/wop_inferred_i_1. This is not good design practice and will likely impact performance. For SLICE registers, for example, use the CE pin to control the loading of data.
Related violations: <none>

PDRC-153#24 Warning
Gated clock check  
Net puf_bd_i/puf_top_0/inst/array/cells[0].cell_inst/g1[14].ro/wop is a gated clock net sourced by a combinational pin puf_bd_i/puf_top_0/inst/array/cells[0].cell_inst/g1[14].ro/wop_inferred_i_1/O, cell puf_bd_i/puf_top_0/inst/array/cells[0].cell_inst/g1[14].ro/wop_inferred_i_1. This is not good design practice and will likely impact performance. For SLICE registers, for example, use the CE pin to control the loading of data.
Related violations: <none>

PDRC-153#25 Warning
Gated clock check  
Net puf_bd_i/puf_top_0/inst/array/cells[0].cell_inst/g1[15].ro/wop is a gated clock net sourced by a combinational pin puf_bd_i/puf_top_0/inst/array/cells[0].cell_inst/g1[15].ro/wop_inferred_i_1/O, cell puf_bd_i/puf_top_0/inst/array/cells[0].cell_inst/g1[15].ro/wop_inferred_i_1. This is not good design practice and will likely impact performance. For SLICE registers, for example, use the CE pin to control the loading of data.
Related violations: <none>

PDRC-153#26 Warning
Gated clock check  
Net puf_bd_i/puf_top_0/inst/array/cells[0].cell_inst/g1[1].ro/wop is a gated clock net sourced by a combinational pin puf_bd_i/puf_top_0/inst/array/cells[0].cell_inst/g1[1].ro/wop_inferred_i_1/O, cell puf_bd_i/puf_top_0/inst/array/cells[0].cell_inst/g1[1].ro/wop_inferred_i_1. This is not good design practice and will likely impact performance. For SLICE registers, for example, use the CE pin to control the loading of data.
Related violations: <none>

PDRC-153#27 Warning
Gated clock check  
Net puf_bd_i/puf_top_0/inst/array/cells[0].cell_inst/g1[2].ro/wop is a gated clock net sourced by a combinational pin puf_bd_i/puf_top_0/inst/array/cells[0].cell_inst/g1[2].ro/wop_inferred_i_1/O, cell puf_bd_i/puf_top_0/inst/array/cells[0].cell_inst/g1[2].ro/wop_inferred_i_1. This is not good design practice and will likely impact performance. For SLICE registers, for example, use the CE pin to control the loading of data.
Related violations: <none>

PDRC-153#28 Warning
Gated clock check  
Net puf_bd_i/puf_top_0/inst/array/cells[0].cell_inst/g1[3].ro/wop is a gated clock net sourced by a combinational pin puf_bd_i/puf_top_0/inst/array/cells[0].cell_inst/g1[3].ro/wop_inferred_i_1/O, cell puf_bd_i/puf_top_0/inst/array/cells[0].cell_inst/g1[3].ro/wop_inferred_i_1. This is not good design practice and will likely impact performance. For SLICE registers, for example, use the CE pin to control the loading of data.
Related violations: <none>

PDRC-153#29 Warning
Gated clock check  
Net puf_bd_i/puf_top_0/inst/array/cells[0].cell_inst/g1[4].ro/wop is a gated clock net sourced by a combinational pin puf_bd_i/puf_top_0/inst/array/cells[0].cell_inst/g1[4].ro/wop_inferred_i_1/O, cell puf_bd_i/puf_top_0/inst/array/cells[0].cell_inst/g1[4].ro/wop_inferred_i_1. This is not good design practice and will likely impact performance. For SLICE registers, for example, use the CE pin to control the loading of data.
Related violations: <none>

PDRC-153#30 Warning
Gated clock check  
Net puf_bd_i/puf_top_0/inst/array/cells[0].cell_inst/g1[5].ro/wop is a gated clock net sourced by a combinational pin puf_bd_i/puf_top_0/inst/array/cells[0].cell_inst/g1[5].ro/wop_inferred_i_1/O, cell puf_bd_i/puf_top_0/inst/array/cells[0].cell_inst/g1[5].ro/wop_inferred_i_1. This is not good design practice and will likely impact performance. For SLICE registers, for example, use the CE pin to control the loading of data.
Related violations: <none>

PDRC-153#31 Warning
Gated clock check  
Net puf_bd_i/puf_top_0/inst/array/cells[0].cell_inst/g1[6].ro/wop is a gated clock net sourced by a combinational pin puf_bd_i/puf_top_0/inst/array/cells[0].cell_inst/g1[6].ro/wop_inferred_i_1/O, cell puf_bd_i/puf_top_0/inst/array/cells[0].cell_inst/g1[6].ro/wop_inferred_i_1. This is not good design practice and will likely impact performance. For SLICE registers, for example, use the CE pin to control the loading of data.
Related violations: <none>

PDRC-153#32 Warning
Gated clock check  
Net puf_bd_i/puf_top_0/inst/array/cells[0].cell_inst/g1[7].ro/wop is a gated clock net sourced by a combinational pin puf_bd_i/puf_top_0/inst/array/cells[0].cell_inst/g1[7].ro/wop_inferred_i_1/O, cell puf_bd_i/puf_top_0/inst/array/cells[0].cell_inst/g1[7].ro/wop_inferred_i_1. This is not good design practice and will likely impact performance. For SLICE registers, for example, use the CE pin to control the loading of data.
Related violations: <none>

PDRC-153#33 Warning
Gated clock check  
Net puf_bd_i/puf_top_0/inst/array/cells[0].cell_inst/g1[8].ro/wop is a gated clock net sourced by a combinational pin puf_bd_i/puf_top_0/inst/array/cells[0].cell_inst/g1[8].ro/wop_inferred_i_1/O, cell puf_bd_i/puf_top_0/inst/array/cells[0].cell_inst/g1[8].ro/wop_inferred_i_1. This is not good design practice and will likely impact performance. For SLICE registers, for example, use the CE pin to control the loading of data.
Related violations: <none>

PDRC-153#34 Warning
Gated clock check  
Net puf_bd_i/puf_top_0/inst/array/cells[0].cell_inst/g1[9].ro/wop is a gated clock net sourced by a combinational pin puf_bd_i/puf_top_0/inst/array/cells[0].cell_inst/g1[9].ro/wop_inferred_i_1/O, cell puf_bd_i/puf_top_0/inst/array/cells[0].cell_inst/g1[9].ro/wop_inferred_i_1. This is not good design practice and will likely impact performance. For SLICE registers, for example, use the CE pin to control the loading of data.
Related violations: <none>

PDRC-153#35 Warning
Gated clock check  
Net puf_bd_i/puf_top_0/inst/array/cells[1].cell_inst/cnt0_reg[0]_i_2__0_n_0 is a gated clock net sourced by a combinational pin puf_bd_i/puf_top_0/inst/array/cells[1].cell_inst/cnt0_reg[0]_i_2__0/O, cell puf_bd_i/puf_top_0/inst/array/cells[1].cell_inst/cnt0_reg[0]_i_2__0. This is not good design practice and will likely impact performance. For SLICE registers, for example, use the CE pin to control the loading of data.
Related violations: <none>

PDRC-153#36 Warning
Gated clock check  
Net puf_bd_i/puf_top_0/inst/array/cells[1].cell_inst/cnt1_reg[0]_i_2__0_n_0 is a gated clock net sourced by a combinational pin puf_bd_i/puf_top_0/inst/array/cells[1].cell_inst/cnt1_reg[0]_i_2__0/O, cell puf_bd_i/puf_top_0/inst/array/cells[1].cell_inst/cnt1_reg[0]_i_2__0. This is not good design practice and will likely impact performance. For SLICE registers, for example, use the CE pin to control the loading of data.
Related violations: <none>

PDRC-153#37 Warning
Gated clock check  
Net puf_bd_i/puf_top_0/inst/array/cells[1].cell_inst/g0[0].ro/wop is a gated clock net sourced by a combinational pin puf_bd_i/puf_top_0/inst/array/cells[1].cell_inst/g0[0].ro/wop_inferred_i_1/O, cell puf_bd_i/puf_top_0/inst/array/cells[1].cell_inst/g0[0].ro/wop_inferred_i_1. This is not good design practice and will likely impact performance. For SLICE registers, for example, use the CE pin to control the loading of data.
Related violations: <none>

PDRC-153#38 Warning
Gated clock check  
Net puf_bd_i/puf_top_0/inst/array/cells[1].cell_inst/g0[10].ro/wop is a gated clock net sourced by a combinational pin puf_bd_i/puf_top_0/inst/array/cells[1].cell_inst/g0[10].ro/wop_inferred_i_1/O, cell puf_bd_i/puf_top_0/inst/array/cells[1].cell_inst/g0[10].ro/wop_inferred_i_1. This is not good design practice and will likely impact performance. For SLICE registers, for example, use the CE pin to control the loading of data.
Related violations: <none>

PDRC-153#39 Warning
Gated clock check  
Net puf_bd_i/puf_top_0/inst/array/cells[1].cell_inst/g0[11].ro/wop is a gated clock net sourced by a combinational pin puf_bd_i/puf_top_0/inst/array/cells[1].cell_inst/g0[11].ro/wop_inferred_i_1/O, cell puf_bd_i/puf_top_0/inst/array/cells[1].cell_inst/g0[11].ro/wop_inferred_i_1. This is not good design practice and will likely impact performance. For SLICE registers, for example, use the CE pin to control the loading of data.
Related violations: <none>

PDRC-153#40 Warning
Gated clock check  
Net puf_bd_i/puf_top_0/inst/array/cells[1].cell_inst/g0[12].ro/wop is a gated clock net sourced by a combinational pin puf_bd_i/puf_top_0/inst/array/cells[1].cell_inst/g0[12].ro/wop_inferred_i_1/O, cell puf_bd_i/puf_top_0/inst/array/cells[1].cell_inst/g0[12].ro/wop_inferred_i_1. This is not good design practice and will likely impact performance. For SLICE registers, for example, use the CE pin to control the loading of data.
Related violations: <none>

PDRC-153#41 Warning
Gated clock check  
Net puf_bd_i/puf_top_0/inst/array/cells[1].cell_inst/g0[13].ro/wop is a gated clock net sourced by a combinational pin puf_bd_i/puf_top_0/inst/array/cells[1].cell_inst/g0[13].ro/wop_inferred_i_1/O, cell puf_bd_i/puf_top_0/inst/array/cells[1].cell_inst/g0[13].ro/wop_inferred_i_1. This is not good design practice and will likely impact performance. For SLICE registers, for example, use the CE pin to control the loading of data.
Related violations: <none>

PDRC-153#42 Warning
Gated clock check  
Net puf_bd_i/puf_top_0/inst/array/cells[1].cell_inst/g0[14].ro/wop is a gated clock net sourced by a combinational pin puf_bd_i/puf_top_0/inst/array/cells[1].cell_inst/g0[14].ro/wop_inferred_i_1/O, cell puf_bd_i/puf_top_0/inst/array/cells[1].cell_inst/g0[14].ro/wop_inferred_i_1. This is not good design practice and will likely impact performance. For SLICE registers, for example, use the CE pin to control the loading of data.
Related violations: <none>

PDRC-153#43 Warning
Gated clock check  
Net puf_bd_i/puf_top_0/inst/array/cells[1].cell_inst/g0[15].ro/wop is a gated clock net sourced by a combinational pin puf_bd_i/puf_top_0/inst/array/cells[1].cell_inst/g0[15].ro/wop_inferred_i_1/O, cell puf_bd_i/puf_top_0/inst/array/cells[1].cell_inst/g0[15].ro/wop_inferred_i_1. This is not good design practice and will likely impact performance. For SLICE registers, for example, use the CE pin to control the loading of data.
Related violations: <none>

PDRC-153#44 Warning
Gated clock check  
Net puf_bd_i/puf_top_0/inst/array/cells[1].cell_inst/g0[1].ro/wop is a gated clock net sourced by a combinational pin puf_bd_i/puf_top_0/inst/array/cells[1].cell_inst/g0[1].ro/wop_inferred_i_1/O, cell puf_bd_i/puf_top_0/inst/array/cells[1].cell_inst/g0[1].ro/wop_inferred_i_1. This is not good design practice and will likely impact performance. For SLICE registers, for example, use the CE pin to control the loading of data.
Related violations: <none>

PDRC-153#45 Warning
Gated clock check  
Net puf_bd_i/puf_top_0/inst/array/cells[1].cell_inst/g0[2].ro/wop is a gated clock net sourced by a combinational pin puf_bd_i/puf_top_0/inst/array/cells[1].cell_inst/g0[2].ro/wop_inferred_i_1/O, cell puf_bd_i/puf_top_0/inst/array/cells[1].cell_inst/g0[2].ro/wop_inferred_i_1. This is not good design practice and will likely impact performance. For SLICE registers, for example, use the CE pin to control the loading of data.
Related violations: <none>

PDRC-153#46 Warning
Gated clock check  
Net puf_bd_i/puf_top_0/inst/array/cells[1].cell_inst/g0[3].ro/wop is a gated clock net sourced by a combinational pin puf_bd_i/puf_top_0/inst/array/cells[1].cell_inst/g0[3].ro/wop_inferred_i_1/O, cell puf_bd_i/puf_top_0/inst/array/cells[1].cell_inst/g0[3].ro/wop_inferred_i_1. This is not good design practice and will likely impact performance. For SLICE registers, for example, use the CE pin to control the loading of data.
Related violations: <none>

PDRC-153#47 Warning
Gated clock check  
Net puf_bd_i/puf_top_0/inst/array/cells[1].cell_inst/g0[4].ro/wop is a gated clock net sourced by a combinational pin puf_bd_i/puf_top_0/inst/array/cells[1].cell_inst/g0[4].ro/wop_inferred_i_1/O, cell puf_bd_i/puf_top_0/inst/array/cells[1].cell_inst/g0[4].ro/wop_inferred_i_1. This is not good design practice and will likely impact performance. For SLICE registers, for example, use the CE pin to control the loading of data.
Related violations: <none>

PDRC-153#48 Warning
Gated clock check  
Net puf_bd_i/puf_top_0/inst/array/cells[1].cell_inst/g0[5].ro/wop is a gated clock net sourced by a combinational pin puf_bd_i/puf_top_0/inst/array/cells[1].cell_inst/g0[5].ro/wop_inferred_i_1/O, cell puf_bd_i/puf_top_0/inst/array/cells[1].cell_inst/g0[5].ro/wop_inferred_i_1. This is not good design practice and will likely impact performance. For SLICE registers, for example, use the CE pin to control the loading of data.
Related violations: <none>

PDRC-153#49 Warning
Gated clock check  
Net puf_bd_i/puf_top_0/inst/array/cells[1].cell_inst/g0[6].ro/wop is a gated clock net sourced by a combinational pin puf_bd_i/puf_top_0/inst/array/cells[1].cell_inst/g0[6].ro/wop_inferred_i_1/O, cell puf_bd_i/puf_top_0/inst/array/cells[1].cell_inst/g0[6].ro/wop_inferred_i_1. This is not good design practice and will likely impact performance. For SLICE registers, for example, use the CE pin to control the loading of data.
Related violations: <none>

PDRC-153#50 Warning
Gated clock check  
Net puf_bd_i/puf_top_0/inst/array/cells[1].cell_inst/g0[7].ro/wop is a gated clock net sourced by a combinational pin puf_bd_i/puf_top_0/inst/array/cells[1].cell_inst/g0[7].ro/wop_inferred_i_1/O, cell puf_bd_i/puf_top_0/inst/array/cells[1].cell_inst/g0[7].ro/wop_inferred_i_1. This is not good design practice and will likely impact performance. For SLICE registers, for example, use the CE pin to control the loading of data.
Related violations: <none>

PDRC-153#51 Warning
Gated clock check  
Net puf_bd_i/puf_top_0/inst/array/cells[1].cell_inst/g0[8].ro/wop is a gated clock net sourced by a combinational pin puf_bd_i/puf_top_0/inst/array/cells[1].cell_inst/g0[8].ro/wop_inferred_i_1/O, cell puf_bd_i/puf_top_0/inst/array/cells[1].cell_inst/g0[8].ro/wop_inferred_i_1. This is not good design practice and will likely impact performance. For SLICE registers, for example, use the CE pin to control the loading of data.
Related violations: <none>

PDRC-153#52 Warning
Gated clock check  
Net puf_bd_i/puf_top_0/inst/array/cells[1].cell_inst/g0[9].ro/wop is a gated clock net sourced by a combinational pin puf_bd_i/puf_top_0/inst/array/cells[1].cell_inst/g0[9].ro/wop_inferred_i_1/O, cell puf_bd_i/puf_top_0/inst/array/cells[1].cell_inst/g0[9].ro/wop_inferred_i_1. This is not good design practice and will likely impact performance. For SLICE registers, for example, use the CE pin to control the loading of data.
Related violations: <none>

PDRC-153#53 Warning
Gated clock check  
Net puf_bd_i/puf_top_0/inst/array/cells[1].cell_inst/g1[0].ro/wop is a gated clock net sourced by a combinational pin puf_bd_i/puf_top_0/inst/array/cells[1].cell_inst/g1[0].ro/wop_inferred_i_1/O, cell puf_bd_i/puf_top_0/inst/array/cells[1].cell_inst/g1[0].ro/wop_inferred_i_1. This is not good design practice and will likely impact performance. For SLICE registers, for example, use the CE pin to control the loading of data.
Related violations: <none>

PDRC-153#54 Warning
Gated clock check  
Net puf_bd_i/puf_top_0/inst/array/cells[1].cell_inst/g1[10].ro/wop is a gated clock net sourced by a combinational pin puf_bd_i/puf_top_0/inst/array/cells[1].cell_inst/g1[10].ro/wop_inferred_i_1/O, cell puf_bd_i/puf_top_0/inst/array/cells[1].cell_inst/g1[10].ro/wop_inferred_i_1. This is not good design practice and will likely impact performance. For SLICE registers, for example, use the CE pin to control the loading of data.
Related violations: <none>

PDRC-153#55 Warning
Gated clock check  
Net puf_bd_i/puf_top_0/inst/array/cells[1].cell_inst/g1[11].ro/wop is a gated clock net sourced by a combinational pin puf_bd_i/puf_top_0/inst/array/cells[1].cell_inst/g1[11].ro/wop_inferred_i_1/O, cell puf_bd_i/puf_top_0/inst/array/cells[1].cell_inst/g1[11].ro/wop_inferred_i_1. This is not good design practice and will likely impact performance. For SLICE registers, for example, use the CE pin to control the loading of data.
Related violations: <none>

PDRC-153#56 Warning
Gated clock check  
Net puf_bd_i/puf_top_0/inst/array/cells[1].cell_inst/g1[12].ro/wop is a gated clock net sourced by a combinational pin puf_bd_i/puf_top_0/inst/array/cells[1].cell_inst/g1[12].ro/wop_inferred_i_1/O, cell puf_bd_i/puf_top_0/inst/array/cells[1].cell_inst/g1[12].ro/wop_inferred_i_1. This is not good design practice and will likely impact performance. For SLICE registers, for example, use the CE pin to control the loading of data.
Related violations: <none>

PDRC-153#57 Warning
Gated clock check  
Net puf_bd_i/puf_top_0/inst/array/cells[1].cell_inst/g1[13].ro/wop is a gated clock net sourced by a combinational pin puf_bd_i/puf_top_0/inst/array/cells[1].cell_inst/g1[13].ro/wop_inferred_i_1/O, cell puf_bd_i/puf_top_0/inst/array/cells[1].cell_inst/g1[13].ro/wop_inferred_i_1. This is not good design practice and will likely impact performance. For SLICE registers, for example, use the CE pin to control the loading of data.
Related violations: <none>

PDRC-153#58 Warning
Gated clock check  
Net puf_bd_i/puf_top_0/inst/array/cells[1].cell_inst/g1[14].ro/wop is a gated clock net sourced by a combinational pin puf_bd_i/puf_top_0/inst/array/cells[1].cell_inst/g1[14].ro/wop_inferred_i_1/O, cell puf_bd_i/puf_top_0/inst/array/cells[1].cell_inst/g1[14].ro/wop_inferred_i_1. This is not good design practice and will likely impact performance. For SLICE registers, for example, use the CE pin to control the loading of data.
Related violations: <none>

PDRC-153#59 Warning
Gated clock check  
Net puf_bd_i/puf_top_0/inst/array/cells[1].cell_inst/g1[15].ro/wop is a gated clock net sourced by a combinational pin puf_bd_i/puf_top_0/inst/array/cells[1].cell_inst/g1[15].ro/wop_inferred_i_1/O, cell puf_bd_i/puf_top_0/inst/array/cells[1].cell_inst/g1[15].ro/wop_inferred_i_1. This is not good design practice and will likely impact performance. For SLICE registers, for example, use the CE pin to control the loading of data.
Related violations: <none>

PDRC-153#60 Warning
Gated clock check  
Net puf_bd_i/puf_top_0/inst/array/cells[1].cell_inst/g1[1].ro/wop is a gated clock net sourced by a combinational pin puf_bd_i/puf_top_0/inst/array/cells[1].cell_inst/g1[1].ro/wop_inferred_i_1/O, cell puf_bd_i/puf_top_0/inst/array/cells[1].cell_inst/g1[1].ro/wop_inferred_i_1. This is not good design practice and will likely impact performance. For SLICE registers, for example, use the CE pin to control the loading of data.
Related violations: <none>

PDRC-153#61 Warning
Gated clock check  
Net puf_bd_i/puf_top_0/inst/array/cells[1].cell_inst/g1[2].ro/wop is a gated clock net sourced by a combinational pin puf_bd_i/puf_top_0/inst/array/cells[1].cell_inst/g1[2].ro/wop_inferred_i_1/O, cell puf_bd_i/puf_top_0/inst/array/cells[1].cell_inst/g1[2].ro/wop_inferred_i_1. This is not good design practice and will likely impact performance. For SLICE registers, for example, use the CE pin to control the loading of data.
Related violations: <none>

PDRC-153#62 Warning
Gated clock check  
Net puf_bd_i/puf_top_0/inst/array/cells[1].cell_inst/g1[3].ro/wop is a gated clock net sourced by a combinational pin puf_bd_i/puf_top_0/inst/array/cells[1].cell_inst/g1[3].ro/wop_inferred_i_1/O, cell puf_bd_i/puf_top_0/inst/array/cells[1].cell_inst/g1[3].ro/wop_inferred_i_1. This is not good design practice and will likely impact performance. For SLICE registers, for example, use the CE pin to control the loading of data.
Related violations: <none>

PDRC-153#63 Warning
Gated clock check  
Net puf_bd_i/puf_top_0/inst/array/cells[1].cell_inst/g1[4].ro/wop is a gated clock net sourced by a combinational pin puf_bd_i/puf_top_0/inst/array/cells[1].cell_inst/g1[4].ro/wop_inferred_i_1/O, cell puf_bd_i/puf_top_0/inst/array/cells[1].cell_inst/g1[4].ro/wop_inferred_i_1. This is not good design practice and will likely impact performance. For SLICE registers, for example, use the CE pin to control the loading of data.
Related violations: <none>

PDRC-153#64 Warning
Gated clock check  
Net puf_bd_i/puf_top_0/inst/array/cells[1].cell_inst/g1[5].ro/wop is a gated clock net sourced by a combinational pin puf_bd_i/puf_top_0/inst/array/cells[1].cell_inst/g1[5].ro/wop_inferred_i_1/O, cell puf_bd_i/puf_top_0/inst/array/cells[1].cell_inst/g1[5].ro/wop_inferred_i_1. This is not good design practice and will likely impact performance. For SLICE registers, for example, use the CE pin to control the loading of data.
Related violations: <none>

PDRC-153#65 Warning
Gated clock check  
Net puf_bd_i/puf_top_0/inst/array/cells[1].cell_inst/g1[6].ro/wop is a gated clock net sourced by a combinational pin puf_bd_i/puf_top_0/inst/array/cells[1].cell_inst/g1[6].ro/wop_inferred_i_1/O, cell puf_bd_i/puf_top_0/inst/array/cells[1].cell_inst/g1[6].ro/wop_inferred_i_1. This is not good design practice and will likely impact performance. For SLICE registers, for example, use the CE pin to control the loading of data.
Related violations: <none>

PDRC-153#66 Warning
Gated clock check  
Net puf_bd_i/puf_top_0/inst/array/cells[1].cell_inst/g1[7].ro/wop is a gated clock net sourced by a combinational pin puf_bd_i/puf_top_0/inst/array/cells[1].cell_inst/g1[7].ro/wop_inferred_i_1/O, cell puf_bd_i/puf_top_0/inst/array/cells[1].cell_inst/g1[7].ro/wop_inferred_i_1. This is not good design practice and will likely impact performance. For SLICE registers, for example, use the CE pin to control the loading of data.
Related violations: <none>

PDRC-153#67 Warning
Gated clock check  
Net puf_bd_i/puf_top_0/inst/array/cells[1].cell_inst/g1[8].ro/wop is a gated clock net sourced by a combinational pin puf_bd_i/puf_top_0/inst/array/cells[1].cell_inst/g1[8].ro/wop_inferred_i_1/O, cell puf_bd_i/puf_top_0/inst/array/cells[1].cell_inst/g1[8].ro/wop_inferred_i_1. This is not good design practice and will likely impact performance. For SLICE registers, for example, use the CE pin to control the loading of data.
Related violations: <none>

PDRC-153#68 Warning
Gated clock check  
Net puf_bd_i/puf_top_0/inst/array/cells[1].cell_inst/g1[9].ro/wop is a gated clock net sourced by a combinational pin puf_bd_i/puf_top_0/inst/array/cells[1].cell_inst/g1[9].ro/wop_inferred_i_1/O, cell puf_bd_i/puf_top_0/inst/array/cells[1].cell_inst/g1[9].ro/wop_inferred_i_1. This is not good design practice and will likely impact performance. For SLICE registers, for example, use the CE pin to control the loading of data.
Related violations: <none>

PDRC-153#69 Warning
Gated clock check  
Net puf_bd_i/puf_top_0/inst/array/cells[2].cell_inst/cnt0_reg[0]_i_2__1_n_0 is a gated clock net sourced by a combinational pin puf_bd_i/puf_top_0/inst/array/cells[2].cell_inst/cnt0_reg[0]_i_2__1/O, cell puf_bd_i/puf_top_0/inst/array/cells[2].cell_inst/cnt0_reg[0]_i_2__1. This is not good design practice and will likely impact performance. For SLICE registers, for example, use the CE pin to control the loading of data.
Related violations: <none>

PDRC-153#70 Warning
Gated clock check  
Net puf_bd_i/puf_top_0/inst/array/cells[2].cell_inst/cnt1_reg[0]_i_2__1_n_0 is a gated clock net sourced by a combinational pin puf_bd_i/puf_top_0/inst/array/cells[2].cell_inst/cnt1_reg[0]_i_2__1/O, cell puf_bd_i/puf_top_0/inst/array/cells[2].cell_inst/cnt1_reg[0]_i_2__1. This is not good design practice and will likely impact performance. For SLICE registers, for example, use the CE pin to control the loading of data.
Related violations: <none>

PDRC-153#71 Warning
Gated clock check  
Net puf_bd_i/puf_top_0/inst/array/cells[2].cell_inst/g0[0].ro/wop is a gated clock net sourced by a combinational pin puf_bd_i/puf_top_0/inst/array/cells[2].cell_inst/g0[0].ro/wop_inferred_i_1/O, cell puf_bd_i/puf_top_0/inst/array/cells[2].cell_inst/g0[0].ro/wop_inferred_i_1. This is not good design practice and will likely impact performance. For SLICE registers, for example, use the CE pin to control the loading of data.
Related violations: <none>

PDRC-153#72 Warning
Gated clock check  
Net puf_bd_i/puf_top_0/inst/array/cells[2].cell_inst/g0[10].ro/wop is a gated clock net sourced by a combinational pin puf_bd_i/puf_top_0/inst/array/cells[2].cell_inst/g0[10].ro/wop_inferred_i_1/O, cell puf_bd_i/puf_top_0/inst/array/cells[2].cell_inst/g0[10].ro/wop_inferred_i_1. This is not good design practice and will likely impact performance. For SLICE registers, for example, use the CE pin to control the loading of data.
Related violations: <none>

PDRC-153#73 Warning
Gated clock check  
Net puf_bd_i/puf_top_0/inst/array/cells[2].cell_inst/g0[11].ro/wop is a gated clock net sourced by a combinational pin puf_bd_i/puf_top_0/inst/array/cells[2].cell_inst/g0[11].ro/wop_inferred_i_1/O, cell puf_bd_i/puf_top_0/inst/array/cells[2].cell_inst/g0[11].ro/wop_inferred_i_1. This is not good design practice and will likely impact performance. For SLICE registers, for example, use the CE pin to control the loading of data.
Related violations: <none>

PDRC-153#74 Warning
Gated clock check  
Net puf_bd_i/puf_top_0/inst/array/cells[2].cell_inst/g0[12].ro/wop is a gated clock net sourced by a combinational pin puf_bd_i/puf_top_0/inst/array/cells[2].cell_inst/g0[12].ro/wop_inferred_i_1/O, cell puf_bd_i/puf_top_0/inst/array/cells[2].cell_inst/g0[12].ro/wop_inferred_i_1. This is not good design practice and will likely impact performance. For SLICE registers, for example, use the CE pin to control the loading of data.
Related violations: <none>

PDRC-153#75 Warning
Gated clock check  
Net puf_bd_i/puf_top_0/inst/array/cells[2].cell_inst/g0[13].ro/wop is a gated clock net sourced by a combinational pin puf_bd_i/puf_top_0/inst/array/cells[2].cell_inst/g0[13].ro/wop_inferred_i_1/O, cell puf_bd_i/puf_top_0/inst/array/cells[2].cell_inst/g0[13].ro/wop_inferred_i_1. This is not good design practice and will likely impact performance. For SLICE registers, for example, use the CE pin to control the loading of data.
Related violations: <none>

PDRC-153#76 Warning
Gated clock check  
Net puf_bd_i/puf_top_0/inst/array/cells[2].cell_inst/g0[14].ro/wop is a gated clock net sourced by a combinational pin puf_bd_i/puf_top_0/inst/array/cells[2].cell_inst/g0[14].ro/wop_inferred_i_1/O, cell puf_bd_i/puf_top_0/inst/array/cells[2].cell_inst/g0[14].ro/wop_inferred_i_1. This is not good design practice and will likely impact performance. For SLICE registers, for example, use the CE pin to control the loading of data.
Related violations: <none>

PDRC-153#77 Warning
Gated clock check  
Net puf_bd_i/puf_top_0/inst/array/cells[2].cell_inst/g0[15].ro/wop is a gated clock net sourced by a combinational pin puf_bd_i/puf_top_0/inst/array/cells[2].cell_inst/g0[15].ro/wop_inferred_i_1/O, cell puf_bd_i/puf_top_0/inst/array/cells[2].cell_inst/g0[15].ro/wop_inferred_i_1. This is not good design practice and will likely impact performance. For SLICE registers, for example, use the CE pin to control the loading of data.
Related violations: <none>

PDRC-153#78 Warning
Gated clock check  
Net puf_bd_i/puf_top_0/inst/array/cells[2].cell_inst/g0[1].ro/wop is a gated clock net sourced by a combinational pin puf_bd_i/puf_top_0/inst/array/cells[2].cell_inst/g0[1].ro/wop_inferred_i_1/O, cell puf_bd_i/puf_top_0/inst/array/cells[2].cell_inst/g0[1].ro/wop_inferred_i_1. This is not good design practice and will likely impact performance. For SLICE registers, for example, use the CE pin to control the loading of data.
Related violations: <none>

PDRC-153#79 Warning
Gated clock check  
Net puf_bd_i/puf_top_0/inst/array/cells[2].cell_inst/g0[2].ro/wop is a gated clock net sourced by a combinational pin puf_bd_i/puf_top_0/inst/array/cells[2].cell_inst/g0[2].ro/wop_inferred_i_1/O, cell puf_bd_i/puf_top_0/inst/array/cells[2].cell_inst/g0[2].ro/wop_inferred_i_1. This is not good design practice and will likely impact performance. For SLICE registers, for example, use the CE pin to control the loading of data.
Related violations: <none>

PDRC-153#80 Warning
Gated clock check  
Net puf_bd_i/puf_top_0/inst/array/cells[2].cell_inst/g0[3].ro/wop is a gated clock net sourced by a combinational pin puf_bd_i/puf_top_0/inst/array/cells[2].cell_inst/g0[3].ro/wop_inferred_i_1/O, cell puf_bd_i/puf_top_0/inst/array/cells[2].cell_inst/g0[3].ro/wop_inferred_i_1. This is not good design practice and will likely impact performance. For SLICE registers, for example, use the CE pin to control the loading of data.
Related violations: <none>

PDRC-153#81 Warning
Gated clock check  
Net puf_bd_i/puf_top_0/inst/array/cells[2].cell_inst/g0[4].ro/wop is a gated clock net sourced by a combinational pin puf_bd_i/puf_top_0/inst/array/cells[2].cell_inst/g0[4].ro/wop_inferred_i_1/O, cell puf_bd_i/puf_top_0/inst/array/cells[2].cell_inst/g0[4].ro/wop_inferred_i_1. This is not good design practice and will likely impact performance. For SLICE registers, for example, use the CE pin to control the loading of data.
Related violations: <none>

PDRC-153#82 Warning
Gated clock check  
Net puf_bd_i/puf_top_0/inst/array/cells[2].cell_inst/g0[5].ro/wop is a gated clock net sourced by a combinational pin puf_bd_i/puf_top_0/inst/array/cells[2].cell_inst/g0[5].ro/wop_inferred_i_1/O, cell puf_bd_i/puf_top_0/inst/array/cells[2].cell_inst/g0[5].ro/wop_inferred_i_1. This is not good design practice and will likely impact performance. For SLICE registers, for example, use the CE pin to control the loading of data.
Related violations: <none>

PDRC-153#83 Warning
Gated clock check  
Net puf_bd_i/puf_top_0/inst/array/cells[2].cell_inst/g0[6].ro/wop is a gated clock net sourced by a combinational pin puf_bd_i/puf_top_0/inst/array/cells[2].cell_inst/g0[6].ro/wop_inferred_i_1/O, cell puf_bd_i/puf_top_0/inst/array/cells[2].cell_inst/g0[6].ro/wop_inferred_i_1. This is not good design practice and will likely impact performance. For SLICE registers, for example, use the CE pin to control the loading of data.
Related violations: <none>

PDRC-153#84 Warning
Gated clock check  
Net puf_bd_i/puf_top_0/inst/array/cells[2].cell_inst/g0[7].ro/wop is a gated clock net sourced by a combinational pin puf_bd_i/puf_top_0/inst/array/cells[2].cell_inst/g0[7].ro/wop_inferred_i_1/O, cell puf_bd_i/puf_top_0/inst/array/cells[2].cell_inst/g0[7].ro/wop_inferred_i_1. This is not good design practice and will likely impact performance. For SLICE registers, for example, use the CE pin to control the loading of data.
Related violations: <none>

PDRC-153#85 Warning
Gated clock check  
Net puf_bd_i/puf_top_0/inst/array/cells[2].cell_inst/g0[8].ro/wop is a gated clock net sourced by a combinational pin puf_bd_i/puf_top_0/inst/array/cells[2].cell_inst/g0[8].ro/wop_inferred_i_1/O, cell puf_bd_i/puf_top_0/inst/array/cells[2].cell_inst/g0[8].ro/wop_inferred_i_1. This is not good design practice and will likely impact performance. For SLICE registers, for example, use the CE pin to control the loading of data.
Related violations: <none>

PDRC-153#86 Warning
Gated clock check  
Net puf_bd_i/puf_top_0/inst/array/cells[2].cell_inst/g0[9].ro/wop is a gated clock net sourced by a combinational pin puf_bd_i/puf_top_0/inst/array/cells[2].cell_inst/g0[9].ro/wop_inferred_i_1/O, cell puf_bd_i/puf_top_0/inst/array/cells[2].cell_inst/g0[9].ro/wop_inferred_i_1. This is not good design practice and will likely impact performance. For SLICE registers, for example, use the CE pin to control the loading of data.
Related violations: <none>

PDRC-153#87 Warning
Gated clock check  
Net puf_bd_i/puf_top_0/inst/array/cells[2].cell_inst/g1[0].ro/wop is a gated clock net sourced by a combinational pin puf_bd_i/puf_top_0/inst/array/cells[2].cell_inst/g1[0].ro/wop_inferred_i_1/O, cell puf_bd_i/puf_top_0/inst/array/cells[2].cell_inst/g1[0].ro/wop_inferred_i_1. This is not good design practice and will likely impact performance. For SLICE registers, for example, use the CE pin to control the loading of data.
Related violations: <none>

PDRC-153#88 Warning
Gated clock check  
Net puf_bd_i/puf_top_0/inst/array/cells[2].cell_inst/g1[10].ro/wop is a gated clock net sourced by a combinational pin puf_bd_i/puf_top_0/inst/array/cells[2].cell_inst/g1[10].ro/wop_inferred_i_1/O, cell puf_bd_i/puf_top_0/inst/array/cells[2].cell_inst/g1[10].ro/wop_inferred_i_1. This is not good design practice and will likely impact performance. For SLICE registers, for example, use the CE pin to control the loading of data.
Related violations: <none>

PDRC-153#89 Warning
Gated clock check  
Net puf_bd_i/puf_top_0/inst/array/cells[2].cell_inst/g1[11].ro/wop is a gated clock net sourced by a combinational pin puf_bd_i/puf_top_0/inst/array/cells[2].cell_inst/g1[11].ro/wop_inferred_i_1/O, cell puf_bd_i/puf_top_0/inst/array/cells[2].cell_inst/g1[11].ro/wop_inferred_i_1. This is not good design practice and will likely impact performance. For SLICE registers, for example, use the CE pin to control the loading of data.
Related violations: <none>

PDRC-153#90 Warning
Gated clock check  
Net puf_bd_i/puf_top_0/inst/array/cells[2].cell_inst/g1[12].ro/wop is a gated clock net sourced by a combinational pin puf_bd_i/puf_top_0/inst/array/cells[2].cell_inst/g1[12].ro/wop_inferred_i_1/O, cell puf_bd_i/puf_top_0/inst/array/cells[2].cell_inst/g1[12].ro/wop_inferred_i_1. This is not good design practice and will likely impact performance. For SLICE registers, for example, use the CE pin to control the loading of data.
Related violations: <none>

PDRC-153#91 Warning
Gated clock check  
Net puf_bd_i/puf_top_0/inst/array/cells[2].cell_inst/g1[13].ro/wop is a gated clock net sourced by a combinational pin puf_bd_i/puf_top_0/inst/array/cells[2].cell_inst/g1[13].ro/wop_inferred_i_1/O, cell puf_bd_i/puf_top_0/inst/array/cells[2].cell_inst/g1[13].ro/wop_inferred_i_1. This is not good design practice and will likely impact performance. For SLICE registers, for example, use the CE pin to control the loading of data.
Related violations: <none>

PDRC-153#92 Warning
Gated clock check  
Net puf_bd_i/puf_top_0/inst/array/cells[2].cell_inst/g1[14].ro/wop is a gated clock net sourced by a combinational pin puf_bd_i/puf_top_0/inst/array/cells[2].cell_inst/g1[14].ro/wop_inferred_i_1/O, cell puf_bd_i/puf_top_0/inst/array/cells[2].cell_inst/g1[14].ro/wop_inferred_i_1. This is not good design practice and will likely impact performance. For SLICE registers, for example, use the CE pin to control the loading of data.
Related violations: <none>

PDRC-153#93 Warning
Gated clock check  
Net puf_bd_i/puf_top_0/inst/array/cells[2].cell_inst/g1[15].ro/wop is a gated clock net sourced by a combinational pin puf_bd_i/puf_top_0/inst/array/cells[2].cell_inst/g1[15].ro/wop_inferred_i_1/O, cell puf_bd_i/puf_top_0/inst/array/cells[2].cell_inst/g1[15].ro/wop_inferred_i_1. This is not good design practice and will likely impact performance. For SLICE registers, for example, use the CE pin to control the loading of data.
Related violations: <none>

PDRC-153#94 Warning
Gated clock check  
Net puf_bd_i/puf_top_0/inst/array/cells[2].cell_inst/g1[1].ro/wop is a gated clock net sourced by a combinational pin puf_bd_i/puf_top_0/inst/array/cells[2].cell_inst/g1[1].ro/wop_inferred_i_1/O, cell puf_bd_i/puf_top_0/inst/array/cells[2].cell_inst/g1[1].ro/wop_inferred_i_1. This is not good design practice and will likely impact performance. For SLICE registers, for example, use the CE pin to control the loading of data.
Related violations: <none>

PDRC-153#95 Warning
Gated clock check  
Net puf_bd_i/puf_top_0/inst/array/cells[2].cell_inst/g1[2].ro/wop is a gated clock net sourced by a combinational pin puf_bd_i/puf_top_0/inst/array/cells[2].cell_inst/g1[2].ro/wop_inferred_i_1/O, cell puf_bd_i/puf_top_0/inst/array/cells[2].cell_inst/g1[2].ro/wop_inferred_i_1. This is not good design practice and will likely impact performance. For SLICE registers, for example, use the CE pin to control the loading of data.
Related violations: <none>

PDRC-153#96 Warning
Gated clock check  
Net puf_bd_i/puf_top_0/inst/array/cells[2].cell_inst/g1[3].ro/wop is a gated clock net sourced by a combinational pin puf_bd_i/puf_top_0/inst/array/cells[2].cell_inst/g1[3].ro/wop_inferred_i_1/O, cell puf_bd_i/puf_top_0/inst/array/cells[2].cell_inst/g1[3].ro/wop_inferred_i_1. This is not good design practice and will likely impact performance. For SLICE registers, for example, use the CE pin to control the loading of data.
Related violations: <none>

PDRC-153#97 Warning
Gated clock check  
Net puf_bd_i/puf_top_0/inst/array/cells[2].cell_inst/g1[4].ro/wop is a gated clock net sourced by a combinational pin puf_bd_i/puf_top_0/inst/array/cells[2].cell_inst/g1[4].ro/wop_inferred_i_1/O, cell puf_bd_i/puf_top_0/inst/array/cells[2].cell_inst/g1[4].ro/wop_inferred_i_1. This is not good design practice and will likely impact performance. For SLICE registers, for example, use the CE pin to control the loading of data.
Related violations: <none>

PDRC-153#98 Warning
Gated clock check  
Net puf_bd_i/puf_top_0/inst/array/cells[2].cell_inst/g1[5].ro/wop is a gated clock net sourced by a combinational pin puf_bd_i/puf_top_0/inst/array/cells[2].cell_inst/g1[5].ro/wop_inferred_i_1/O, cell puf_bd_i/puf_top_0/inst/array/cells[2].cell_inst/g1[5].ro/wop_inferred_i_1. This is not good design practice and will likely impact performance. For SLICE registers, for example, use the CE pin to control the loading of data.
Related violations: <none>

PDRC-153#99 Warning
Gated clock check  
Net puf_bd_i/puf_top_0/inst/array/cells[2].cell_inst/g1[6].ro/wop is a gated clock net sourced by a combinational pin puf_bd_i/puf_top_0/inst/array/cells[2].cell_inst/g1[6].ro/wop_inferred_i_1/O, cell puf_bd_i/puf_top_0/inst/array/cells[2].cell_inst/g1[6].ro/wop_inferred_i_1. This is not good design practice and will likely impact performance. For SLICE registers, for example, use the CE pin to control the loading of data.
Related violations: <none>

PDRC-153#100 Warning
Gated clock check  
Net puf_bd_i/puf_top_0/inst/array/cells[2].cell_inst/g1[7].ro/wop is a gated clock net sourced by a combinational pin puf_bd_i/puf_top_0/inst/array/cells[2].cell_inst/g1[7].ro/wop_inferred_i_1/O, cell puf_bd_i/puf_top_0/inst/array/cells[2].cell_inst/g1[7].ro/wop_inferred_i_1. This is not good design practice and will likely impact performance. For SLICE registers, for example, use the CE pin to control the loading of data.
Related violations: <none>

PDRC-153#101 Warning
Gated clock check  
Net puf_bd_i/puf_top_0/inst/array/cells[2].cell_inst/g1[8].ro/wop is a gated clock net sourced by a combinational pin puf_bd_i/puf_top_0/inst/array/cells[2].cell_inst/g1[8].ro/wop_inferred_i_1/O, cell puf_bd_i/puf_top_0/inst/array/cells[2].cell_inst/g1[8].ro/wop_inferred_i_1. This is not good design practice and will likely impact performance. For SLICE registers, for example, use the CE pin to control the loading of data.
Related violations: <none>

PDRC-153#102 Warning
Gated clock check  
Net puf_bd_i/puf_top_0/inst/array/cells[2].cell_inst/g1[9].ro/wop is a gated clock net sourced by a combinational pin puf_bd_i/puf_top_0/inst/array/cells[2].cell_inst/g1[9].ro/wop_inferred_i_1/O, cell puf_bd_i/puf_top_0/inst/array/cells[2].cell_inst/g1[9].ro/wop_inferred_i_1. This is not good design practice and will likely impact performance. For SLICE registers, for example, use the CE pin to control the loading of data.
Related violations: <none>

PDRC-153#103 Warning
Gated clock check  
Net puf_bd_i/puf_top_0/inst/array/cells[3].cell_inst/cnt0_reg[0]_i_2__2_n_0 is a gated clock net sourced by a combinational pin puf_bd_i/puf_top_0/inst/array/cells[3].cell_inst/cnt0_reg[0]_i_2__2/O, cell puf_bd_i/puf_top_0/inst/array/cells[3].cell_inst/cnt0_reg[0]_i_2__2. This is not good design practice and will likely impact performance. For SLICE registers, for example, use the CE pin to control the loading of data.
Related violations: <none>

PDRC-153#104 Warning
Gated clock check  
Net puf_bd_i/puf_top_0/inst/array/cells[3].cell_inst/cnt1_reg[0]_i_2__2_n_0 is a gated clock net sourced by a combinational pin puf_bd_i/puf_top_0/inst/array/cells[3].cell_inst/cnt1_reg[0]_i_2__2/O, cell puf_bd_i/puf_top_0/inst/array/cells[3].cell_inst/cnt1_reg[0]_i_2__2. This is not good design practice and will likely impact performance. For SLICE registers, for example, use the CE pin to control the loading of data.
Related violations: <none>

PDRC-153#105 Warning
Gated clock check  
Net puf_bd_i/puf_top_0/inst/array/cells[3].cell_inst/g0[0].ro/wop is a gated clock net sourced by a combinational pin puf_bd_i/puf_top_0/inst/array/cells[3].cell_inst/g0[0].ro/wop_inferred_i_1/O, cell puf_bd_i/puf_top_0/inst/array/cells[3].cell_inst/g0[0].ro/wop_inferred_i_1. This is not good design practice and will likely impact performance. For SLICE registers, for example, use the CE pin to control the loading of data.
Related violations: <none>

PDRC-153#106 Warning
Gated clock check  
Net puf_bd_i/puf_top_0/inst/array/cells[3].cell_inst/g0[10].ro/wop is a gated clock net sourced by a combinational pin puf_bd_i/puf_top_0/inst/array/cells[3].cell_inst/g0[10].ro/wop_inferred_i_1/O, cell puf_bd_i/puf_top_0/inst/array/cells[3].cell_inst/g0[10].ro/wop_inferred_i_1. This is not good design practice and will likely impact performance. For SLICE registers, for example, use the CE pin to control the loading of data.
Related violations: <none>

PDRC-153#107 Warning
Gated clock check  
Net puf_bd_i/puf_top_0/inst/array/cells[3].cell_inst/g0[11].ro/wop is a gated clock net sourced by a combinational pin puf_bd_i/puf_top_0/inst/array/cells[3].cell_inst/g0[11].ro/wop_inferred_i_1/O, cell puf_bd_i/puf_top_0/inst/array/cells[3].cell_inst/g0[11].ro/wop_inferred_i_1. This is not good design practice and will likely impact performance. For SLICE registers, for example, use the CE pin to control the loading of data.
Related violations: <none>

PDRC-153#108 Warning
Gated clock check  
Net puf_bd_i/puf_top_0/inst/array/cells[3].cell_inst/g0[12].ro/wop is a gated clock net sourced by a combinational pin puf_bd_i/puf_top_0/inst/array/cells[3].cell_inst/g0[12].ro/wop_inferred_i_1/O, cell puf_bd_i/puf_top_0/inst/array/cells[3].cell_inst/g0[12].ro/wop_inferred_i_1. This is not good design practice and will likely impact performance. For SLICE registers, for example, use the CE pin to control the loading of data.
Related violations: <none>

PDRC-153#109 Warning
Gated clock check  
Net puf_bd_i/puf_top_0/inst/array/cells[3].cell_inst/g0[13].ro/wop is a gated clock net sourced by a combinational pin puf_bd_i/puf_top_0/inst/array/cells[3].cell_inst/g0[13].ro/wop_inferred_i_1/O, cell puf_bd_i/puf_top_0/inst/array/cells[3].cell_inst/g0[13].ro/wop_inferred_i_1. This is not good design practice and will likely impact performance. For SLICE registers, for example, use the CE pin to control the loading of data.
Related violations: <none>

PDRC-153#110 Warning
Gated clock check  
Net puf_bd_i/puf_top_0/inst/array/cells[3].cell_inst/g0[14].ro/wop is a gated clock net sourced by a combinational pin puf_bd_i/puf_top_0/inst/array/cells[3].cell_inst/g0[14].ro/wop_inferred_i_1/O, cell puf_bd_i/puf_top_0/inst/array/cells[3].cell_inst/g0[14].ro/wop_inferred_i_1. This is not good design practice and will likely impact performance. For SLICE registers, for example, use the CE pin to control the loading of data.
Related violations: <none>

PDRC-153#111 Warning
Gated clock check  
Net puf_bd_i/puf_top_0/inst/array/cells[3].cell_inst/g0[15].ro/wop is a gated clock net sourced by a combinational pin puf_bd_i/puf_top_0/inst/array/cells[3].cell_inst/g0[15].ro/wop_inferred_i_1/O, cell puf_bd_i/puf_top_0/inst/array/cells[3].cell_inst/g0[15].ro/wop_inferred_i_1. This is not good design practice and will likely impact performance. For SLICE registers, for example, use the CE pin to control the loading of data.
Related violations: <none>

PDRC-153#112 Warning
Gated clock check  
Net puf_bd_i/puf_top_0/inst/array/cells[3].cell_inst/g0[1].ro/wop is a gated clock net sourced by a combinational pin puf_bd_i/puf_top_0/inst/array/cells[3].cell_inst/g0[1].ro/wop_inferred_i_1/O, cell puf_bd_i/puf_top_0/inst/array/cells[3].cell_inst/g0[1].ro/wop_inferred_i_1. This is not good design practice and will likely impact performance. For SLICE registers, for example, use the CE pin to control the loading of data.
Related violations: <none>

PDRC-153#113 Warning
Gated clock check  
Net puf_bd_i/puf_top_0/inst/array/cells[3].cell_inst/g0[2].ro/wop is a gated clock net sourced by a combinational pin puf_bd_i/puf_top_0/inst/array/cells[3].cell_inst/g0[2].ro/wop_inferred_i_1/O, cell puf_bd_i/puf_top_0/inst/array/cells[3].cell_inst/g0[2].ro/wop_inferred_i_1. This is not good design practice and will likely impact performance. For SLICE registers, for example, use the CE pin to control the loading of data.
Related violations: <none>

PDRC-153#114 Warning
Gated clock check  
Net puf_bd_i/puf_top_0/inst/array/cells[3].cell_inst/g0[3].ro/wop is a gated clock net sourced by a combinational pin puf_bd_i/puf_top_0/inst/array/cells[3].cell_inst/g0[3].ro/wop_inferred_i_1/O, cell puf_bd_i/puf_top_0/inst/array/cells[3].cell_inst/g0[3].ro/wop_inferred_i_1. This is not good design practice and will likely impact performance. For SLICE registers, for example, use the CE pin to control the loading of data.
Related violations: <none>

PDRC-153#115 Warning
Gated clock check  
Net puf_bd_i/puf_top_0/inst/array/cells[3].cell_inst/g0[4].ro/wop is a gated clock net sourced by a combinational pin puf_bd_i/puf_top_0/inst/array/cells[3].cell_inst/g0[4].ro/wop_inferred_i_1/O, cell puf_bd_i/puf_top_0/inst/array/cells[3].cell_inst/g0[4].ro/wop_inferred_i_1. This is not good design practice and will likely impact performance. For SLICE registers, for example, use the CE pin to control the loading of data.
Related violations: <none>

PDRC-153#116 Warning
Gated clock check  
Net puf_bd_i/puf_top_0/inst/array/cells[3].cell_inst/g0[5].ro/wop is a gated clock net sourced by a combinational pin puf_bd_i/puf_top_0/inst/array/cells[3].cell_inst/g0[5].ro/wop_inferred_i_1/O, cell puf_bd_i/puf_top_0/inst/array/cells[3].cell_inst/g0[5].ro/wop_inferred_i_1. This is not good design practice and will likely impact performance. For SLICE registers, for example, use the CE pin to control the loading of data.
Related violations: <none>

PDRC-153#117 Warning
Gated clock check  
Net puf_bd_i/puf_top_0/inst/array/cells[3].cell_inst/g0[6].ro/wop is a gated clock net sourced by a combinational pin puf_bd_i/puf_top_0/inst/array/cells[3].cell_inst/g0[6].ro/wop_inferred_i_1/O, cell puf_bd_i/puf_top_0/inst/array/cells[3].cell_inst/g0[6].ro/wop_inferred_i_1. This is not good design practice and will likely impact performance. For SLICE registers, for example, use the CE pin to control the loading of data.
Related violations: <none>

PDRC-153#118 Warning
Gated clock check  
Net puf_bd_i/puf_top_0/inst/array/cells[3].cell_inst/g0[7].ro/wop is a gated clock net sourced by a combinational pin puf_bd_i/puf_top_0/inst/array/cells[3].cell_inst/g0[7].ro/wop_inferred_i_1/O, cell puf_bd_i/puf_top_0/inst/array/cells[3].cell_inst/g0[7].ro/wop_inferred_i_1. This is not good design practice and will likely impact performance. For SLICE registers, for example, use the CE pin to control the loading of data.
Related violations: <none>

PDRC-153#119 Warning
Gated clock check  
Net puf_bd_i/puf_top_0/inst/array/cells[3].cell_inst/g0[8].ro/wop is a gated clock net sourced by a combinational pin puf_bd_i/puf_top_0/inst/array/cells[3].cell_inst/g0[8].ro/wop_inferred_i_1/O, cell puf_bd_i/puf_top_0/inst/array/cells[3].cell_inst/g0[8].ro/wop_inferred_i_1. This is not good design practice and will likely impact performance. For SLICE registers, for example, use the CE pin to control the loading of data.
Related violations: <none>

PDRC-153#120 Warning
Gated clock check  
Net puf_bd_i/puf_top_0/inst/array/cells[3].cell_inst/g0[9].ro/wop is a gated clock net sourced by a combinational pin puf_bd_i/puf_top_0/inst/array/cells[3].cell_inst/g0[9].ro/wop_inferred_i_1/O, cell puf_bd_i/puf_top_0/inst/array/cells[3].cell_inst/g0[9].ro/wop_inferred_i_1. This is not good design practice and will likely impact performance. For SLICE registers, for example, use the CE pin to control the loading of data.
Related violations: <none>

PDRC-153#121 Warning
Gated clock check  
Net puf_bd_i/puf_top_0/inst/array/cells[3].cell_inst/g1[0].ro/wop is a gated clock net sourced by a combinational pin puf_bd_i/puf_top_0/inst/array/cells[3].cell_inst/g1[0].ro/wop_inferred_i_1/O, cell puf_bd_i/puf_top_0/inst/array/cells[3].cell_inst/g1[0].ro/wop_inferred_i_1. This is not good design practice and will likely impact performance. For SLICE registers, for example, use the CE pin to control the loading of data.
Related violations: <none>

PDRC-153#122 Warning
Gated clock check  
Net puf_bd_i/puf_top_0/inst/array/cells[3].cell_inst/g1[10].ro/wop is a gated clock net sourced by a combinational pin puf_bd_i/puf_top_0/inst/array/cells[3].cell_inst/g1[10].ro/wop_inferred_i_1/O, cell puf_bd_i/puf_top_0/inst/array/cells[3].cell_inst/g1[10].ro/wop_inferred_i_1. This is not good design practice and will likely impact performance. For SLICE registers, for example, use the CE pin to control the loading of data.
Related violations: <none>

PDRC-153#123 Warning
Gated clock check  
Net puf_bd_i/puf_top_0/inst/array/cells[3].cell_inst/g1[11].ro/wop is a gated clock net sourced by a combinational pin puf_bd_i/puf_top_0/inst/array/cells[3].cell_inst/g1[11].ro/wop_inferred_i_1/O, cell puf_bd_i/puf_top_0/inst/array/cells[3].cell_inst/g1[11].ro/wop_inferred_i_1. This is not good design practice and will likely impact performance. For SLICE registers, for example, use the CE pin to control the loading of data.
Related violations: <none>

PDRC-153#124 Warning
Gated clock check  
Net puf_bd_i/puf_top_0/inst/array/cells[3].cell_inst/g1[12].ro/wop is a gated clock net sourced by a combinational pin puf_bd_i/puf_top_0/inst/array/cells[3].cell_inst/g1[12].ro/wop_inferred_i_1/O, cell puf_bd_i/puf_top_0/inst/array/cells[3].cell_inst/g1[12].ro/wop_inferred_i_1. This is not good design practice and will likely impact performance. For SLICE registers, for example, use the CE pin to control the loading of data.
Related violations: <none>

PDRC-153#125 Warning
Gated clock check  
Net puf_bd_i/puf_top_0/inst/array/cells[3].cell_inst/g1[13].ro/wop is a gated clock net sourced by a combinational pin puf_bd_i/puf_top_0/inst/array/cells[3].cell_inst/g1[13].ro/wop_inferred_i_1/O, cell puf_bd_i/puf_top_0/inst/array/cells[3].cell_inst/g1[13].ro/wop_inferred_i_1. This is not good design practice and will likely impact performance. For SLICE registers, for example, use the CE pin to control the loading of data.
Related violations: <none>

PDRC-153#126 Warning
Gated clock check  
Net puf_bd_i/puf_top_0/inst/array/cells[3].cell_inst/g1[14].ro/wop is a gated clock net sourced by a combinational pin puf_bd_i/puf_top_0/inst/array/cells[3].cell_inst/g1[14].ro/wop_inferred_i_1/O, cell puf_bd_i/puf_top_0/inst/array/cells[3].cell_inst/g1[14].ro/wop_inferred_i_1. This is not good design practice and will likely impact performance. For SLICE registers, for example, use the CE pin to control the loading of data.
Related violations: <none>

PDRC-153#127 Warning
Gated clock check  
Net puf_bd_i/puf_top_0/inst/array/cells[3].cell_inst/g1[15].ro/wop is a gated clock net sourced by a combinational pin puf_bd_i/puf_top_0/inst/array/cells[3].cell_inst/g1[15].ro/wop_inferred_i_1/O, cell puf_bd_i/puf_top_0/inst/array/cells[3].cell_inst/g1[15].ro/wop_inferred_i_1. This is not good design practice and will likely impact performance. For SLICE registers, for example, use the CE pin to control the loading of data.
Related violations: <none>

PDRC-153#128 Warning
Gated clock check  
Net puf_bd_i/puf_top_0/inst/array/cells[3].cell_inst/g1[1].ro/wop is a gated clock net sourced by a combinational pin puf_bd_i/puf_top_0/inst/array/cells[3].cell_inst/g1[1].ro/wop_inferred_i_1/O, cell puf_bd_i/puf_top_0/inst/array/cells[3].cell_inst/g1[1].ro/wop_inferred_i_1. This is not good design practice and will likely impact performance. For SLICE registers, for example, use the CE pin to control the loading of data.
Related violations: <none>

PDRC-153#129 Warning
Gated clock check  
Net puf_bd_i/puf_top_0/inst/array/cells[3].cell_inst/g1[2].ro/wop is a gated clock net sourced by a combinational pin puf_bd_i/puf_top_0/inst/array/cells[3].cell_inst/g1[2].ro/wop_inferred_i_1/O, cell puf_bd_i/puf_top_0/inst/array/cells[3].cell_inst/g1[2].ro/wop_inferred_i_1. This is not good design practice and will likely impact performance. For SLICE registers, for example, use the CE pin to control the loading of data.
Related violations: <none>

PDRC-153#130 Warning
Gated clock check  
Net puf_bd_i/puf_top_0/inst/array/cells[3].cell_inst/g1[3].ro/wop is a gated clock net sourced by a combinational pin puf_bd_i/puf_top_0/inst/array/cells[3].cell_inst/g1[3].ro/wop_inferred_i_1/O, cell puf_bd_i/puf_top_0/inst/array/cells[3].cell_inst/g1[3].ro/wop_inferred_i_1. This is not good design practice and will likely impact performance. For SLICE registers, for example, use the CE pin to control the loading of data.
Related violations: <none>

PDRC-153#131 Warning
Gated clock check  
Net puf_bd_i/puf_top_0/inst/array/cells[3].cell_inst/g1[4].ro/wop is a gated clock net sourced by a combinational pin puf_bd_i/puf_top_0/inst/array/cells[3].cell_inst/g1[4].ro/wop_inferred_i_1/O, cell puf_bd_i/puf_top_0/inst/array/cells[3].cell_inst/g1[4].ro/wop_inferred_i_1. This is not good design practice and will likely impact performance. For SLICE registers, for example, use the CE pin to control the loading of data.
Related violations: <none>

PDRC-153#132 Warning
Gated clock check  
Net puf_bd_i/puf_top_0/inst/array/cells[3].cell_inst/g1[5].ro/wop is a gated clock net sourced by a combinational pin puf_bd_i/puf_top_0/inst/array/cells[3].cell_inst/g1[5].ro/wop_inferred_i_1/O, cell puf_bd_i/puf_top_0/inst/array/cells[3].cell_inst/g1[5].ro/wop_inferred_i_1. This is not good design practice and will likely impact performance. For SLICE registers, for example, use the CE pin to control the loading of data.
Related violations: <none>

PDRC-153#133 Warning
Gated clock check  
Net puf_bd_i/puf_top_0/inst/array/cells[3].cell_inst/g1[6].ro/wop is a gated clock net sourced by a combinational pin puf_bd_i/puf_top_0/inst/array/cells[3].cell_inst/g1[6].ro/wop_inferred_i_1/O, cell puf_bd_i/puf_top_0/inst/array/cells[3].cell_inst/g1[6].ro/wop_inferred_i_1. This is not good design practice and will likely impact performance. For SLICE registers, for example, use the CE pin to control the loading of data.
Related violations: <none>

PDRC-153#134 Warning
Gated clock check  
Net puf_bd_i/puf_top_0/inst/array/cells[3].cell_inst/g1[7].ro/wop is a gated clock net sourced by a combinational pin puf_bd_i/puf_top_0/inst/array/cells[3].cell_inst/g1[7].ro/wop_inferred_i_1/O, cell puf_bd_i/puf_top_0/inst/array/cells[3].cell_inst/g1[7].ro/wop_inferred_i_1. This is not good design practice and will likely impact performance. For SLICE registers, for example, use the CE pin to control the loading of data.
Related violations: <none>

PDRC-153#135 Warning
Gated clock check  
Net puf_bd_i/puf_top_0/inst/array/cells[3].cell_inst/g1[8].ro/wop is a gated clock net sourced by a combinational pin puf_bd_i/puf_top_0/inst/array/cells[3].cell_inst/g1[8].ro/wop_inferred_i_1/O, cell puf_bd_i/puf_top_0/inst/array/cells[3].cell_inst/g1[8].ro/wop_inferred_i_1. This is not good design practice and will likely impact performance. For SLICE registers, for example, use the CE pin to control the loading of data.
Related violations: <none>

PDRC-153#136 Warning
Gated clock check  
Net puf_bd_i/puf_top_0/inst/array/cells[3].cell_inst/g1[9].ro/wop is a gated clock net sourced by a combinational pin puf_bd_i/puf_top_0/inst/array/cells[3].cell_inst/g1[9].ro/wop_inferred_i_1/O, cell puf_bd_i/puf_top_0/inst/array/cells[3].cell_inst/g1[9].ro/wop_inferred_i_1. This is not good design practice and will likely impact performance. For SLICE registers, for example, use the CE pin to control the loading of data.
Related violations: <none>

PDRC-153#137 Warning
Gated clock check  
Net puf_bd_i/puf_top_0/inst/array/cells[4].cell_inst/cnt0_reg[0]_i_2__3_n_0 is a gated clock net sourced by a combinational pin puf_bd_i/puf_top_0/inst/array/cells[4].cell_inst/cnt0_reg[0]_i_2__3/O, cell puf_bd_i/puf_top_0/inst/array/cells[4].cell_inst/cnt0_reg[0]_i_2__3. This is not good design practice and will likely impact performance. For SLICE registers, for example, use the CE pin to control the loading of data.
Related violations: <none>

PDRC-153#138 Warning
Gated clock check  
Net puf_bd_i/puf_top_0/inst/array/cells[4].cell_inst/cnt1_reg[0]_i_2__3_n_0 is a gated clock net sourced by a combinational pin puf_bd_i/puf_top_0/inst/array/cells[4].cell_inst/cnt1_reg[0]_i_2__3/O, cell puf_bd_i/puf_top_0/inst/array/cells[4].cell_inst/cnt1_reg[0]_i_2__3. This is not good design practice and will likely impact performance. For SLICE registers, for example, use the CE pin to control the loading of data.
Related violations: <none>

PDRC-153#139 Warning
Gated clock check  
Net puf_bd_i/puf_top_0/inst/array/cells[4].cell_inst/g0[0].ro/wop is a gated clock net sourced by a combinational pin puf_bd_i/puf_top_0/inst/array/cells[4].cell_inst/g0[0].ro/wop_inferred_i_1/O, cell puf_bd_i/puf_top_0/inst/array/cells[4].cell_inst/g0[0].ro/wop_inferred_i_1. This is not good design practice and will likely impact performance. For SLICE registers, for example, use the CE pin to control the loading of data.
Related violations: <none>

PDRC-153#140 Warning
Gated clock check  
Net puf_bd_i/puf_top_0/inst/array/cells[4].cell_inst/g0[10].ro/wop is a gated clock net sourced by a combinational pin puf_bd_i/puf_top_0/inst/array/cells[4].cell_inst/g0[10].ro/wop_inferred_i_1/O, cell puf_bd_i/puf_top_0/inst/array/cells[4].cell_inst/g0[10].ro/wop_inferred_i_1. This is not good design practice and will likely impact performance. For SLICE registers, for example, use the CE pin to control the loading of data.
Related violations: <none>

PDRC-153#141 Warning
Gated clock check  
Net puf_bd_i/puf_top_0/inst/array/cells[4].cell_inst/g0[11].ro/wop is a gated clock net sourced by a combinational pin puf_bd_i/puf_top_0/inst/array/cells[4].cell_inst/g0[11].ro/wop_inferred_i_1/O, cell puf_bd_i/puf_top_0/inst/array/cells[4].cell_inst/g0[11].ro/wop_inferred_i_1. This is not good design practice and will likely impact performance. For SLICE registers, for example, use the CE pin to control the loading of data.
Related violations: <none>

PDRC-153#142 Warning
Gated clock check  
Net puf_bd_i/puf_top_0/inst/array/cells[4].cell_inst/g0[12].ro/wop is a gated clock net sourced by a combinational pin puf_bd_i/puf_top_0/inst/array/cells[4].cell_inst/g0[12].ro/wop_inferred_i_1/O, cell puf_bd_i/puf_top_0/inst/array/cells[4].cell_inst/g0[12].ro/wop_inferred_i_1. This is not good design practice and will likely impact performance. For SLICE registers, for example, use the CE pin to control the loading of data.
Related violations: <none>

PDRC-153#143 Warning
Gated clock check  
Net puf_bd_i/puf_top_0/inst/array/cells[4].cell_inst/g0[13].ro/wop is a gated clock net sourced by a combinational pin puf_bd_i/puf_top_0/inst/array/cells[4].cell_inst/g0[13].ro/wop_inferred_i_1/O, cell puf_bd_i/puf_top_0/inst/array/cells[4].cell_inst/g0[13].ro/wop_inferred_i_1. This is not good design practice and will likely impact performance. For SLICE registers, for example, use the CE pin to control the loading of data.
Related violations: <none>

PDRC-153#144 Warning
Gated clock check  
Net puf_bd_i/puf_top_0/inst/array/cells[4].cell_inst/g0[14].ro/wop is a gated clock net sourced by a combinational pin puf_bd_i/puf_top_0/inst/array/cells[4].cell_inst/g0[14].ro/wop_inferred_i_1/O, cell puf_bd_i/puf_top_0/inst/array/cells[4].cell_inst/g0[14].ro/wop_inferred_i_1. This is not good design practice and will likely impact performance. For SLICE registers, for example, use the CE pin to control the loading of data.
Related violations: <none>

PDRC-153#145 Warning
Gated clock check  
Net puf_bd_i/puf_top_0/inst/array/cells[4].cell_inst/g0[15].ro/wop is a gated clock net sourced by a combinational pin puf_bd_i/puf_top_0/inst/array/cells[4].cell_inst/g0[15].ro/wop_inferred_i_1/O, cell puf_bd_i/puf_top_0/inst/array/cells[4].cell_inst/g0[15].ro/wop_inferred_i_1. This is not good design practice and will likely impact performance. For SLICE registers, for example, use the CE pin to control the loading of data.
Related violations: <none>

PDRC-153#146 Warning
Gated clock check  
Net puf_bd_i/puf_top_0/inst/array/cells[4].cell_inst/g0[1].ro/wop is a gated clock net sourced by a combinational pin puf_bd_i/puf_top_0/inst/array/cells[4].cell_inst/g0[1].ro/wop_inferred_i_1/O, cell puf_bd_i/puf_top_0/inst/array/cells[4].cell_inst/g0[1].ro/wop_inferred_i_1. This is not good design practice and will likely impact performance. For SLICE registers, for example, use the CE pin to control the loading of data.
Related violations: <none>

PDRC-153#147 Warning
Gated clock check  
Net puf_bd_i/puf_top_0/inst/array/cells[4].cell_inst/g0[2].ro/wop is a gated clock net sourced by a combinational pin puf_bd_i/puf_top_0/inst/array/cells[4].cell_inst/g0[2].ro/wop_inferred_i_1/O, cell puf_bd_i/puf_top_0/inst/array/cells[4].cell_inst/g0[2].ro/wop_inferred_i_1. This is not good design practice and will likely impact performance. For SLICE registers, for example, use the CE pin to control the loading of data.
Related violations: <none>

PDRC-153#148 Warning
Gated clock check  
Net puf_bd_i/puf_top_0/inst/array/cells[4].cell_inst/g0[3].ro/wop is a gated clock net sourced by a combinational pin puf_bd_i/puf_top_0/inst/array/cells[4].cell_inst/g0[3].ro/wop_inferred_i_1/O, cell puf_bd_i/puf_top_0/inst/array/cells[4].cell_inst/g0[3].ro/wop_inferred_i_1. This is not good design practice and will likely impact performance. For SLICE registers, for example, use the CE pin to control the loading of data.
Related violations: <none>

PDRC-153#149 Warning
Gated clock check  
Net puf_bd_i/puf_top_0/inst/array/cells[4].cell_inst/g0[4].ro/wop is a gated clock net sourced by a combinational pin puf_bd_i/puf_top_0/inst/array/cells[4].cell_inst/g0[4].ro/wop_inferred_i_1/O, cell puf_bd_i/puf_top_0/inst/array/cells[4].cell_inst/g0[4].ro/wop_inferred_i_1. This is not good design practice and will likely impact performance. For SLICE registers, for example, use the CE pin to control the loading of data.
Related violations: <none>

PDRC-153#150 Warning
Gated clock check  
Net puf_bd_i/puf_top_0/inst/array/cells[4].cell_inst/g0[5].ro/wop is a gated clock net sourced by a combinational pin puf_bd_i/puf_top_0/inst/array/cells[4].cell_inst/g0[5].ro/wop_inferred_i_1/O, cell puf_bd_i/puf_top_0/inst/array/cells[4].cell_inst/g0[5].ro/wop_inferred_i_1. This is not good design practice and will likely impact performance. For SLICE registers, for example, use the CE pin to control the loading of data.
Related violations: <none>

PDRC-153#151 Warning
Gated clock check  
Net puf_bd_i/puf_top_0/inst/array/cells[4].cell_inst/g0[6].ro/wop is a gated clock net sourced by a combinational pin puf_bd_i/puf_top_0/inst/array/cells[4].cell_inst/g0[6].ro/wop_inferred_i_1/O, cell puf_bd_i/puf_top_0/inst/array/cells[4].cell_inst/g0[6].ro/wop_inferred_i_1. This is not good design practice and will likely impact performance. For SLICE registers, for example, use the CE pin to control the loading of data.
Related violations: <none>

PDRC-153#152 Warning
Gated clock check  
Net puf_bd_i/puf_top_0/inst/array/cells[4].cell_inst/g0[7].ro/wop is a gated clock net sourced by a combinational pin puf_bd_i/puf_top_0/inst/array/cells[4].cell_inst/g0[7].ro/wop_inferred_i_1/O, cell puf_bd_i/puf_top_0/inst/array/cells[4].cell_inst/g0[7].ro/wop_inferred_i_1. This is not good design practice and will likely impact performance. For SLICE registers, for example, use the CE pin to control the loading of data.
Related violations: <none>

PDRC-153#153 Warning
Gated clock check  
Net puf_bd_i/puf_top_0/inst/array/cells[4].cell_inst/g0[8].ro/wop is a gated clock net sourced by a combinational pin puf_bd_i/puf_top_0/inst/array/cells[4].cell_inst/g0[8].ro/wop_inferred_i_1/O, cell puf_bd_i/puf_top_0/inst/array/cells[4].cell_inst/g0[8].ro/wop_inferred_i_1. This is not good design practice and will likely impact performance. For SLICE registers, for example, use the CE pin to control the loading of data.
Related violations: <none>

PDRC-153#154 Warning
Gated clock check  
Net puf_bd_i/puf_top_0/inst/array/cells[4].cell_inst/g0[9].ro/wop is a gated clock net sourced by a combinational pin puf_bd_i/puf_top_0/inst/array/cells[4].cell_inst/g0[9].ro/wop_inferred_i_1/O, cell puf_bd_i/puf_top_0/inst/array/cells[4].cell_inst/g0[9].ro/wop_inferred_i_1. This is not good design practice and will likely impact performance. For SLICE registers, for example, use the CE pin to control the loading of data.
Related violations: <none>

PDRC-153#155 Warning
Gated clock check  
Net puf_bd_i/puf_top_0/inst/array/cells[4].cell_inst/g1[0].ro/wop is a gated clock net sourced by a combinational pin puf_bd_i/puf_top_0/inst/array/cells[4].cell_inst/g1[0].ro/wop_inferred_i_1/O, cell puf_bd_i/puf_top_0/inst/array/cells[4].cell_inst/g1[0].ro/wop_inferred_i_1. This is not good design practice and will likely impact performance. For SLICE registers, for example, use the CE pin to control the loading of data.
Related violations: <none>

PDRC-153#156 Warning
Gated clock check  
Net puf_bd_i/puf_top_0/inst/array/cells[4].cell_inst/g1[10].ro/wop is a gated clock net sourced by a combinational pin puf_bd_i/puf_top_0/inst/array/cells[4].cell_inst/g1[10].ro/wop_inferred_i_1/O, cell puf_bd_i/puf_top_0/inst/array/cells[4].cell_inst/g1[10].ro/wop_inferred_i_1. This is not good design practice and will likely impact performance. For SLICE registers, for example, use the CE pin to control the loading of data.
Related violations: <none>

PDRC-153#157 Warning
Gated clock check  
Net puf_bd_i/puf_top_0/inst/array/cells[4].cell_inst/g1[11].ro/wop is a gated clock net sourced by a combinational pin puf_bd_i/puf_top_0/inst/array/cells[4].cell_inst/g1[11].ro/wop_inferred_i_1/O, cell puf_bd_i/puf_top_0/inst/array/cells[4].cell_inst/g1[11].ro/wop_inferred_i_1. This is not good design practice and will likely impact performance. For SLICE registers, for example, use the CE pin to control the loading of data.
Related violations: <none>

PDRC-153#158 Warning
Gated clock check  
Net puf_bd_i/puf_top_0/inst/array/cells[4].cell_inst/g1[12].ro/wop is a gated clock net sourced by a combinational pin puf_bd_i/puf_top_0/inst/array/cells[4].cell_inst/g1[12].ro/wop_inferred_i_1/O, cell puf_bd_i/puf_top_0/inst/array/cells[4].cell_inst/g1[12].ro/wop_inferred_i_1. This is not good design practice and will likely impact performance. For SLICE registers, for example, use the CE pin to control the loading of data.
Related violations: <none>

PDRC-153#159 Warning
Gated clock check  
Net puf_bd_i/puf_top_0/inst/array/cells[4].cell_inst/g1[13].ro/wop is a gated clock net sourced by a combinational pin puf_bd_i/puf_top_0/inst/array/cells[4].cell_inst/g1[13].ro/wop_inferred_i_1/O, cell puf_bd_i/puf_top_0/inst/array/cells[4].cell_inst/g1[13].ro/wop_inferred_i_1. This is not good design practice and will likely impact performance. For SLICE registers, for example, use the CE pin to control the loading of data.
Related violations: <none>

PDRC-153#160 Warning
Gated clock check  
Net puf_bd_i/puf_top_0/inst/array/cells[4].cell_inst/g1[14].ro/wop is a gated clock net sourced by a combinational pin puf_bd_i/puf_top_0/inst/array/cells[4].cell_inst/g1[14].ro/wop_inferred_i_1/O, cell puf_bd_i/puf_top_0/inst/array/cells[4].cell_inst/g1[14].ro/wop_inferred_i_1. This is not good design practice and will likely impact performance. For SLICE registers, for example, use the CE pin to control the loading of data.
Related violations: <none>

PDRC-153#161 Warning
Gated clock check  
Net puf_bd_i/puf_top_0/inst/array/cells[4].cell_inst/g1[15].ro/wop is a gated clock net sourced by a combinational pin puf_bd_i/puf_top_0/inst/array/cells[4].cell_inst/g1[15].ro/wop_inferred_i_1/O, cell puf_bd_i/puf_top_0/inst/array/cells[4].cell_inst/g1[15].ro/wop_inferred_i_1. This is not good design practice and will likely impact performance. For SLICE registers, for example, use the CE pin to control the loading of data.
Related violations: <none>

PDRC-153#162 Warning
Gated clock check  
Net puf_bd_i/puf_top_0/inst/array/cells[4].cell_inst/g1[1].ro/wop is a gated clock net sourced by a combinational pin puf_bd_i/puf_top_0/inst/array/cells[4].cell_inst/g1[1].ro/wop_inferred_i_1/O, cell puf_bd_i/puf_top_0/inst/array/cells[4].cell_inst/g1[1].ro/wop_inferred_i_1. This is not good design practice and will likely impact performance. For SLICE registers, for example, use the CE pin to control the loading of data.
Related violations: <none>

PDRC-153#163 Warning
Gated clock check  
Net puf_bd_i/puf_top_0/inst/array/cells[4].cell_inst/g1[2].ro/wop is a gated clock net sourced by a combinational pin puf_bd_i/puf_top_0/inst/array/cells[4].cell_inst/g1[2].ro/wop_inferred_i_1/O, cell puf_bd_i/puf_top_0/inst/array/cells[4].cell_inst/g1[2].ro/wop_inferred_i_1. This is not good design practice and will likely impact performance. For SLICE registers, for example, use the CE pin to control the loading of data.
Related violations: <none>

PDRC-153#164 Warning
Gated clock check  
Net puf_bd_i/puf_top_0/inst/array/cells[4].cell_inst/g1[3].ro/wop is a gated clock net sourced by a combinational pin puf_bd_i/puf_top_0/inst/array/cells[4].cell_inst/g1[3].ro/wop_inferred_i_1/O, cell puf_bd_i/puf_top_0/inst/array/cells[4].cell_inst/g1[3].ro/wop_inferred_i_1. This is not good design practice and will likely impact performance. For SLICE registers, for example, use the CE pin to control the loading of data.
Related violations: <none>

PDRC-153#165 Warning
Gated clock check  
Net puf_bd_i/puf_top_0/inst/array/cells[4].cell_inst/g1[4].ro/wop is a gated clock net sourced by a combinational pin puf_bd_i/puf_top_0/inst/array/cells[4].cell_inst/g1[4].ro/wop_inferred_i_1/O, cell puf_bd_i/puf_top_0/inst/array/cells[4].cell_inst/g1[4].ro/wop_inferred_i_1. This is not good design practice and will likely impact performance. For SLICE registers, for example, use the CE pin to control the loading of data.
Related violations: <none>

PDRC-153#166 Warning
Gated clock check  
Net puf_bd_i/puf_top_0/inst/array/cells[4].cell_inst/g1[5].ro/wop is a gated clock net sourced by a combinational pin puf_bd_i/puf_top_0/inst/array/cells[4].cell_inst/g1[5].ro/wop_inferred_i_1/O, cell puf_bd_i/puf_top_0/inst/array/cells[4].cell_inst/g1[5].ro/wop_inferred_i_1. This is not good design practice and will likely impact performance. For SLICE registers, for example, use the CE pin to control the loading of data.
Related violations: <none>

PDRC-153#167 Warning
Gated clock check  
Net puf_bd_i/puf_top_0/inst/array/cells[4].cell_inst/g1[6].ro/wop is a gated clock net sourced by a combinational pin puf_bd_i/puf_top_0/inst/array/cells[4].cell_inst/g1[6].ro/wop_inferred_i_1/O, cell puf_bd_i/puf_top_0/inst/array/cells[4].cell_inst/g1[6].ro/wop_inferred_i_1. This is not good design practice and will likely impact performance. For SLICE registers, for example, use the CE pin to control the loading of data.
Related violations: <none>

PDRC-153#168 Warning
Gated clock check  
Net puf_bd_i/puf_top_0/inst/array/cells[4].cell_inst/g1[7].ro/wop is a gated clock net sourced by a combinational pin puf_bd_i/puf_top_0/inst/array/cells[4].cell_inst/g1[7].ro/wop_inferred_i_1/O, cell puf_bd_i/puf_top_0/inst/array/cells[4].cell_inst/g1[7].ro/wop_inferred_i_1. This is not good design practice and will likely impact performance. For SLICE registers, for example, use the CE pin to control the loading of data.
Related violations: <none>

PDRC-153#169 Warning
Gated clock check  
Net puf_bd_i/puf_top_0/inst/array/cells[4].cell_inst/g1[8].ro/wop is a gated clock net sourced by a combinational pin puf_bd_i/puf_top_0/inst/array/cells[4].cell_inst/g1[8].ro/wop_inferred_i_1/O, cell puf_bd_i/puf_top_0/inst/array/cells[4].cell_inst/g1[8].ro/wop_inferred_i_1. This is not good design practice and will likely impact performance. For SLICE registers, for example, use the CE pin to control the loading of data.
Related violations: <none>

PDRC-153#170 Warning
Gated clock check  
Net puf_bd_i/puf_top_0/inst/array/cells[4].cell_inst/g1[9].ro/wop is a gated clock net sourced by a combinational pin puf_bd_i/puf_top_0/inst/array/cells[4].cell_inst/g1[9].ro/wop_inferred_i_1/O, cell puf_bd_i/puf_top_0/inst/array/cells[4].cell_inst/g1[9].ro/wop_inferred_i_1. This is not good design practice and will likely impact performance. For SLICE registers, for example, use the CE pin to control the loading of data.
Related violations: <none>

PDRC-153#171 Warning
Gated clock check  
Net puf_bd_i/puf_top_0/inst/array/cells[5].cell_inst/cnt0_reg[0]_i_2__4_n_0 is a gated clock net sourced by a combinational pin puf_bd_i/puf_top_0/inst/array/cells[5].cell_inst/cnt0_reg[0]_i_2__4/O, cell puf_bd_i/puf_top_0/inst/array/cells[5].cell_inst/cnt0_reg[0]_i_2__4. This is not good design practice and will likely impact performance. For SLICE registers, for example, use the CE pin to control the loading of data.
Related violations: <none>

PDRC-153#172 Warning
Gated clock check  
Net puf_bd_i/puf_top_0/inst/array/cells[5].cell_inst/cnt1_reg[0]_i_2__4_n_0 is a gated clock net sourced by a combinational pin puf_bd_i/puf_top_0/inst/array/cells[5].cell_inst/cnt1_reg[0]_i_2__4/O, cell puf_bd_i/puf_top_0/inst/array/cells[5].cell_inst/cnt1_reg[0]_i_2__4. This is not good design practice and will likely impact performance. For SLICE registers, for example, use the CE pin to control the loading of data.
Related violations: <none>

PDRC-153#173 Warning
Gated clock check  
Net puf_bd_i/puf_top_0/inst/array/cells[5].cell_inst/g0[0].ro/wop is a gated clock net sourced by a combinational pin puf_bd_i/puf_top_0/inst/array/cells[5].cell_inst/g0[0].ro/wop_inferred_i_1/O, cell puf_bd_i/puf_top_0/inst/array/cells[5].cell_inst/g0[0].ro/wop_inferred_i_1. This is not good design practice and will likely impact performance. For SLICE registers, for example, use the CE pin to control the loading of data.
Related violations: <none>

PDRC-153#174 Warning
Gated clock check  
Net puf_bd_i/puf_top_0/inst/array/cells[5].cell_inst/g0[10].ro/wop is a gated clock net sourced by a combinational pin puf_bd_i/puf_top_0/inst/array/cells[5].cell_inst/g0[10].ro/wop_inferred_i_1/O, cell puf_bd_i/puf_top_0/inst/array/cells[5].cell_inst/g0[10].ro/wop_inferred_i_1. This is not good design practice and will likely impact performance. For SLICE registers, for example, use the CE pin to control the loading of data.
Related violations: <none>

PDRC-153#175 Warning
Gated clock check  
Net puf_bd_i/puf_top_0/inst/array/cells[5].cell_inst/g0[11].ro/wop is a gated clock net sourced by a combinational pin puf_bd_i/puf_top_0/inst/array/cells[5].cell_inst/g0[11].ro/wop_inferred_i_1/O, cell puf_bd_i/puf_top_0/inst/array/cells[5].cell_inst/g0[11].ro/wop_inferred_i_1. This is not good design practice and will likely impact performance. For SLICE registers, for example, use the CE pin to control the loading of data.
Related violations: <none>

PDRC-153#176 Warning
Gated clock check  
Net puf_bd_i/puf_top_0/inst/array/cells[5].cell_inst/g0[12].ro/wop is a gated clock net sourced by a combinational pin puf_bd_i/puf_top_0/inst/array/cells[5].cell_inst/g0[12].ro/wop_inferred_i_1/O, cell puf_bd_i/puf_top_0/inst/array/cells[5].cell_inst/g0[12].ro/wop_inferred_i_1. This is not good design practice and will likely impact performance. For SLICE registers, for example, use the CE pin to control the loading of data.
Related violations: <none>

PDRC-153#177 Warning
Gated clock check  
Net puf_bd_i/puf_top_0/inst/array/cells[5].cell_inst/g0[13].ro/wop is a gated clock net sourced by a combinational pin puf_bd_i/puf_top_0/inst/array/cells[5].cell_inst/g0[13].ro/wop_inferred_i_1/O, cell puf_bd_i/puf_top_0/inst/array/cells[5].cell_inst/g0[13].ro/wop_inferred_i_1. This is not good design practice and will likely impact performance. For SLICE registers, for example, use the CE pin to control the loading of data.
Related violations: <none>

PDRC-153#178 Warning
Gated clock check  
Net puf_bd_i/puf_top_0/inst/array/cells[5].cell_inst/g0[14].ro/wop is a gated clock net sourced by a combinational pin puf_bd_i/puf_top_0/inst/array/cells[5].cell_inst/g0[14].ro/wop_inferred_i_1/O, cell puf_bd_i/puf_top_0/inst/array/cells[5].cell_inst/g0[14].ro/wop_inferred_i_1. This is not good design practice and will likely impact performance. For SLICE registers, for example, use the CE pin to control the loading of data.
Related violations: <none>

PDRC-153#179 Warning
Gated clock check  
Net puf_bd_i/puf_top_0/inst/array/cells[5].cell_inst/g0[15].ro/wop is a gated clock net sourced by a combinational pin puf_bd_i/puf_top_0/inst/array/cells[5].cell_inst/g0[15].ro/wop_inferred_i_1/O, cell puf_bd_i/puf_top_0/inst/array/cells[5].cell_inst/g0[15].ro/wop_inferred_i_1. This is not good design practice and will likely impact performance. For SLICE registers, for example, use the CE pin to control the loading of data.
Related violations: <none>

PDRC-153#180 Warning
Gated clock check  
Net puf_bd_i/puf_top_0/inst/array/cells[5].cell_inst/g0[1].ro/wop is a gated clock net sourced by a combinational pin puf_bd_i/puf_top_0/inst/array/cells[5].cell_inst/g0[1].ro/wop_inferred_i_1/O, cell puf_bd_i/puf_top_0/inst/array/cells[5].cell_inst/g0[1].ro/wop_inferred_i_1. This is not good design practice and will likely impact performance. For SLICE registers, for example, use the CE pin to control the loading of data.
Related violations: <none>

PDRC-153#181 Warning
Gated clock check  
Net puf_bd_i/puf_top_0/inst/array/cells[5].cell_inst/g0[2].ro/wop is a gated clock net sourced by a combinational pin puf_bd_i/puf_top_0/inst/array/cells[5].cell_inst/g0[2].ro/wop_inferred_i_1/O, cell puf_bd_i/puf_top_0/inst/array/cells[5].cell_inst/g0[2].ro/wop_inferred_i_1. This is not good design practice and will likely impact performance. For SLICE registers, for example, use the CE pin to control the loading of data.
Related violations: <none>

PDRC-153#182 Warning
Gated clock check  
Net puf_bd_i/puf_top_0/inst/array/cells[5].cell_inst/g0[3].ro/wop is a gated clock net sourced by a combinational pin puf_bd_i/puf_top_0/inst/array/cells[5].cell_inst/g0[3].ro/wop_inferred_i_1/O, cell puf_bd_i/puf_top_0/inst/array/cells[5].cell_inst/g0[3].ro/wop_inferred_i_1. This is not good design practice and will likely impact performance. For SLICE registers, for example, use the CE pin to control the loading of data.
Related violations: <none>

PDRC-153#183 Warning
Gated clock check  
Net puf_bd_i/puf_top_0/inst/array/cells[5].cell_inst/g0[4].ro/wop is a gated clock net sourced by a combinational pin puf_bd_i/puf_top_0/inst/array/cells[5].cell_inst/g0[4].ro/wop_inferred_i_1/O, cell puf_bd_i/puf_top_0/inst/array/cells[5].cell_inst/g0[4].ro/wop_inferred_i_1. This is not good design practice and will likely impact performance. For SLICE registers, for example, use the CE pin to control the loading of data.
Related violations: <none>

PDRC-153#184 Warning
Gated clock check  
Net puf_bd_i/puf_top_0/inst/array/cells[5].cell_inst/g0[5].ro/wop is a gated clock net sourced by a combinational pin puf_bd_i/puf_top_0/inst/array/cells[5].cell_inst/g0[5].ro/wop_inferred_i_1/O, cell puf_bd_i/puf_top_0/inst/array/cells[5].cell_inst/g0[5].ro/wop_inferred_i_1. This is not good design practice and will likely impact performance. For SLICE registers, for example, use the CE pin to control the loading of data.
Related violations: <none>

PDRC-153#185 Warning
Gated clock check  
Net puf_bd_i/puf_top_0/inst/array/cells[5].cell_inst/g0[6].ro/wop is a gated clock net sourced by a combinational pin puf_bd_i/puf_top_0/inst/array/cells[5].cell_inst/g0[6].ro/wop_inferred_i_1/O, cell puf_bd_i/puf_top_0/inst/array/cells[5].cell_inst/g0[6].ro/wop_inferred_i_1. This is not good design practice and will likely impact performance. For SLICE registers, for example, use the CE pin to control the loading of data.
Related violations: <none>

PDRC-153#186 Warning
Gated clock check  
Net puf_bd_i/puf_top_0/inst/array/cells[5].cell_inst/g0[7].ro/wop is a gated clock net sourced by a combinational pin puf_bd_i/puf_top_0/inst/array/cells[5].cell_inst/g0[7].ro/wop_inferred_i_1/O, cell puf_bd_i/puf_top_0/inst/array/cells[5].cell_inst/g0[7].ro/wop_inferred_i_1. This is not good design practice and will likely impact performance. For SLICE registers, for example, use the CE pin to control the loading of data.
Related violations: <none>

PDRC-153#187 Warning
Gated clock check  
Net puf_bd_i/puf_top_0/inst/array/cells[5].cell_inst/g0[8].ro/wop is a gated clock net sourced by a combinational pin puf_bd_i/puf_top_0/inst/array/cells[5].cell_inst/g0[8].ro/wop_inferred_i_1/O, cell puf_bd_i/puf_top_0/inst/array/cells[5].cell_inst/g0[8].ro/wop_inferred_i_1. This is not good design practice and will likely impact performance. For SLICE registers, for example, use the CE pin to control the loading of data.
Related violations: <none>

PDRC-153#188 Warning
Gated clock check  
Net puf_bd_i/puf_top_0/inst/array/cells[5].cell_inst/g0[9].ro/wop is a gated clock net sourced by a combinational pin puf_bd_i/puf_top_0/inst/array/cells[5].cell_inst/g0[9].ro/wop_inferred_i_1/O, cell puf_bd_i/puf_top_0/inst/array/cells[5].cell_inst/g0[9].ro/wop_inferred_i_1. This is not good design practice and will likely impact performance. For SLICE registers, for example, use the CE pin to control the loading of data.
Related violations: <none>

PDRC-153#189 Warning
Gated clock check  
Net puf_bd_i/puf_top_0/inst/array/cells[5].cell_inst/g1[0].ro/wop is a gated clock net sourced by a combinational pin puf_bd_i/puf_top_0/inst/array/cells[5].cell_inst/g1[0].ro/wop_inferred_i_1/O, cell puf_bd_i/puf_top_0/inst/array/cells[5].cell_inst/g1[0].ro/wop_inferred_i_1. This is not good design practice and will likely impact performance. For SLICE registers, for example, use the CE pin to control the loading of data.
Related violations: <none>

PDRC-153#190 Warning
Gated clock check  
Net puf_bd_i/puf_top_0/inst/array/cells[5].cell_inst/g1[10].ro/wop is a gated clock net sourced by a combinational pin puf_bd_i/puf_top_0/inst/array/cells[5].cell_inst/g1[10].ro/wop_inferred_i_1/O, cell puf_bd_i/puf_top_0/inst/array/cells[5].cell_inst/g1[10].ro/wop_inferred_i_1. This is not good design practice and will likely impact performance. For SLICE registers, for example, use the CE pin to control the loading of data.
Related violations: <none>

PDRC-153#191 Warning
Gated clock check  
Net puf_bd_i/puf_top_0/inst/array/cells[5].cell_inst/g1[11].ro/wop is a gated clock net sourced by a combinational pin puf_bd_i/puf_top_0/inst/array/cells[5].cell_inst/g1[11].ro/wop_inferred_i_1/O, cell puf_bd_i/puf_top_0/inst/array/cells[5].cell_inst/g1[11].ro/wop_inferred_i_1. This is not good design practice and will likely impact performance. For SLICE registers, for example, use the CE pin to control the loading of data.
Related violations: <none>

PDRC-153#192 Warning
Gated clock check  
Net puf_bd_i/puf_top_0/inst/array/cells[5].cell_inst/g1[12].ro/wop is a gated clock net sourced by a combinational pin puf_bd_i/puf_top_0/inst/array/cells[5].cell_inst/g1[12].ro/wop_inferred_i_1/O, cell puf_bd_i/puf_top_0/inst/array/cells[5].cell_inst/g1[12].ro/wop_inferred_i_1. This is not good design practice and will likely impact performance. For SLICE registers, for example, use the CE pin to control the loading of data.
Related violations: <none>

PDRC-153#193 Warning
Gated clock check  
Net puf_bd_i/puf_top_0/inst/array/cells[5].cell_inst/g1[13].ro/wop is a gated clock net sourced by a combinational pin puf_bd_i/puf_top_0/inst/array/cells[5].cell_inst/g1[13].ro/wop_inferred_i_1/O, cell puf_bd_i/puf_top_0/inst/array/cells[5].cell_inst/g1[13].ro/wop_inferred_i_1. This is not good design practice and will likely impact performance. For SLICE registers, for example, use the CE pin to control the loading of data.
Related violations: <none>

PDRC-153#194 Warning
Gated clock check  
Net puf_bd_i/puf_top_0/inst/array/cells[5].cell_inst/g1[14].ro/wop is a gated clock net sourced by a combinational pin puf_bd_i/puf_top_0/inst/array/cells[5].cell_inst/g1[14].ro/wop_inferred_i_1/O, cell puf_bd_i/puf_top_0/inst/array/cells[5].cell_inst/g1[14].ro/wop_inferred_i_1. This is not good design practice and will likely impact performance. For SLICE registers, for example, use the CE pin to control the loading of data.
Related violations: <none>

PDRC-153#195 Warning
Gated clock check  
Net puf_bd_i/puf_top_0/inst/array/cells[5].cell_inst/g1[15].ro/wop is a gated clock net sourced by a combinational pin puf_bd_i/puf_top_0/inst/array/cells[5].cell_inst/g1[15].ro/wop_inferred_i_1/O, cell puf_bd_i/puf_top_0/inst/array/cells[5].cell_inst/g1[15].ro/wop_inferred_i_1. This is not good design practice and will likely impact performance. For SLICE registers, for example, use the CE pin to control the loading of data.
Related violations: <none>

PDRC-153#196 Warning
Gated clock check  
Net puf_bd_i/puf_top_0/inst/array/cells[5].cell_inst/g1[1].ro/wop is a gated clock net sourced by a combinational pin puf_bd_i/puf_top_0/inst/array/cells[5].cell_inst/g1[1].ro/wop_inferred_i_1/O, cell puf_bd_i/puf_top_0/inst/array/cells[5].cell_inst/g1[1].ro/wop_inferred_i_1. This is not good design practice and will likely impact performance. For SLICE registers, for example, use the CE pin to control the loading of data.
Related violations: <none>

PDRC-153#197 Warning
Gated clock check  
Net puf_bd_i/puf_top_0/inst/array/cells[5].cell_inst/g1[2].ro/wop is a gated clock net sourced by a combinational pin puf_bd_i/puf_top_0/inst/array/cells[5].cell_inst/g1[2].ro/wop_inferred_i_1/O, cell puf_bd_i/puf_top_0/inst/array/cells[5].cell_inst/g1[2].ro/wop_inferred_i_1. This is not good design practice and will likely impact performance. For SLICE registers, for example, use the CE pin to control the loading of data.
Related violations: <none>

PDRC-153#198 Warning
Gated clock check  
Net puf_bd_i/puf_top_0/inst/array/cells[5].cell_inst/g1[3].ro/wop is a gated clock net sourced by a combinational pin puf_bd_i/puf_top_0/inst/array/cells[5].cell_inst/g1[3].ro/wop_inferred_i_1/O, cell puf_bd_i/puf_top_0/inst/array/cells[5].cell_inst/g1[3].ro/wop_inferred_i_1. This is not good design practice and will likely impact performance. For SLICE registers, for example, use the CE pin to control the loading of data.
Related violations: <none>

PDRC-153#199 Warning
Gated clock check  
Net puf_bd_i/puf_top_0/inst/array/cells[5].cell_inst/g1[4].ro/wop is a gated clock net sourced by a combinational pin puf_bd_i/puf_top_0/inst/array/cells[5].cell_inst/g1[4].ro/wop_inferred_i_1/O, cell puf_bd_i/puf_top_0/inst/array/cells[5].cell_inst/g1[4].ro/wop_inferred_i_1. This is not good design practice and will likely impact performance. For SLICE registers, for example, use the CE pin to control the loading of data.
Related violations: <none>

PDRC-153#200 Warning
Gated clock check  
Net puf_bd_i/puf_top_0/inst/array/cells[5].cell_inst/g1[5].ro/wop is a gated clock net sourced by a combinational pin puf_bd_i/puf_top_0/inst/array/cells[5].cell_inst/g1[5].ro/wop_inferred_i_1/O, cell puf_bd_i/puf_top_0/inst/array/cells[5].cell_inst/g1[5].ro/wop_inferred_i_1. This is not good design practice and will likely impact performance. For SLICE registers, for example, use the CE pin to control the loading of data.
Related violations: <none>

PDRC-153#201 Warning
Gated clock check  
Net puf_bd_i/puf_top_0/inst/array/cells[5].cell_inst/g1[6].ro/wop is a gated clock net sourced by a combinational pin puf_bd_i/puf_top_0/inst/array/cells[5].cell_inst/g1[6].ro/wop_inferred_i_1/O, cell puf_bd_i/puf_top_0/inst/array/cells[5].cell_inst/g1[6].ro/wop_inferred_i_1. This is not good design practice and will likely impact performance. For SLICE registers, for example, use the CE pin to control the loading of data.
Related violations: <none>

PDRC-153#202 Warning
Gated clock check  
Net puf_bd_i/puf_top_0/inst/array/cells[5].cell_inst/g1[7].ro/wop is a gated clock net sourced by a combinational pin puf_bd_i/puf_top_0/inst/array/cells[5].cell_inst/g1[7].ro/wop_inferred_i_1/O, cell puf_bd_i/puf_top_0/inst/array/cells[5].cell_inst/g1[7].ro/wop_inferred_i_1. This is not good design practice and will likely impact performance. For SLICE registers, for example, use the CE pin to control the loading of data.
Related violations: <none>

PDRC-153#203 Warning
Gated clock check  
Net puf_bd_i/puf_top_0/inst/array/cells[5].cell_inst/g1[8].ro/wop is a gated clock net sourced by a combinational pin puf_bd_i/puf_top_0/inst/array/cells[5].cell_inst/g1[8].ro/wop_inferred_i_1/O, cell puf_bd_i/puf_top_0/inst/array/cells[5].cell_inst/g1[8].ro/wop_inferred_i_1. This is not good design practice and will likely impact performance. For SLICE registers, for example, use the CE pin to control the loading of data.
Related violations: <none>

PDRC-153#204 Warning
Gated clock check  
Net puf_bd_i/puf_top_0/inst/array/cells[5].cell_inst/g1[9].ro/wop is a gated clock net sourced by a combinational pin puf_bd_i/puf_top_0/inst/array/cells[5].cell_inst/g1[9].ro/wop_inferred_i_1/O, cell puf_bd_i/puf_top_0/inst/array/cells[5].cell_inst/g1[9].ro/wop_inferred_i_1. This is not good design practice and will likely impact performance. For SLICE registers, for example, use the CE pin to control the loading of data.
Related violations: <none>

PDRC-153#205 Warning
Gated clock check  
Net puf_bd_i/puf_top_0/inst/array/cells[6].cell_inst/cnt0_reg[0]_i_2__5_n_0 is a gated clock net sourced by a combinational pin puf_bd_i/puf_top_0/inst/array/cells[6].cell_inst/cnt0_reg[0]_i_2__5/O, cell puf_bd_i/puf_top_0/inst/array/cells[6].cell_inst/cnt0_reg[0]_i_2__5. This is not good design practice and will likely impact performance. For SLICE registers, for example, use the CE pin to control the loading of data.
Related violations: <none>

PDRC-153#206 Warning
Gated clock check  
Net puf_bd_i/puf_top_0/inst/array/cells[6].cell_inst/cnt1_reg[0]_i_2__5_n_0 is a gated clock net sourced by a combinational pin puf_bd_i/puf_top_0/inst/array/cells[6].cell_inst/cnt1_reg[0]_i_2__5/O, cell puf_bd_i/puf_top_0/inst/array/cells[6].cell_inst/cnt1_reg[0]_i_2__5. This is not good design practice and will likely impact performance. For SLICE registers, for example, use the CE pin to control the loading of data.
Related violations: <none>

PDRC-153#207 Warning
Gated clock check  
Net puf_bd_i/puf_top_0/inst/array/cells[6].cell_inst/g0[0].ro/wop is a gated clock net sourced by a combinational pin puf_bd_i/puf_top_0/inst/array/cells[6].cell_inst/g0[0].ro/wop_inferred_i_1/O, cell puf_bd_i/puf_top_0/inst/array/cells[6].cell_inst/g0[0].ro/wop_inferred_i_1. This is not good design practice and will likely impact performance. For SLICE registers, for example, use the CE pin to control the loading of data.
Related violations: <none>

PDRC-153#208 Warning
Gated clock check  
Net puf_bd_i/puf_top_0/inst/array/cells[6].cell_inst/g0[10].ro/wop is a gated clock net sourced by a combinational pin puf_bd_i/puf_top_0/inst/array/cells[6].cell_inst/g0[10].ro/wop_inferred_i_1/O, cell puf_bd_i/puf_top_0/inst/array/cells[6].cell_inst/g0[10].ro/wop_inferred_i_1. This is not good design practice and will likely impact performance. For SLICE registers, for example, use the CE pin to control the loading of data.
Related violations: <none>

PDRC-153#209 Warning
Gated clock check  
Net puf_bd_i/puf_top_0/inst/array/cells[6].cell_inst/g0[11].ro/wop is a gated clock net sourced by a combinational pin puf_bd_i/puf_top_0/inst/array/cells[6].cell_inst/g0[11].ro/wop_inferred_i_1/O, cell puf_bd_i/puf_top_0/inst/array/cells[6].cell_inst/g0[11].ro/wop_inferred_i_1. This is not good design practice and will likely impact performance. For SLICE registers, for example, use the CE pin to control the loading of data.
Related violations: <none>

PDRC-153#210 Warning
Gated clock check  
Net puf_bd_i/puf_top_0/inst/array/cells[6].cell_inst/g0[12].ro/wop is a gated clock net sourced by a combinational pin puf_bd_i/puf_top_0/inst/array/cells[6].cell_inst/g0[12].ro/wop_inferred_i_1/O, cell puf_bd_i/puf_top_0/inst/array/cells[6].cell_inst/g0[12].ro/wop_inferred_i_1. This is not good design practice and will likely impact performance. For SLICE registers, for example, use the CE pin to control the loading of data.
Related violations: <none>

PDRC-153#211 Warning
Gated clock check  
Net puf_bd_i/puf_top_0/inst/array/cells[6].cell_inst/g0[13].ro/wop is a gated clock net sourced by a combinational pin puf_bd_i/puf_top_0/inst/array/cells[6].cell_inst/g0[13].ro/wop_inferred_i_1/O, cell puf_bd_i/puf_top_0/inst/array/cells[6].cell_inst/g0[13].ro/wop_inferred_i_1. This is not good design practice and will likely impact performance. For SLICE registers, for example, use the CE pin to control the loading of data.
Related violations: <none>

PDRC-153#212 Warning
Gated clock check  
Net puf_bd_i/puf_top_0/inst/array/cells[6].cell_inst/g0[14].ro/wop is a gated clock net sourced by a combinational pin puf_bd_i/puf_top_0/inst/array/cells[6].cell_inst/g0[14].ro/wop_inferred_i_1/O, cell puf_bd_i/puf_top_0/inst/array/cells[6].cell_inst/g0[14].ro/wop_inferred_i_1. This is not good design practice and will likely impact performance. For SLICE registers, for example, use the CE pin to control the loading of data.
Related violations: <none>

PDRC-153#213 Warning
Gated clock check  
Net puf_bd_i/puf_top_0/inst/array/cells[6].cell_inst/g0[15].ro/wop is a gated clock net sourced by a combinational pin puf_bd_i/puf_top_0/inst/array/cells[6].cell_inst/g0[15].ro/wop_inferred_i_1/O, cell puf_bd_i/puf_top_0/inst/array/cells[6].cell_inst/g0[15].ro/wop_inferred_i_1. This is not good design practice and will likely impact performance. For SLICE registers, for example, use the CE pin to control the loading of data.
Related violations: <none>

PDRC-153#214 Warning
Gated clock check  
Net puf_bd_i/puf_top_0/inst/array/cells[6].cell_inst/g0[1].ro/wop is a gated clock net sourced by a combinational pin puf_bd_i/puf_top_0/inst/array/cells[6].cell_inst/g0[1].ro/wop_inferred_i_1/O, cell puf_bd_i/puf_top_0/inst/array/cells[6].cell_inst/g0[1].ro/wop_inferred_i_1. This is not good design practice and will likely impact performance. For SLICE registers, for example, use the CE pin to control the loading of data.
Related violations: <none>

PDRC-153#215 Warning
Gated clock check  
Net puf_bd_i/puf_top_0/inst/array/cells[6].cell_inst/g0[2].ro/wop is a gated clock net sourced by a combinational pin puf_bd_i/puf_top_0/inst/array/cells[6].cell_inst/g0[2].ro/wop_inferred_i_1/O, cell puf_bd_i/puf_top_0/inst/array/cells[6].cell_inst/g0[2].ro/wop_inferred_i_1. This is not good design practice and will likely impact performance. For SLICE registers, for example, use the CE pin to control the loading of data.
Related violations: <none>

PDRC-153#216 Warning
Gated clock check  
Net puf_bd_i/puf_top_0/inst/array/cells[6].cell_inst/g0[3].ro/wop is a gated clock net sourced by a combinational pin puf_bd_i/puf_top_0/inst/array/cells[6].cell_inst/g0[3].ro/wop_inferred_i_1/O, cell puf_bd_i/puf_top_0/inst/array/cells[6].cell_inst/g0[3].ro/wop_inferred_i_1. This is not good design practice and will likely impact performance. For SLICE registers, for example, use the CE pin to control the loading of data.
Related violations: <none>

PDRC-153#217 Warning
Gated clock check  
Net puf_bd_i/puf_top_0/inst/array/cells[6].cell_inst/g0[4].ro/wop is a gated clock net sourced by a combinational pin puf_bd_i/puf_top_0/inst/array/cells[6].cell_inst/g0[4].ro/wop_inferred_i_1/O, cell puf_bd_i/puf_top_0/inst/array/cells[6].cell_inst/g0[4].ro/wop_inferred_i_1. This is not good design practice and will likely impact performance. For SLICE registers, for example, use the CE pin to control the loading of data.
Related violations: <none>

PDRC-153#218 Warning
Gated clock check  
Net puf_bd_i/puf_top_0/inst/array/cells[6].cell_inst/g0[5].ro/wop is a gated clock net sourced by a combinational pin puf_bd_i/puf_top_0/inst/array/cells[6].cell_inst/g0[5].ro/wop_inferred_i_1/O, cell puf_bd_i/puf_top_0/inst/array/cells[6].cell_inst/g0[5].ro/wop_inferred_i_1. This is not good design practice and will likely impact performance. For SLICE registers, for example, use the CE pin to control the loading of data.
Related violations: <none>

PDRC-153#219 Warning
Gated clock check  
Net puf_bd_i/puf_top_0/inst/array/cells[6].cell_inst/g0[6].ro/wop is a gated clock net sourced by a combinational pin puf_bd_i/puf_top_0/inst/array/cells[6].cell_inst/g0[6].ro/wop_inferred_i_1/O, cell puf_bd_i/puf_top_0/inst/array/cells[6].cell_inst/g0[6].ro/wop_inferred_i_1. This is not good design practice and will likely impact performance. For SLICE registers, for example, use the CE pin to control the loading of data.
Related violations: <none>

PDRC-153#220 Warning
Gated clock check  
Net puf_bd_i/puf_top_0/inst/array/cells[6].cell_inst/g0[7].ro/wop is a gated clock net sourced by a combinational pin puf_bd_i/puf_top_0/inst/array/cells[6].cell_inst/g0[7].ro/wop_inferred_i_1/O, cell puf_bd_i/puf_top_0/inst/array/cells[6].cell_inst/g0[7].ro/wop_inferred_i_1. This is not good design practice and will likely impact performance. For SLICE registers, for example, use the CE pin to control the loading of data.
Related violations: <none>

PDRC-153#221 Warning
Gated clock check  
Net puf_bd_i/puf_top_0/inst/array/cells[6].cell_inst/g0[8].ro/wop is a gated clock net sourced by a combinational pin puf_bd_i/puf_top_0/inst/array/cells[6].cell_inst/g0[8].ro/wop_inferred_i_1/O, cell puf_bd_i/puf_top_0/inst/array/cells[6].cell_inst/g0[8].ro/wop_inferred_i_1. This is not good design practice and will likely impact performance. For SLICE registers, for example, use the CE pin to control the loading of data.
Related violations: <none>

PDRC-153#222 Warning
Gated clock check  
Net puf_bd_i/puf_top_0/inst/array/cells[6].cell_inst/g0[9].ro/wop is a gated clock net sourced by a combinational pin puf_bd_i/puf_top_0/inst/array/cells[6].cell_inst/g0[9].ro/wop_inferred_i_1/O, cell puf_bd_i/puf_top_0/inst/array/cells[6].cell_inst/g0[9].ro/wop_inferred_i_1. This is not good design practice and will likely impact performance. For SLICE registers, for example, use the CE pin to control the loading of data.
Related violations: <none>

PDRC-153#223 Warning
Gated clock check  
Net puf_bd_i/puf_top_0/inst/array/cells[6].cell_inst/g1[0].ro/wop is a gated clock net sourced by a combinational pin puf_bd_i/puf_top_0/inst/array/cells[6].cell_inst/g1[0].ro/wop_inferred_i_1/O, cell puf_bd_i/puf_top_0/inst/array/cells[6].cell_inst/g1[0].ro/wop_inferred_i_1. This is not good design practice and will likely impact performance. For SLICE registers, for example, use the CE pin to control the loading of data.
Related violations: <none>

PDRC-153#224 Warning
Gated clock check  
Net puf_bd_i/puf_top_0/inst/array/cells[6].cell_inst/g1[10].ro/wop is a gated clock net sourced by a combinational pin puf_bd_i/puf_top_0/inst/array/cells[6].cell_inst/g1[10].ro/wop_inferred_i_1/O, cell puf_bd_i/puf_top_0/inst/array/cells[6].cell_inst/g1[10].ro/wop_inferred_i_1. This is not good design practice and will likely impact performance. For SLICE registers, for example, use the CE pin to control the loading of data.
Related violations: <none>

PDRC-153#225 Warning
Gated clock check  
Net puf_bd_i/puf_top_0/inst/array/cells[6].cell_inst/g1[11].ro/wop is a gated clock net sourced by a combinational pin puf_bd_i/puf_top_0/inst/array/cells[6].cell_inst/g1[11].ro/wop_inferred_i_1/O, cell puf_bd_i/puf_top_0/inst/array/cells[6].cell_inst/g1[11].ro/wop_inferred_i_1. This is not good design practice and will likely impact performance. For SLICE registers, for example, use the CE pin to control the loading of data.
Related violations: <none>

PDRC-153#226 Warning
Gated clock check  
Net puf_bd_i/puf_top_0/inst/array/cells[6].cell_inst/g1[12].ro/wop is a gated clock net sourced by a combinational pin puf_bd_i/puf_top_0/inst/array/cells[6].cell_inst/g1[12].ro/wop_inferred_i_1/O, cell puf_bd_i/puf_top_0/inst/array/cells[6].cell_inst/g1[12].ro/wop_inferred_i_1. This is not good design practice and will likely impact performance. For SLICE registers, for example, use the CE pin to control the loading of data.
Related violations: <none>

PDRC-153#227 Warning
Gated clock check  
Net puf_bd_i/puf_top_0/inst/array/cells[6].cell_inst/g1[13].ro/wop is a gated clock net sourced by a combinational pin puf_bd_i/puf_top_0/inst/array/cells[6].cell_inst/g1[13].ro/wop_inferred_i_1/O, cell puf_bd_i/puf_top_0/inst/array/cells[6].cell_inst/g1[13].ro/wop_inferred_i_1. This is not good design practice and will likely impact performance. For SLICE registers, for example, use the CE pin to control the loading of data.
Related violations: <none>

PDRC-153#228 Warning
Gated clock check  
Net puf_bd_i/puf_top_0/inst/array/cells[6].cell_inst/g1[14].ro/wop is a gated clock net sourced by a combinational pin puf_bd_i/puf_top_0/inst/array/cells[6].cell_inst/g1[14].ro/wop_inferred_i_1/O, cell puf_bd_i/puf_top_0/inst/array/cells[6].cell_inst/g1[14].ro/wop_inferred_i_1. This is not good design practice and will likely impact performance. For SLICE registers, for example, use the CE pin to control the loading of data.
Related violations: <none>

PDRC-153#229 Warning
Gated clock check  
Net puf_bd_i/puf_top_0/inst/array/cells[6].cell_inst/g1[15].ro/wop is a gated clock net sourced by a combinational pin puf_bd_i/puf_top_0/inst/array/cells[6].cell_inst/g1[15].ro/wop_inferred_i_1/O, cell puf_bd_i/puf_top_0/inst/array/cells[6].cell_inst/g1[15].ro/wop_inferred_i_1. This is not good design practice and will likely impact performance. For SLICE registers, for example, use the CE pin to control the loading of data.
Related violations: <none>

PDRC-153#230 Warning
Gated clock check  
Net puf_bd_i/puf_top_0/inst/array/cells[6].cell_inst/g1[1].ro/wop is a gated clock net sourced by a combinational pin puf_bd_i/puf_top_0/inst/array/cells[6].cell_inst/g1[1].ro/wop_inferred_i_1/O, cell puf_bd_i/puf_top_0/inst/array/cells[6].cell_inst/g1[1].ro/wop_inferred_i_1. This is not good design practice and will likely impact performance. For SLICE registers, for example, use the CE pin to control the loading of data.
Related violations: <none>

PDRC-153#231 Warning
Gated clock check  
Net puf_bd_i/puf_top_0/inst/array/cells[6].cell_inst/g1[2].ro/wop is a gated clock net sourced by a combinational pin puf_bd_i/puf_top_0/inst/array/cells[6].cell_inst/g1[2].ro/wop_inferred_i_1/O, cell puf_bd_i/puf_top_0/inst/array/cells[6].cell_inst/g1[2].ro/wop_inferred_i_1. This is not good design practice and will likely impact performance. For SLICE registers, for example, use the CE pin to control the loading of data.
Related violations: <none>

PDRC-153#232 Warning
Gated clock check  
Net puf_bd_i/puf_top_0/inst/array/cells[6].cell_inst/g1[3].ro/wop is a gated clock net sourced by a combinational pin puf_bd_i/puf_top_0/inst/array/cells[6].cell_inst/g1[3].ro/wop_inferred_i_1/O, cell puf_bd_i/puf_top_0/inst/array/cells[6].cell_inst/g1[3].ro/wop_inferred_i_1. This is not good design practice and will likely impact performance. For SLICE registers, for example, use the CE pin to control the loading of data.
Related violations: <none>

PDRC-153#233 Warning
Gated clock check  
Net puf_bd_i/puf_top_0/inst/array/cells[6].cell_inst/g1[4].ro/wop is a gated clock net sourced by a combinational pin puf_bd_i/puf_top_0/inst/array/cells[6].cell_inst/g1[4].ro/wop_inferred_i_1/O, cell puf_bd_i/puf_top_0/inst/array/cells[6].cell_inst/g1[4].ro/wop_inferred_i_1. This is not good design practice and will likely impact performance. For SLICE registers, for example, use the CE pin to control the loading of data.
Related violations: <none>

PDRC-153#234 Warning
Gated clock check  
Net puf_bd_i/puf_top_0/inst/array/cells[6].cell_inst/g1[5].ro/wop is a gated clock net sourced by a combinational pin puf_bd_i/puf_top_0/inst/array/cells[6].cell_inst/g1[5].ro/wop_inferred_i_1/O, cell puf_bd_i/puf_top_0/inst/array/cells[6].cell_inst/g1[5].ro/wop_inferred_i_1. This is not good design practice and will likely impact performance. For SLICE registers, for example, use the CE pin to control the loading of data.
Related violations: <none>

PDRC-153#235 Warning
Gated clock check  
Net puf_bd_i/puf_top_0/inst/array/cells[6].cell_inst/g1[6].ro/wop is a gated clock net sourced by a combinational pin puf_bd_i/puf_top_0/inst/array/cells[6].cell_inst/g1[6].ro/wop_inferred_i_1/O, cell puf_bd_i/puf_top_0/inst/array/cells[6].cell_inst/g1[6].ro/wop_inferred_i_1. This is not good design practice and will likely impact performance. For SLICE registers, for example, use the CE pin to control the loading of data.
Related violations: <none>

PDRC-153#236 Warning
Gated clock check  
Net puf_bd_i/puf_top_0/inst/array/cells[6].cell_inst/g1[7].ro/wop is a gated clock net sourced by a combinational pin puf_bd_i/puf_top_0/inst/array/cells[6].cell_inst/g1[7].ro/wop_inferred_i_1/O, cell puf_bd_i/puf_top_0/inst/array/cells[6].cell_inst/g1[7].ro/wop_inferred_i_1. This is not good design practice and will likely impact performance. For SLICE registers, for example, use the CE pin to control the loading of data.
Related violations: <none>

PDRC-153#237 Warning
Gated clock check  
Net puf_bd_i/puf_top_0/inst/array/cells[6].cell_inst/g1[8].ro/wop is a gated clock net sourced by a combinational pin puf_bd_i/puf_top_0/inst/array/cells[6].cell_inst/g1[8].ro/wop_inferred_i_1/O, cell puf_bd_i/puf_top_0/inst/array/cells[6].cell_inst/g1[8].ro/wop_inferred_i_1. This is not good design practice and will likely impact performance. For SLICE registers, for example, use the CE pin to control the loading of data.
Related violations: <none>

PDRC-153#238 Warning
Gated clock check  
Net puf_bd_i/puf_top_0/inst/array/cells[6].cell_inst/g1[9].ro/wop is a gated clock net sourced by a combinational pin puf_bd_i/puf_top_0/inst/array/cells[6].cell_inst/g1[9].ro/wop_inferred_i_1/O, cell puf_bd_i/puf_top_0/inst/array/cells[6].cell_inst/g1[9].ro/wop_inferred_i_1. This is not good design practice and will likely impact performance. For SLICE registers, for example, use the CE pin to control the loading of data.
Related violations: <none>

PDRC-153#239 Warning
Gated clock check  
Net puf_bd_i/puf_top_0/inst/array/cells[7].cell_inst/cnt0_reg[0]_i_2__6_n_0 is a gated clock net sourced by a combinational pin puf_bd_i/puf_top_0/inst/array/cells[7].cell_inst/cnt0_reg[0]_i_2__6/O, cell puf_bd_i/puf_top_0/inst/array/cells[7].cell_inst/cnt0_reg[0]_i_2__6. This is not good design practice and will likely impact performance. For SLICE registers, for example, use the CE pin to control the loading of data.
Related violations: <none>

PDRC-153#240 Warning
Gated clock check  
Net puf_bd_i/puf_top_0/inst/array/cells[7].cell_inst/cnt1_reg[0]_i_2__6_n_0 is a gated clock net sourced by a combinational pin puf_bd_i/puf_top_0/inst/array/cells[7].cell_inst/cnt1_reg[0]_i_2__6/O, cell puf_bd_i/puf_top_0/inst/array/cells[7].cell_inst/cnt1_reg[0]_i_2__6. This is not good design practice and will likely impact performance. For SLICE registers, for example, use the CE pin to control the loading of data.
Related violations: <none>

PDRC-153#241 Warning
Gated clock check  
Net puf_bd_i/puf_top_0/inst/array/cells[7].cell_inst/g0[0].ro/wop is a gated clock net sourced by a combinational pin puf_bd_i/puf_top_0/inst/array/cells[7].cell_inst/g0[0].ro/wop_inferred_i_1/O, cell puf_bd_i/puf_top_0/inst/array/cells[7].cell_inst/g0[0].ro/wop_inferred_i_1. This is not good design practice and will likely impact performance. For SLICE registers, for example, use the CE pin to control the loading of data.
Related violations: <none>

PDRC-153#242 Warning
Gated clock check  
Net puf_bd_i/puf_top_0/inst/array/cells[7].cell_inst/g0[10].ro/wop is a gated clock net sourced by a combinational pin puf_bd_i/puf_top_0/inst/array/cells[7].cell_inst/g0[10].ro/wop_inferred_i_1/O, cell puf_bd_i/puf_top_0/inst/array/cells[7].cell_inst/g0[10].ro/wop_inferred_i_1. This is not good design practice and will likely impact performance. For SLICE registers, for example, use the CE pin to control the loading of data.
Related violations: <none>

PDRC-153#243 Warning
Gated clock check  
Net puf_bd_i/puf_top_0/inst/array/cells[7].cell_inst/g0[11].ro/wop is a gated clock net sourced by a combinational pin puf_bd_i/puf_top_0/inst/array/cells[7].cell_inst/g0[11].ro/wop_inferred_i_1/O, cell puf_bd_i/puf_top_0/inst/array/cells[7].cell_inst/g0[11].ro/wop_inferred_i_1. This is not good design practice and will likely impact performance. For SLICE registers, for example, use the CE pin to control the loading of data.
Related violations: <none>

PDRC-153#244 Warning
Gated clock check  
Net puf_bd_i/puf_top_0/inst/array/cells[7].cell_inst/g0[12].ro/wop is a gated clock net sourced by a combinational pin puf_bd_i/puf_top_0/inst/array/cells[7].cell_inst/g0[12].ro/wop_inferred_i_1/O, cell puf_bd_i/puf_top_0/inst/array/cells[7].cell_inst/g0[12].ro/wop_inferred_i_1. This is not good design practice and will likely impact performance. For SLICE registers, for example, use the CE pin to control the loading of data.
Related violations: <none>

PDRC-153#245 Warning
Gated clock check  
Net puf_bd_i/puf_top_0/inst/array/cells[7].cell_inst/g0[13].ro/wop is a gated clock net sourced by a combinational pin puf_bd_i/puf_top_0/inst/array/cells[7].cell_inst/g0[13].ro/wop_inferred_i_1/O, cell puf_bd_i/puf_top_0/inst/array/cells[7].cell_inst/g0[13].ro/wop_inferred_i_1. This is not good design practice and will likely impact performance. For SLICE registers, for example, use the CE pin to control the loading of data.
Related violations: <none>

PDRC-153#246 Warning
Gated clock check  
Net puf_bd_i/puf_top_0/inst/array/cells[7].cell_inst/g0[14].ro/wop is a gated clock net sourced by a combinational pin puf_bd_i/puf_top_0/inst/array/cells[7].cell_inst/g0[14].ro/wop_inferred_i_1/O, cell puf_bd_i/puf_top_0/inst/array/cells[7].cell_inst/g0[14].ro/wop_inferred_i_1. This is not good design practice and will likely impact performance. For SLICE registers, for example, use the CE pin to control the loading of data.
Related violations: <none>

PDRC-153#247 Warning
Gated clock check  
Net puf_bd_i/puf_top_0/inst/array/cells[7].cell_inst/g0[15].ro/wop is a gated clock net sourced by a combinational pin puf_bd_i/puf_top_0/inst/array/cells[7].cell_inst/g0[15].ro/wop_inferred_i_1/O, cell puf_bd_i/puf_top_0/inst/array/cells[7].cell_inst/g0[15].ro/wop_inferred_i_1. This is not good design practice and will likely impact performance. For SLICE registers, for example, use the CE pin to control the loading of data.
Related violations: <none>

PDRC-153#248 Warning
Gated clock check  
Net puf_bd_i/puf_top_0/inst/array/cells[7].cell_inst/g0[1].ro/wop is a gated clock net sourced by a combinational pin puf_bd_i/puf_top_0/inst/array/cells[7].cell_inst/g0[1].ro/wop_inferred_i_1/O, cell puf_bd_i/puf_top_0/inst/array/cells[7].cell_inst/g0[1].ro/wop_inferred_i_1. This is not good design practice and will likely impact performance. For SLICE registers, for example, use the CE pin to control the loading of data.
Related violations: <none>

PDRC-153#249 Warning
Gated clock check  
Net puf_bd_i/puf_top_0/inst/array/cells[7].cell_inst/g0[2].ro/wop is a gated clock net sourced by a combinational pin puf_bd_i/puf_top_0/inst/array/cells[7].cell_inst/g0[2].ro/wop_inferred_i_1/O, cell puf_bd_i/puf_top_0/inst/array/cells[7].cell_inst/g0[2].ro/wop_inferred_i_1. This is not good design practice and will likely impact performance. For SLICE registers, for example, use the CE pin to control the loading of data.
Related violations: <none>

PDRC-153#250 Warning
Gated clock check  
Net puf_bd_i/puf_top_0/inst/array/cells[7].cell_inst/g0[3].ro/wop is a gated clock net sourced by a combinational pin puf_bd_i/puf_top_0/inst/array/cells[7].cell_inst/g0[3].ro/wop_inferred_i_1/O, cell puf_bd_i/puf_top_0/inst/array/cells[7].cell_inst/g0[3].ro/wop_inferred_i_1. This is not good design practice and will likely impact performance. For SLICE registers, for example, use the CE pin to control the loading of data.
Related violations: <none>

PDRC-153#251 Warning
Gated clock check  
Net puf_bd_i/puf_top_0/inst/array/cells[7].cell_inst/g0[4].ro/wop is a gated clock net sourced by a combinational pin puf_bd_i/puf_top_0/inst/array/cells[7].cell_inst/g0[4].ro/wop_inferred_i_1/O, cell puf_bd_i/puf_top_0/inst/array/cells[7].cell_inst/g0[4].ro/wop_inferred_i_1. This is not good design practice and will likely impact performance. For SLICE registers, for example, use the CE pin to control the loading of data.
Related violations: <none>

PDRC-153#252 Warning
Gated clock check  
Net puf_bd_i/puf_top_0/inst/array/cells[7].cell_inst/g0[5].ro/wop is a gated clock net sourced by a combinational pin puf_bd_i/puf_top_0/inst/array/cells[7].cell_inst/g0[5].ro/wop_inferred_i_1/O, cell puf_bd_i/puf_top_0/inst/array/cells[7].cell_inst/g0[5].ro/wop_inferred_i_1. This is not good design practice and will likely impact performance. For SLICE registers, for example, use the CE pin to control the loading of data.
Related violations: <none>

PDRC-153#253 Warning
Gated clock check  
Net puf_bd_i/puf_top_0/inst/array/cells[7].cell_inst/g0[6].ro/wop is a gated clock net sourced by a combinational pin puf_bd_i/puf_top_0/inst/array/cells[7].cell_inst/g0[6].ro/wop_inferred_i_1/O, cell puf_bd_i/puf_top_0/inst/array/cells[7].cell_inst/g0[6].ro/wop_inferred_i_1. This is not good design practice and will likely impact performance. For SLICE registers, for example, use the CE pin to control the loading of data.
Related violations: <none>

PDRC-153#254 Warning
Gated clock check  
Net puf_bd_i/puf_top_0/inst/array/cells[7].cell_inst/g0[7].ro/wop is a gated clock net sourced by a combinational pin puf_bd_i/puf_top_0/inst/array/cells[7].cell_inst/g0[7].ro/wop_inferred_i_1/O, cell puf_bd_i/puf_top_0/inst/array/cells[7].cell_inst/g0[7].ro/wop_inferred_i_1. This is not good design practice and will likely impact performance. For SLICE registers, for example, use the CE pin to control the loading of data.
Related violations: <none>

PDRC-153#255 Warning
Gated clock check  
Net puf_bd_i/puf_top_0/inst/array/cells[7].cell_inst/g0[8].ro/wop is a gated clock net sourced by a combinational pin puf_bd_i/puf_top_0/inst/array/cells[7].cell_inst/g0[8].ro/wop_inferred_i_1/O, cell puf_bd_i/puf_top_0/inst/array/cells[7].cell_inst/g0[8].ro/wop_inferred_i_1. This is not good design practice and will likely impact performance. For SLICE registers, for example, use the CE pin to control the loading of data.
Related violations: <none>

PDRC-153#256 Warning
Gated clock check  
Net puf_bd_i/puf_top_0/inst/array/cells[7].cell_inst/g0[9].ro/wop is a gated clock net sourced by a combinational pin puf_bd_i/puf_top_0/inst/array/cells[7].cell_inst/g0[9].ro/wop_inferred_i_1/O, cell puf_bd_i/puf_top_0/inst/array/cells[7].cell_inst/g0[9].ro/wop_inferred_i_1. This is not good design practice and will likely impact performance. For SLICE registers, for example, use the CE pin to control the loading of data.
Related violations: <none>

PDRC-153#257 Warning
Gated clock check  
Net puf_bd_i/puf_top_0/inst/array/cells[7].cell_inst/g1[0].ro/wop is a gated clock net sourced by a combinational pin puf_bd_i/puf_top_0/inst/array/cells[7].cell_inst/g1[0].ro/wop_inferred_i_1/O, cell puf_bd_i/puf_top_0/inst/array/cells[7].cell_inst/g1[0].ro/wop_inferred_i_1. This is not good design practice and will likely impact performance. For SLICE registers, for example, use the CE pin to control the loading of data.
Related violations: <none>

PDRC-153#258 Warning
Gated clock check  
Net puf_bd_i/puf_top_0/inst/array/cells[7].cell_inst/g1[10].ro/wop is a gated clock net sourced by a combinational pin puf_bd_i/puf_top_0/inst/array/cells[7].cell_inst/g1[10].ro/wop_inferred_i_1/O, cell puf_bd_i/puf_top_0/inst/array/cells[7].cell_inst/g1[10].ro/wop_inferred_i_1. This is not good design practice and will likely impact performance. For SLICE registers, for example, use the CE pin to control the loading of data.
Related violations: <none>

PDRC-153#259 Warning
Gated clock check  
Net puf_bd_i/puf_top_0/inst/array/cells[7].cell_inst/g1[11].ro/wop is a gated clock net sourced by a combinational pin puf_bd_i/puf_top_0/inst/array/cells[7].cell_inst/g1[11].ro/wop_inferred_i_1/O, cell puf_bd_i/puf_top_0/inst/array/cells[7].cell_inst/g1[11].ro/wop_inferred_i_1. This is not good design practice and will likely impact performance. For SLICE registers, for example, use the CE pin to control the loading of data.
Related violations: <none>

PDRC-153#260 Warning
Gated clock check  
Net puf_bd_i/puf_top_0/inst/array/cells[7].cell_inst/g1[12].ro/wop is a gated clock net sourced by a combinational pin puf_bd_i/puf_top_0/inst/array/cells[7].cell_inst/g1[12].ro/wop_inferred_i_1/O, cell puf_bd_i/puf_top_0/inst/array/cells[7].cell_inst/g1[12].ro/wop_inferred_i_1. This is not good design practice and will likely impact performance. For SLICE registers, for example, use the CE pin to control the loading of data.
Related violations: <none>

PDRC-153#261 Warning
Gated clock check  
Net puf_bd_i/puf_top_0/inst/array/cells[7].cell_inst/g1[13].ro/wop is a gated clock net sourced by a combinational pin puf_bd_i/puf_top_0/inst/array/cells[7].cell_inst/g1[13].ro/wop_inferred_i_1/O, cell puf_bd_i/puf_top_0/inst/array/cells[7].cell_inst/g1[13].ro/wop_inferred_i_1. This is not good design practice and will likely impact performance. For SLICE registers, for example, use the CE pin to control the loading of data.
Related violations: <none>

PDRC-153#262 Warning
Gated clock check  
Net puf_bd_i/puf_top_0/inst/array/cells[7].cell_inst/g1[14].ro/wop is a gated clock net sourced by a combinational pin puf_bd_i/puf_top_0/inst/array/cells[7].cell_inst/g1[14].ro/wop_inferred_i_1/O, cell puf_bd_i/puf_top_0/inst/array/cells[7].cell_inst/g1[14].ro/wop_inferred_i_1. This is not good design practice and will likely impact performance. For SLICE registers, for example, use the CE pin to control the loading of data.
Related violations: <none>

PDRC-153#263 Warning
Gated clock check  
Net puf_bd_i/puf_top_0/inst/array/cells[7].cell_inst/g1[15].ro/wop is a gated clock net sourced by a combinational pin puf_bd_i/puf_top_0/inst/array/cells[7].cell_inst/g1[15].ro/wop_inferred_i_1/O, cell puf_bd_i/puf_top_0/inst/array/cells[7].cell_inst/g1[15].ro/wop_inferred_i_1. This is not good design practice and will likely impact performance. For SLICE registers, for example, use the CE pin to control the loading of data.
Related violations: <none>

PDRC-153#264 Warning
Gated clock check  
Net puf_bd_i/puf_top_0/inst/array/cells[7].cell_inst/g1[1].ro/wop is a gated clock net sourced by a combinational pin puf_bd_i/puf_top_0/inst/array/cells[7].cell_inst/g1[1].ro/wop_inferred_i_1/O, cell puf_bd_i/puf_top_0/inst/array/cells[7].cell_inst/g1[1].ro/wop_inferred_i_1. This is not good design practice and will likely impact performance. For SLICE registers, for example, use the CE pin to control the loading of data.
Related violations: <none>

PDRC-153#265 Warning
Gated clock check  
Net puf_bd_i/puf_top_0/inst/array/cells[7].cell_inst/g1[2].ro/wop is a gated clock net sourced by a combinational pin puf_bd_i/puf_top_0/inst/array/cells[7].cell_inst/g1[2].ro/wop_inferred_i_1/O, cell puf_bd_i/puf_top_0/inst/array/cells[7].cell_inst/g1[2].ro/wop_inferred_i_1. This is not good design practice and will likely impact performance. For SLICE registers, for example, use the CE pin to control the loading of data.
Related violations: <none>

PDRC-153#266 Warning
Gated clock check  
Net puf_bd_i/puf_top_0/inst/array/cells[7].cell_inst/g1[3].ro/wop is a gated clock net sourced by a combinational pin puf_bd_i/puf_top_0/inst/array/cells[7].cell_inst/g1[3].ro/wop_inferred_i_1/O, cell puf_bd_i/puf_top_0/inst/array/cells[7].cell_inst/g1[3].ro/wop_inferred_i_1. This is not good design practice and will likely impact performance. For SLICE registers, for example, use the CE pin to control the loading of data.
Related violations: <none>

PDRC-153#267 Warning
Gated clock check  
Net puf_bd_i/puf_top_0/inst/array/cells[7].cell_inst/g1[4].ro/wop is a gated clock net sourced by a combinational pin puf_bd_i/puf_top_0/inst/array/cells[7].cell_inst/g1[4].ro/wop_inferred_i_1/O, cell puf_bd_i/puf_top_0/inst/array/cells[7].cell_inst/g1[4].ro/wop_inferred_i_1. This is not good design practice and will likely impact performance. For SLICE registers, for example, use the CE pin to control the loading of data.
Related violations: <none>

PDRC-153#268 Warning
Gated clock check  
Net puf_bd_i/puf_top_0/inst/array/cells[7].cell_inst/g1[5].ro/wop is a gated clock net sourced by a combinational pin puf_bd_i/puf_top_0/inst/array/cells[7].cell_inst/g1[5].ro/wop_inferred_i_1/O, cell puf_bd_i/puf_top_0/inst/array/cells[7].cell_inst/g1[5].ro/wop_inferred_i_1. This is not good design practice and will likely impact performance. For SLICE registers, for example, use the CE pin to control the loading of data.
Related violations: <none>

PDRC-153#269 Warning
Gated clock check  
Net puf_bd_i/puf_top_0/inst/array/cells[7].cell_inst/g1[6].ro/wop is a gated clock net sourced by a combinational pin puf_bd_i/puf_top_0/inst/array/cells[7].cell_inst/g1[6].ro/wop_inferred_i_1/O, cell puf_bd_i/puf_top_0/inst/array/cells[7].cell_inst/g1[6].ro/wop_inferred_i_1. This is not good design practice and will likely impact performance. For SLICE registers, for example, use the CE pin to control the loading of data.
Related violations: <none>

PDRC-153#270 Warning
Gated clock check  
Net puf_bd_i/puf_top_0/inst/array/cells[7].cell_inst/g1[7].ro/wop is a gated clock net sourced by a combinational pin puf_bd_i/puf_top_0/inst/array/cells[7].cell_inst/g1[7].ro/wop_inferred_i_1/O, cell puf_bd_i/puf_top_0/inst/array/cells[7].cell_inst/g1[7].ro/wop_inferred_i_1. This is not good design practice and will likely impact performance. For SLICE registers, for example, use the CE pin to control the loading of data.
Related violations: <none>

PDRC-153#271 Warning
Gated clock check  
Net puf_bd_i/puf_top_0/inst/array/cells[7].cell_inst/g1[8].ro/wop is a gated clock net sourced by a combinational pin puf_bd_i/puf_top_0/inst/array/cells[7].cell_inst/g1[8].ro/wop_inferred_i_1/O, cell puf_bd_i/puf_top_0/inst/array/cells[7].cell_inst/g1[8].ro/wop_inferred_i_1. This is not good design practice and will likely impact performance. For SLICE registers, for example, use the CE pin to control the loading of data.
Related violations: <none>

PDRC-153#272 Warning
Gated clock check  
Net puf_bd_i/puf_top_0/inst/array/cells[7].cell_inst/g1[9].ro/wop is a gated clock net sourced by a combinational pin puf_bd_i/puf_top_0/inst/array/cells[7].cell_inst/g1[9].ro/wop_inferred_i_1/O, cell puf_bd_i/puf_top_0/inst/array/cells[7].cell_inst/g1[9].ro/wop_inferred_i_1. This is not good design practice and will likely impact performance. For SLICE registers, for example, use the CE pin to control the loading of data.
Related violations: <none>

PLHOLDVIO-2#1 Warning
Non-Optimal connections which could lead to hold violations  
A LUT puf_bd_i/puf_top_0/inst/array/cells[0].cell_inst/g0[0].ro/wop_inferred_i_1 is driving clock pin of 1 cells. This could lead to large hold time violations. Involved cells are:
puf_bd_i/puf_top_0/inst/array/cells[0].cell_inst/g0[0].ro/div/q_reg
Related violations: <none>

PLHOLDVIO-2#2 Warning
Non-Optimal connections which could lead to hold violations  
A LUT puf_bd_i/puf_top_0/inst/array/cells[0].cell_inst/g0[10].ro/wop_inferred_i_1 is driving clock pin of 1 cells. This could lead to large hold time violations. Involved cells are:
puf_bd_i/puf_top_0/inst/array/cells[0].cell_inst/g0[10].ro/div/q_reg
Related violations: <none>

PLHOLDVIO-2#3 Warning
Non-Optimal connections which could lead to hold violations  
A LUT puf_bd_i/puf_top_0/inst/array/cells[0].cell_inst/g0[11].ro/wop_inferred_i_1 is driving clock pin of 1 cells. This could lead to large hold time violations. Involved cells are:
puf_bd_i/puf_top_0/inst/array/cells[0].cell_inst/g0[11].ro/div/q_reg
Related violations: <none>

PLHOLDVIO-2#4 Warning
Non-Optimal connections which could lead to hold violations  
A LUT puf_bd_i/puf_top_0/inst/array/cells[0].cell_inst/g0[12].ro/wop_inferred_i_1 is driving clock pin of 1 cells. This could lead to large hold time violations. Involved cells are:
puf_bd_i/puf_top_0/inst/array/cells[0].cell_inst/g0[12].ro/div/q_reg
Related violations: <none>

PLHOLDVIO-2#5 Warning
Non-Optimal connections which could lead to hold violations  
A LUT puf_bd_i/puf_top_0/inst/array/cells[0].cell_inst/g0[13].ro/wop_inferred_i_1 is driving clock pin of 1 cells. This could lead to large hold time violations. Involved cells are:
puf_bd_i/puf_top_0/inst/array/cells[0].cell_inst/g0[13].ro/div/q_reg
Related violations: <none>

PLHOLDVIO-2#6 Warning
Non-Optimal connections which could lead to hold violations  
A LUT puf_bd_i/puf_top_0/inst/array/cells[0].cell_inst/g0[14].ro/wop_inferred_i_1 is driving clock pin of 1 cells. This could lead to large hold time violations. Involved cells are:
puf_bd_i/puf_top_0/inst/array/cells[0].cell_inst/g0[14].ro/div/q_reg
Related violations: <none>

PLHOLDVIO-2#7 Warning
Non-Optimal connections which could lead to hold violations  
A LUT puf_bd_i/puf_top_0/inst/array/cells[0].cell_inst/g0[15].ro/wop_inferred_i_1 is driving clock pin of 1 cells. This could lead to large hold time violations. Involved cells are:
puf_bd_i/puf_top_0/inst/array/cells[0].cell_inst/g0[15].ro/div/q_reg
Related violations: <none>

PLHOLDVIO-2#8 Warning
Non-Optimal connections which could lead to hold violations  
A LUT puf_bd_i/puf_top_0/inst/array/cells[0].cell_inst/g0[1].ro/wop_inferred_i_1 is driving clock pin of 1 cells. This could lead to large hold time violations. Involved cells are:
puf_bd_i/puf_top_0/inst/array/cells[0].cell_inst/g0[1].ro/div/q_reg
Related violations: <none>

PLHOLDVIO-2#9 Warning
Non-Optimal connections which could lead to hold violations  
A LUT puf_bd_i/puf_top_0/inst/array/cells[0].cell_inst/g0[2].ro/wop_inferred_i_1 is driving clock pin of 1 cells. This could lead to large hold time violations. Involved cells are:
puf_bd_i/puf_top_0/inst/array/cells[0].cell_inst/g0[2].ro/div/q_reg
Related violations: <none>

PLHOLDVIO-2#10 Warning
Non-Optimal connections which could lead to hold violations  
A LUT puf_bd_i/puf_top_0/inst/array/cells[0].cell_inst/g0[3].ro/wop_inferred_i_1 is driving clock pin of 1 cells. This could lead to large hold time violations. Involved cells are:
puf_bd_i/puf_top_0/inst/array/cells[0].cell_inst/g0[3].ro/div/q_reg
Related violations: <none>

PLHOLDVIO-2#11 Warning
Non-Optimal connections which could lead to hold violations  
A LUT puf_bd_i/puf_top_0/inst/array/cells[0].cell_inst/g0[4].ro/wop_inferred_i_1 is driving clock pin of 1 cells. This could lead to large hold time violations. Involved cells are:
puf_bd_i/puf_top_0/inst/array/cells[0].cell_inst/g0[4].ro/div/q_reg
Related violations: <none>

PLHOLDVIO-2#12 Warning
Non-Optimal connections which could lead to hold violations  
A LUT puf_bd_i/puf_top_0/inst/array/cells[0].cell_inst/g0[5].ro/wop_inferred_i_1 is driving clock pin of 1 cells. This could lead to large hold time violations. Involved cells are:
puf_bd_i/puf_top_0/inst/array/cells[0].cell_inst/g0[5].ro/div/q_reg
Related violations: <none>

PLHOLDVIO-2#13 Warning
Non-Optimal connections which could lead to hold violations  
A LUT puf_bd_i/puf_top_0/inst/array/cells[0].cell_inst/g0[6].ro/wop_inferred_i_1 is driving clock pin of 1 cells. This could lead to large hold time violations. Involved cells are:
puf_bd_i/puf_top_0/inst/array/cells[0].cell_inst/g0[6].ro/div/q_reg
Related violations: <none>

PLHOLDVIO-2#14 Warning
Non-Optimal connections which could lead to hold violations  
A LUT puf_bd_i/puf_top_0/inst/array/cells[0].cell_inst/g0[7].ro/wop_inferred_i_1 is driving clock pin of 1 cells. This could lead to large hold time violations. Involved cells are:
puf_bd_i/puf_top_0/inst/array/cells[0].cell_inst/g0[7].ro/div/q_reg
Related violations: <none>

PLHOLDVIO-2#15 Warning
Non-Optimal connections which could lead to hold violations  
A LUT puf_bd_i/puf_top_0/inst/array/cells[0].cell_inst/g0[8].ro/wop_inferred_i_1 is driving clock pin of 1 cells. This could lead to large hold time violations. Involved cells are:
puf_bd_i/puf_top_0/inst/array/cells[0].cell_inst/g0[8].ro/div/q_reg
Related violations: <none>

PLHOLDVIO-2#16 Warning
Non-Optimal connections which could lead to hold violations  
A LUT puf_bd_i/puf_top_0/inst/array/cells[0].cell_inst/g0[9].ro/wop_inferred_i_1 is driving clock pin of 1 cells. This could lead to large hold time violations. Involved cells are:
puf_bd_i/puf_top_0/inst/array/cells[0].cell_inst/g0[9].ro/div/q_reg
Related violations: <none>

PLHOLDVIO-2#17 Warning
Non-Optimal connections which could lead to hold violations  
A LUT puf_bd_i/puf_top_0/inst/array/cells[0].cell_inst/g1[0].ro/wop_inferred_i_1 is driving clock pin of 1 cells. This could lead to large hold time violations. Involved cells are:
puf_bd_i/puf_top_0/inst/array/cells[0].cell_inst/g1[0].ro/div/q_reg
Related violations: <none>

PLHOLDVIO-2#18 Warning
Non-Optimal connections which could lead to hold violations  
A LUT puf_bd_i/puf_top_0/inst/array/cells[0].cell_inst/g1[10].ro/wop_inferred_i_1 is driving clock pin of 1 cells. This could lead to large hold time violations. Involved cells are:
puf_bd_i/puf_top_0/inst/array/cells[0].cell_inst/g1[10].ro/div/q_reg
Related violations: <none>

PLHOLDVIO-2#19 Warning
Non-Optimal connections which could lead to hold violations  
A LUT puf_bd_i/puf_top_0/inst/array/cells[0].cell_inst/g1[11].ro/wop_inferred_i_1 is driving clock pin of 1 cells. This could lead to large hold time violations. Involved cells are:
puf_bd_i/puf_top_0/inst/array/cells[0].cell_inst/g1[11].ro/div/q_reg
Related violations: <none>

PLHOLDVIO-2#20 Warning
Non-Optimal connections which could lead to hold violations  
A LUT puf_bd_i/puf_top_0/inst/array/cells[0].cell_inst/g1[12].ro/wop_inferred_i_1 is driving clock pin of 1 cells. This could lead to large hold time violations. Involved cells are:
puf_bd_i/puf_top_0/inst/array/cells[0].cell_inst/g1[12].ro/div/q_reg
Related violations: <none>

PLHOLDVIO-2#21 Warning
Non-Optimal connections which could lead to hold violations  
A LUT puf_bd_i/puf_top_0/inst/array/cells[0].cell_inst/g1[13].ro/wop_inferred_i_1 is driving clock pin of 1 cells. This could lead to large hold time violations. Involved cells are:
puf_bd_i/puf_top_0/inst/array/cells[0].cell_inst/g1[13].ro/div/q_reg
Related violations: <none>

PLHOLDVIO-2#22 Warning
Non-Optimal connections which could lead to hold violations  
A LUT puf_bd_i/puf_top_0/inst/array/cells[0].cell_inst/g1[14].ro/wop_inferred_i_1 is driving clock pin of 1 cells. This could lead to large hold time violations. Involved cells are:
puf_bd_i/puf_top_0/inst/array/cells[0].cell_inst/g1[14].ro/div/q_reg
Related violations: <none>

PLHOLDVIO-2#23 Warning
Non-Optimal connections which could lead to hold violations  
A LUT puf_bd_i/puf_top_0/inst/array/cells[0].cell_inst/g1[15].ro/wop_inferred_i_1 is driving clock pin of 1 cells. This could lead to large hold time violations. Involved cells are:
puf_bd_i/puf_top_0/inst/array/cells[0].cell_inst/g1[15].ro/div/q_reg
Related violations: <none>

PLHOLDVIO-2#24 Warning
Non-Optimal connections which could lead to hold violations  
A LUT puf_bd_i/puf_top_0/inst/array/cells[0].cell_inst/g1[1].ro/wop_inferred_i_1 is driving clock pin of 1 cells. This could lead to large hold time violations. Involved cells are:
puf_bd_i/puf_top_0/inst/array/cells[0].cell_inst/g1[1].ro/div/q_reg
Related violations: <none>

PLHOLDVIO-2#25 Warning
Non-Optimal connections which could lead to hold violations  
A LUT puf_bd_i/puf_top_0/inst/array/cells[0].cell_inst/g1[2].ro/wop_inferred_i_1 is driving clock pin of 1 cells. This could lead to large hold time violations. Involved cells are:
puf_bd_i/puf_top_0/inst/array/cells[0].cell_inst/g1[2].ro/div/q_reg
Related violations: <none>

PLHOLDVIO-2#26 Warning
Non-Optimal connections which could lead to hold violations  
A LUT puf_bd_i/puf_top_0/inst/array/cells[0].cell_inst/g1[3].ro/wop_inferred_i_1 is driving clock pin of 1 cells. This could lead to large hold time violations. Involved cells are:
puf_bd_i/puf_top_0/inst/array/cells[0].cell_inst/g1[3].ro/div/q_reg
Related violations: <none>

PLHOLDVIO-2#27 Warning
Non-Optimal connections which could lead to hold violations  
A LUT puf_bd_i/puf_top_0/inst/array/cells[0].cell_inst/g1[4].ro/wop_inferred_i_1 is driving clock pin of 1 cells. This could lead to large hold time violations. Involved cells are:
puf_bd_i/puf_top_0/inst/array/cells[0].cell_inst/g1[4].ro/div/q_reg
Related violations: <none>

PLHOLDVIO-2#28 Warning
Non-Optimal connections which could lead to hold violations  
A LUT puf_bd_i/puf_top_0/inst/array/cells[0].cell_inst/g1[5].ro/wop_inferred_i_1 is driving clock pin of 1 cells. This could lead to large hold time violations. Involved cells are:
puf_bd_i/puf_top_0/inst/array/cells[0].cell_inst/g1[5].ro/div/q_reg
Related violations: <none>

PLHOLDVIO-2#29 Warning
Non-Optimal connections which could lead to hold violations  
A LUT puf_bd_i/puf_top_0/inst/array/cells[0].cell_inst/g1[6].ro/wop_inferred_i_1 is driving clock pin of 1 cells. This could lead to large hold time violations. Involved cells are:
puf_bd_i/puf_top_0/inst/array/cells[0].cell_inst/g1[6].ro/div/q_reg
Related violations: <none>

PLHOLDVIO-2#30 Warning
Non-Optimal connections which could lead to hold violations  
A LUT puf_bd_i/puf_top_0/inst/array/cells[0].cell_inst/g1[7].ro/wop_inferred_i_1 is driving clock pin of 1 cells. This could lead to large hold time violations. Involved cells are:
puf_bd_i/puf_top_0/inst/array/cells[0].cell_inst/g1[7].ro/div/q_reg
Related violations: <none>

PLHOLDVIO-2#31 Warning
Non-Optimal connections which could lead to hold violations  
A LUT puf_bd_i/puf_top_0/inst/array/cells[0].cell_inst/g1[8].ro/wop_inferred_i_1 is driving clock pin of 1 cells. This could lead to large hold time violations. Involved cells are:
puf_bd_i/puf_top_0/inst/array/cells[0].cell_inst/g1[8].ro/div/q_reg
Related violations: <none>

PLHOLDVIO-2#32 Warning
Non-Optimal connections which could lead to hold violations  
A LUT puf_bd_i/puf_top_0/inst/array/cells[0].cell_inst/g1[9].ro/wop_inferred_i_1 is driving clock pin of 1 cells. This could lead to large hold time violations. Involved cells are:
puf_bd_i/puf_top_0/inst/array/cells[0].cell_inst/g1[9].ro/div/q_reg
Related violations: <none>

PLHOLDVIO-2#33 Warning
Non-Optimal connections which could lead to hold violations  
A LUT puf_bd_i/puf_top_0/inst/array/cells[1].cell_inst/g0[0].ro/wop_inferred_i_1 is driving clock pin of 1 cells. This could lead to large hold time violations. Involved cells are:
puf_bd_i/puf_top_0/inst/array/cells[1].cell_inst/g0[0].ro/div/q_reg
Related violations: <none>

PLHOLDVIO-2#34 Warning
Non-Optimal connections which could lead to hold violations  
A LUT puf_bd_i/puf_top_0/inst/array/cells[1].cell_inst/g0[10].ro/wop_inferred_i_1 is driving clock pin of 1 cells. This could lead to large hold time violations. Involved cells are:
puf_bd_i/puf_top_0/inst/array/cells[1].cell_inst/g0[10].ro/div/q_reg
Related violations: <none>

PLHOLDVIO-2#35 Warning
Non-Optimal connections which could lead to hold violations  
A LUT puf_bd_i/puf_top_0/inst/array/cells[1].cell_inst/g0[11].ro/wop_inferred_i_1 is driving clock pin of 1 cells. This could lead to large hold time violations. Involved cells are:
puf_bd_i/puf_top_0/inst/array/cells[1].cell_inst/g0[11].ro/div/q_reg
Related violations: <none>

PLHOLDVIO-2#36 Warning
Non-Optimal connections which could lead to hold violations  
A LUT puf_bd_i/puf_top_0/inst/array/cells[1].cell_inst/g0[12].ro/wop_inferred_i_1 is driving clock pin of 1 cells. This could lead to large hold time violations. Involved cells are:
puf_bd_i/puf_top_0/inst/array/cells[1].cell_inst/g0[12].ro/div/q_reg
Related violations: <none>

PLHOLDVIO-2#37 Warning
Non-Optimal connections which could lead to hold violations  
A LUT puf_bd_i/puf_top_0/inst/array/cells[1].cell_inst/g0[13].ro/wop_inferred_i_1 is driving clock pin of 1 cells. This could lead to large hold time violations. Involved cells are:
puf_bd_i/puf_top_0/inst/array/cells[1].cell_inst/g0[13].ro/div/q_reg
Related violations: <none>

PLHOLDVIO-2#38 Warning
Non-Optimal connections which could lead to hold violations  
A LUT puf_bd_i/puf_top_0/inst/array/cells[1].cell_inst/g0[14].ro/wop_inferred_i_1 is driving clock pin of 1 cells. This could lead to large hold time violations. Involved cells are:
puf_bd_i/puf_top_0/inst/array/cells[1].cell_inst/g0[14].ro/div/q_reg
Related violations: <none>

PLHOLDVIO-2#39 Warning
Non-Optimal connections which could lead to hold violations  
A LUT puf_bd_i/puf_top_0/inst/array/cells[1].cell_inst/g0[15].ro/wop_inferred_i_1 is driving clock pin of 1 cells. This could lead to large hold time violations. Involved cells are:
puf_bd_i/puf_top_0/inst/array/cells[1].cell_inst/g0[15].ro/div/q_reg
Related violations: <none>

PLHOLDVIO-2#40 Warning
Non-Optimal connections which could lead to hold violations  
A LUT puf_bd_i/puf_top_0/inst/array/cells[1].cell_inst/g0[1].ro/wop_inferred_i_1 is driving clock pin of 1 cells. This could lead to large hold time violations. Involved cells are:
puf_bd_i/puf_top_0/inst/array/cells[1].cell_inst/g0[1].ro/div/q_reg
Related violations: <none>

PLHOLDVIO-2#41 Warning
Non-Optimal connections which could lead to hold violations  
A LUT puf_bd_i/puf_top_0/inst/array/cells[1].cell_inst/g0[2].ro/wop_inferred_i_1 is driving clock pin of 1 cells. This could lead to large hold time violations. Involved cells are:
puf_bd_i/puf_top_0/inst/array/cells[1].cell_inst/g0[2].ro/div/q_reg
Related violations: <none>

PLHOLDVIO-2#42 Warning
Non-Optimal connections which could lead to hold violations  
A LUT puf_bd_i/puf_top_0/inst/array/cells[1].cell_inst/g0[3].ro/wop_inferred_i_1 is driving clock pin of 1 cells. This could lead to large hold time violations. Involved cells are:
puf_bd_i/puf_top_0/inst/array/cells[1].cell_inst/g0[3].ro/div/q_reg
Related violations: <none>

PLHOLDVIO-2#43 Warning
Non-Optimal connections which could lead to hold violations  
A LUT puf_bd_i/puf_top_0/inst/array/cells[1].cell_inst/g0[4].ro/wop_inferred_i_1 is driving clock pin of 1 cells. This could lead to large hold time violations. Involved cells are:
puf_bd_i/puf_top_0/inst/array/cells[1].cell_inst/g0[4].ro/div/q_reg
Related violations: <none>

PLHOLDVIO-2#44 Warning
Non-Optimal connections which could lead to hold violations  
A LUT puf_bd_i/puf_top_0/inst/array/cells[1].cell_inst/g0[5].ro/wop_inferred_i_1 is driving clock pin of 1 cells. This could lead to large hold time violations. Involved cells are:
puf_bd_i/puf_top_0/inst/array/cells[1].cell_inst/g0[5].ro/div/q_reg
Related violations: <none>

PLHOLDVIO-2#45 Warning
Non-Optimal connections which could lead to hold violations  
A LUT puf_bd_i/puf_top_0/inst/array/cells[1].cell_inst/g0[6].ro/wop_inferred_i_1 is driving clock pin of 1 cells. This could lead to large hold time violations. Involved cells are:
puf_bd_i/puf_top_0/inst/array/cells[1].cell_inst/g0[6].ro/div/q_reg
Related violations: <none>

PLHOLDVIO-2#46 Warning
Non-Optimal connections which could lead to hold violations  
A LUT puf_bd_i/puf_top_0/inst/array/cells[1].cell_inst/g0[7].ro/wop_inferred_i_1 is driving clock pin of 1 cells. This could lead to large hold time violations. Involved cells are:
puf_bd_i/puf_top_0/inst/array/cells[1].cell_inst/g0[7].ro/div/q_reg
Related violations: <none>

PLHOLDVIO-2#47 Warning
Non-Optimal connections which could lead to hold violations  
A LUT puf_bd_i/puf_top_0/inst/array/cells[1].cell_inst/g0[8].ro/wop_inferred_i_1 is driving clock pin of 1 cells. This could lead to large hold time violations. Involved cells are:
puf_bd_i/puf_top_0/inst/array/cells[1].cell_inst/g0[8].ro/div/q_reg
Related violations: <none>

PLHOLDVIO-2#48 Warning
Non-Optimal connections which could lead to hold violations  
A LUT puf_bd_i/puf_top_0/inst/array/cells[1].cell_inst/g0[9].ro/wop_inferred_i_1 is driving clock pin of 1 cells. This could lead to large hold time violations. Involved cells are:
puf_bd_i/puf_top_0/inst/array/cells[1].cell_inst/g0[9].ro/div/q_reg
Related violations: <none>

PLHOLDVIO-2#49 Warning
Non-Optimal connections which could lead to hold violations  
A LUT puf_bd_i/puf_top_0/inst/array/cells[1].cell_inst/g1[0].ro/wop_inferred_i_1 is driving clock pin of 1 cells. This could lead to large hold time violations. Involved cells are:
puf_bd_i/puf_top_0/inst/array/cells[1].cell_inst/g1[0].ro/div/q_reg
Related violations: <none>

PLHOLDVIO-2#50 Warning
Non-Optimal connections which could lead to hold violations  
A LUT puf_bd_i/puf_top_0/inst/array/cells[1].cell_inst/g1[10].ro/wop_inferred_i_1 is driving clock pin of 1 cells. This could lead to large hold time violations. Involved cells are:
puf_bd_i/puf_top_0/inst/array/cells[1].cell_inst/g1[10].ro/div/q_reg
Related violations: <none>

PLHOLDVIO-2#51 Warning
Non-Optimal connections which could lead to hold violations  
A LUT puf_bd_i/puf_top_0/inst/array/cells[1].cell_inst/g1[11].ro/wop_inferred_i_1 is driving clock pin of 1 cells. This could lead to large hold time violations. Involved cells are:
puf_bd_i/puf_top_0/inst/array/cells[1].cell_inst/g1[11].ro/div/q_reg
Related violations: <none>

PLHOLDVIO-2#52 Warning
Non-Optimal connections which could lead to hold violations  
A LUT puf_bd_i/puf_top_0/inst/array/cells[1].cell_inst/g1[12].ro/wop_inferred_i_1 is driving clock pin of 1 cells. This could lead to large hold time violations. Involved cells are:
puf_bd_i/puf_top_0/inst/array/cells[1].cell_inst/g1[12].ro/div/q_reg
Related violations: <none>

PLHOLDVIO-2#53 Warning
Non-Optimal connections which could lead to hold violations  
A LUT puf_bd_i/puf_top_0/inst/array/cells[1].cell_inst/g1[13].ro/wop_inferred_i_1 is driving clock pin of 1 cells. This could lead to large hold time violations. Involved cells are:
puf_bd_i/puf_top_0/inst/array/cells[1].cell_inst/g1[13].ro/div/q_reg
Related violations: <none>

PLHOLDVIO-2#54 Warning
Non-Optimal connections which could lead to hold violations  
A LUT puf_bd_i/puf_top_0/inst/array/cells[1].cell_inst/g1[14].ro/wop_inferred_i_1 is driving clock pin of 1 cells. This could lead to large hold time violations. Involved cells are:
puf_bd_i/puf_top_0/inst/array/cells[1].cell_inst/g1[14].ro/div/q_reg
Related violations: <none>

PLHOLDVIO-2#55 Warning
Non-Optimal connections which could lead to hold violations  
A LUT puf_bd_i/puf_top_0/inst/array/cells[1].cell_inst/g1[15].ro/wop_inferred_i_1 is driving clock pin of 1 cells. This could lead to large hold time violations. Involved cells are:
puf_bd_i/puf_top_0/inst/array/cells[1].cell_inst/g1[15].ro/div/q_reg
Related violations: <none>

PLHOLDVIO-2#56 Warning
Non-Optimal connections which could lead to hold violations  
A LUT puf_bd_i/puf_top_0/inst/array/cells[1].cell_inst/g1[1].ro/wop_inferred_i_1 is driving clock pin of 1 cells. This could lead to large hold time violations. Involved cells are:
puf_bd_i/puf_top_0/inst/array/cells[1].cell_inst/g1[1].ro/div/q_reg
Related violations: <none>

PLHOLDVIO-2#57 Warning
Non-Optimal connections which could lead to hold violations  
A LUT puf_bd_i/puf_top_0/inst/array/cells[1].cell_inst/g1[2].ro/wop_inferred_i_1 is driving clock pin of 1 cells. This could lead to large hold time violations. Involved cells are:
puf_bd_i/puf_top_0/inst/array/cells[1].cell_inst/g1[2].ro/div/q_reg
Related violations: <none>

PLHOLDVIO-2#58 Warning
Non-Optimal connections which could lead to hold violations  
A LUT puf_bd_i/puf_top_0/inst/array/cells[1].cell_inst/g1[3].ro/wop_inferred_i_1 is driving clock pin of 1 cells. This could lead to large hold time violations. Involved cells are:
puf_bd_i/puf_top_0/inst/array/cells[1].cell_inst/g1[3].ro/div/q_reg
Related violations: <none>

PLHOLDVIO-2#59 Warning
Non-Optimal connections which could lead to hold violations  
A LUT puf_bd_i/puf_top_0/inst/array/cells[1].cell_inst/g1[4].ro/wop_inferred_i_1 is driving clock pin of 1 cells. This could lead to large hold time violations. Involved cells are:
puf_bd_i/puf_top_0/inst/array/cells[1].cell_inst/g1[4].ro/div/q_reg
Related violations: <none>

PLHOLDVIO-2#60 Warning
Non-Optimal connections which could lead to hold violations  
A LUT puf_bd_i/puf_top_0/inst/array/cells[1].cell_inst/g1[5].ro/wop_inferred_i_1 is driving clock pin of 1 cells. This could lead to large hold time violations. Involved cells are:
puf_bd_i/puf_top_0/inst/array/cells[1].cell_inst/g1[5].ro/div/q_reg
Related violations: <none>

PLHOLDVIO-2#61 Warning
Non-Optimal connections which could lead to hold violations  
A LUT puf_bd_i/puf_top_0/inst/array/cells[1].cell_inst/g1[6].ro/wop_inferred_i_1 is driving clock pin of 1 cells. This could lead to large hold time violations. Involved cells are:
puf_bd_i/puf_top_0/inst/array/cells[1].cell_inst/g1[6].ro/div/q_reg
Related violations: <none>

PLHOLDVIO-2#62 Warning
Non-Optimal connections which could lead to hold violations  
A LUT puf_bd_i/puf_top_0/inst/array/cells[1].cell_inst/g1[7].ro/wop_inferred_i_1 is driving clock pin of 1 cells. This could lead to large hold time violations. Involved cells are:
puf_bd_i/puf_top_0/inst/array/cells[1].cell_inst/g1[7].ro/div/q_reg
Related violations: <none>

PLHOLDVIO-2#63 Warning
Non-Optimal connections which could lead to hold violations  
A LUT puf_bd_i/puf_top_0/inst/array/cells[1].cell_inst/g1[8].ro/wop_inferred_i_1 is driving clock pin of 1 cells. This could lead to large hold time violations. Involved cells are:
puf_bd_i/puf_top_0/inst/array/cells[1].cell_inst/g1[8].ro/div/q_reg
Related violations: <none>

PLHOLDVIO-2#64 Warning
Non-Optimal connections which could lead to hold violations  
A LUT puf_bd_i/puf_top_0/inst/array/cells[1].cell_inst/g1[9].ro/wop_inferred_i_1 is driving clock pin of 1 cells. This could lead to large hold time violations. Involved cells are:
puf_bd_i/puf_top_0/inst/array/cells[1].cell_inst/g1[9].ro/div/q_reg
Related violations: <none>

PLHOLDVIO-2#65 Warning
Non-Optimal connections which could lead to hold violations  
A LUT puf_bd_i/puf_top_0/inst/array/cells[2].cell_inst/g0[0].ro/wop_inferred_i_1 is driving clock pin of 1 cells. This could lead to large hold time violations. Involved cells are:
puf_bd_i/puf_top_0/inst/array/cells[2].cell_inst/g0[0].ro/div/q_reg
Related violations: <none>

PLHOLDVIO-2#66 Warning
Non-Optimal connections which could lead to hold violations  
A LUT puf_bd_i/puf_top_0/inst/array/cells[2].cell_inst/g0[10].ro/wop_inferred_i_1 is driving clock pin of 1 cells. This could lead to large hold time violations. Involved cells are:
puf_bd_i/puf_top_0/inst/array/cells[2].cell_inst/g0[10].ro/div/q_reg
Related violations: <none>

PLHOLDVIO-2#67 Warning
Non-Optimal connections which could lead to hold violations  
A LUT puf_bd_i/puf_top_0/inst/array/cells[2].cell_inst/g0[11].ro/wop_inferred_i_1 is driving clock pin of 1 cells. This could lead to large hold time violations. Involved cells are:
puf_bd_i/puf_top_0/inst/array/cells[2].cell_inst/g0[11].ro/div/q_reg
Related violations: <none>

PLHOLDVIO-2#68 Warning
Non-Optimal connections which could lead to hold violations  
A LUT puf_bd_i/puf_top_0/inst/array/cells[2].cell_inst/g0[12].ro/wop_inferred_i_1 is driving clock pin of 1 cells. This could lead to large hold time violations. Involved cells are:
puf_bd_i/puf_top_0/inst/array/cells[2].cell_inst/g0[12].ro/div/q_reg
Related violations: <none>

PLHOLDVIO-2#69 Warning
Non-Optimal connections which could lead to hold violations  
A LUT puf_bd_i/puf_top_0/inst/array/cells[2].cell_inst/g0[13].ro/wop_inferred_i_1 is driving clock pin of 1 cells. This could lead to large hold time violations. Involved cells are:
puf_bd_i/puf_top_0/inst/array/cells[2].cell_inst/g0[13].ro/div/q_reg
Related violations: <none>

PLHOLDVIO-2#70 Warning
Non-Optimal connections which could lead to hold violations  
A LUT puf_bd_i/puf_top_0/inst/array/cells[2].cell_inst/g0[14].ro/wop_inferred_i_1 is driving clock pin of 1 cells. This could lead to large hold time violations. Involved cells are:
puf_bd_i/puf_top_0/inst/array/cells[2].cell_inst/g0[14].ro/div/q_reg
Related violations: <none>

PLHOLDVIO-2#71 Warning
Non-Optimal connections which could lead to hold violations  
A LUT puf_bd_i/puf_top_0/inst/array/cells[2].cell_inst/g0[15].ro/wop_inferred_i_1 is driving clock pin of 1 cells. This could lead to large hold time violations. Involved cells are:
puf_bd_i/puf_top_0/inst/array/cells[2].cell_inst/g0[15].ro/div/q_reg
Related violations: <none>

PLHOLDVIO-2#72 Warning
Non-Optimal connections which could lead to hold violations  
A LUT puf_bd_i/puf_top_0/inst/array/cells[2].cell_inst/g0[1].ro/wop_inferred_i_1 is driving clock pin of 1 cells. This could lead to large hold time violations. Involved cells are:
puf_bd_i/puf_top_0/inst/array/cells[2].cell_inst/g0[1].ro/div/q_reg
Related violations: <none>

PLHOLDVIO-2#73 Warning
Non-Optimal connections which could lead to hold violations  
A LUT puf_bd_i/puf_top_0/inst/array/cells[2].cell_inst/g0[2].ro/wop_inferred_i_1 is driving clock pin of 1 cells. This could lead to large hold time violations. Involved cells are:
puf_bd_i/puf_top_0/inst/array/cells[2].cell_inst/g0[2].ro/div/q_reg
Related violations: <none>

PLHOLDVIO-2#74 Warning
Non-Optimal connections which could lead to hold violations  
A LUT puf_bd_i/puf_top_0/inst/array/cells[2].cell_inst/g0[3].ro/wop_inferred_i_1 is driving clock pin of 1 cells. This could lead to large hold time violations. Involved cells are:
puf_bd_i/puf_top_0/inst/array/cells[2].cell_inst/g0[3].ro/div/q_reg
Related violations: <none>

PLHOLDVIO-2#75 Warning
Non-Optimal connections which could lead to hold violations  
A LUT puf_bd_i/puf_top_0/inst/array/cells[2].cell_inst/g0[4].ro/wop_inferred_i_1 is driving clock pin of 1 cells. This could lead to large hold time violations. Involved cells are:
puf_bd_i/puf_top_0/inst/array/cells[2].cell_inst/g0[4].ro/div/q_reg
Related violations: <none>

PLHOLDVIO-2#76 Warning
Non-Optimal connections which could lead to hold violations  
A LUT puf_bd_i/puf_top_0/inst/array/cells[2].cell_inst/g0[5].ro/wop_inferred_i_1 is driving clock pin of 1 cells. This could lead to large hold time violations. Involved cells are:
puf_bd_i/puf_top_0/inst/array/cells[2].cell_inst/g0[5].ro/div/q_reg
Related violations: <none>

PLHOLDVIO-2#77 Warning
Non-Optimal connections which could lead to hold violations  
A LUT puf_bd_i/puf_top_0/inst/array/cells[2].cell_inst/g0[6].ro/wop_inferred_i_1 is driving clock pin of 1 cells. This could lead to large hold time violations. Involved cells are:
puf_bd_i/puf_top_0/inst/array/cells[2].cell_inst/g0[6].ro/div/q_reg
Related violations: <none>

PLHOLDVIO-2#78 Warning
Non-Optimal connections which could lead to hold violations  
A LUT puf_bd_i/puf_top_0/inst/array/cells[2].cell_inst/g0[7].ro/wop_inferred_i_1 is driving clock pin of 1 cells. This could lead to large hold time violations. Involved cells are:
puf_bd_i/puf_top_0/inst/array/cells[2].cell_inst/g0[7].ro/div/q_reg
Related violations: <none>

PLHOLDVIO-2#79 Warning
Non-Optimal connections which could lead to hold violations  
A LUT puf_bd_i/puf_top_0/inst/array/cells[2].cell_inst/g0[8].ro/wop_inferred_i_1 is driving clock pin of 1 cells. This could lead to large hold time violations. Involved cells are:
puf_bd_i/puf_top_0/inst/array/cells[2].cell_inst/g0[8].ro/div/q_reg
Related violations: <none>

PLHOLDVIO-2#80 Warning
Non-Optimal connections which could lead to hold violations  
A LUT puf_bd_i/puf_top_0/inst/array/cells[2].cell_inst/g0[9].ro/wop_inferred_i_1 is driving clock pin of 1 cells. This could lead to large hold time violations. Involved cells are:
puf_bd_i/puf_top_0/inst/array/cells[2].cell_inst/g0[9].ro/div/q_reg
Related violations: <none>

PLHOLDVIO-2#81 Warning
Non-Optimal connections which could lead to hold violations  
A LUT puf_bd_i/puf_top_0/inst/array/cells[2].cell_inst/g1[0].ro/wop_inferred_i_1 is driving clock pin of 1 cells. This could lead to large hold time violations. Involved cells are:
puf_bd_i/puf_top_0/inst/array/cells[2].cell_inst/g1[0].ro/div/q_reg
Related violations: <none>

PLHOLDVIO-2#82 Warning
Non-Optimal connections which could lead to hold violations  
A LUT puf_bd_i/puf_top_0/inst/array/cells[2].cell_inst/g1[10].ro/wop_inferred_i_1 is driving clock pin of 1 cells. This could lead to large hold time violations. Involved cells are:
puf_bd_i/puf_top_0/inst/array/cells[2].cell_inst/g1[10].ro/div/q_reg
Related violations: <none>

PLHOLDVIO-2#83 Warning
Non-Optimal connections which could lead to hold violations  
A LUT puf_bd_i/puf_top_0/inst/array/cells[2].cell_inst/g1[11].ro/wop_inferred_i_1 is driving clock pin of 1 cells. This could lead to large hold time violations. Involved cells are:
puf_bd_i/puf_top_0/inst/array/cells[2].cell_inst/g1[11].ro/div/q_reg
Related violations: <none>

PLHOLDVIO-2#84 Warning
Non-Optimal connections which could lead to hold violations  
A LUT puf_bd_i/puf_top_0/inst/array/cells[2].cell_inst/g1[12].ro/wop_inferred_i_1 is driving clock pin of 1 cells. This could lead to large hold time violations. Involved cells are:
puf_bd_i/puf_top_0/inst/array/cells[2].cell_inst/g1[12].ro/div/q_reg
Related violations: <none>

PLHOLDVIO-2#85 Warning
Non-Optimal connections which could lead to hold violations  
A LUT puf_bd_i/puf_top_0/inst/array/cells[2].cell_inst/g1[13].ro/wop_inferred_i_1 is driving clock pin of 1 cells. This could lead to large hold time violations. Involved cells are:
puf_bd_i/puf_top_0/inst/array/cells[2].cell_inst/g1[13].ro/div/q_reg
Related violations: <none>

PLHOLDVIO-2#86 Warning
Non-Optimal connections which could lead to hold violations  
A LUT puf_bd_i/puf_top_0/inst/array/cells[2].cell_inst/g1[14].ro/wop_inferred_i_1 is driving clock pin of 1 cells. This could lead to large hold time violations. Involved cells are:
puf_bd_i/puf_top_0/inst/array/cells[2].cell_inst/g1[14].ro/div/q_reg
Related violations: <none>

PLHOLDVIO-2#87 Warning
Non-Optimal connections which could lead to hold violations  
A LUT puf_bd_i/puf_top_0/inst/array/cells[2].cell_inst/g1[15].ro/wop_inferred_i_1 is driving clock pin of 1 cells. This could lead to large hold time violations. Involved cells are:
puf_bd_i/puf_top_0/inst/array/cells[2].cell_inst/g1[15].ro/div/q_reg
Related violations: <none>

PLHOLDVIO-2#88 Warning
Non-Optimal connections which could lead to hold violations  
A LUT puf_bd_i/puf_top_0/inst/array/cells[2].cell_inst/g1[1].ro/wop_inferred_i_1 is driving clock pin of 1 cells. This could lead to large hold time violations. Involved cells are:
puf_bd_i/puf_top_0/inst/array/cells[2].cell_inst/g1[1].ro/div/q_reg
Related violations: <none>

PLHOLDVIO-2#89 Warning
Non-Optimal connections which could lead to hold violations  
A LUT puf_bd_i/puf_top_0/inst/array/cells[2].cell_inst/g1[2].ro/wop_inferred_i_1 is driving clock pin of 1 cells. This could lead to large hold time violations. Involved cells are:
puf_bd_i/puf_top_0/inst/array/cells[2].cell_inst/g1[2].ro/div/q_reg
Related violations: <none>

PLHOLDVIO-2#90 Warning
Non-Optimal connections which could lead to hold violations  
A LUT puf_bd_i/puf_top_0/inst/array/cells[2].cell_inst/g1[3].ro/wop_inferred_i_1 is driving clock pin of 1 cells. This could lead to large hold time violations. Involved cells are:
puf_bd_i/puf_top_0/inst/array/cells[2].cell_inst/g1[3].ro/div/q_reg
Related violations: <none>

PLHOLDVIO-2#91 Warning
Non-Optimal connections which could lead to hold violations  
A LUT puf_bd_i/puf_top_0/inst/array/cells[2].cell_inst/g1[4].ro/wop_inferred_i_1 is driving clock pin of 1 cells. This could lead to large hold time violations. Involved cells are:
puf_bd_i/puf_top_0/inst/array/cells[2].cell_inst/g1[4].ro/div/q_reg
Related violations: <none>

PLHOLDVIO-2#92 Warning
Non-Optimal connections which could lead to hold violations  
A LUT puf_bd_i/puf_top_0/inst/array/cells[2].cell_inst/g1[5].ro/wop_inferred_i_1 is driving clock pin of 1 cells. This could lead to large hold time violations. Involved cells are:
puf_bd_i/puf_top_0/inst/array/cells[2].cell_inst/g1[5].ro/div/q_reg
Related violations: <none>

PLHOLDVIO-2#93 Warning
Non-Optimal connections which could lead to hold violations  
A LUT puf_bd_i/puf_top_0/inst/array/cells[2].cell_inst/g1[6].ro/wop_inferred_i_1 is driving clock pin of 1 cells. This could lead to large hold time violations. Involved cells are:
puf_bd_i/puf_top_0/inst/array/cells[2].cell_inst/g1[6].ro/div/q_reg
Related violations: <none>

PLHOLDVIO-2#94 Warning
Non-Optimal connections which could lead to hold violations  
A LUT puf_bd_i/puf_top_0/inst/array/cells[2].cell_inst/g1[7].ro/wop_inferred_i_1 is driving clock pin of 1 cells. This could lead to large hold time violations. Involved cells are:
puf_bd_i/puf_top_0/inst/array/cells[2].cell_inst/g1[7].ro/div/q_reg
Related violations: <none>

PLHOLDVIO-2#95 Warning
Non-Optimal connections which could lead to hold violations  
A LUT puf_bd_i/puf_top_0/inst/array/cells[2].cell_inst/g1[8].ro/wop_inferred_i_1 is driving clock pin of 1 cells. This could lead to large hold time violations. Involved cells are:
puf_bd_i/puf_top_0/inst/array/cells[2].cell_inst/g1[8].ro/div/q_reg
Related violations: <none>

PLHOLDVIO-2#96 Warning
Non-Optimal connections which could lead to hold violations  
A LUT puf_bd_i/puf_top_0/inst/array/cells[2].cell_inst/g1[9].ro/wop_inferred_i_1 is driving clock pin of 1 cells. This could lead to large hold time violations. Involved cells are:
puf_bd_i/puf_top_0/inst/array/cells[2].cell_inst/g1[9].ro/div/q_reg
Related violations: <none>

PLHOLDVIO-2#97 Warning
Non-Optimal connections which could lead to hold violations  
A LUT puf_bd_i/puf_top_0/inst/array/cells[3].cell_inst/g0[0].ro/wop_inferred_i_1 is driving clock pin of 1 cells. This could lead to large hold time violations. Involved cells are:
puf_bd_i/puf_top_0/inst/array/cells[3].cell_inst/g0[0].ro/div/q_reg
Related violations: <none>

PLHOLDVIO-2#98 Warning
Non-Optimal connections which could lead to hold violations  
A LUT puf_bd_i/puf_top_0/inst/array/cells[3].cell_inst/g0[10].ro/wop_inferred_i_1 is driving clock pin of 1 cells. This could lead to large hold time violations. Involved cells are:
puf_bd_i/puf_top_0/inst/array/cells[3].cell_inst/g0[10].ro/div/q_reg
Related violations: <none>

PLHOLDVIO-2#99 Warning
Non-Optimal connections which could lead to hold violations  
A LUT puf_bd_i/puf_top_0/inst/array/cells[3].cell_inst/g0[11].ro/wop_inferred_i_1 is driving clock pin of 1 cells. This could lead to large hold time violations. Involved cells are:
puf_bd_i/puf_top_0/inst/array/cells[3].cell_inst/g0[11].ro/div/q_reg
Related violations: <none>

PLHOLDVIO-2#100 Warning
Non-Optimal connections which could lead to hold violations  
A LUT puf_bd_i/puf_top_0/inst/array/cells[3].cell_inst/g0[12].ro/wop_inferred_i_1 is driving clock pin of 1 cells. This could lead to large hold time violations. Involved cells are:
puf_bd_i/puf_top_0/inst/array/cells[3].cell_inst/g0[12].ro/div/q_reg
Related violations: <none>

PLHOLDVIO-2#101 Warning
Non-Optimal connections which could lead to hold violations  
A LUT puf_bd_i/puf_top_0/inst/array/cells[3].cell_inst/g0[13].ro/wop_inferred_i_1 is driving clock pin of 1 cells. This could lead to large hold time violations. Involved cells are:
puf_bd_i/puf_top_0/inst/array/cells[3].cell_inst/g0[13].ro/div/q_reg
Related violations: <none>

PLHOLDVIO-2#102 Warning
Non-Optimal connections which could lead to hold violations  
A LUT puf_bd_i/puf_top_0/inst/array/cells[3].cell_inst/g0[14].ro/wop_inferred_i_1 is driving clock pin of 1 cells. This could lead to large hold time violations. Involved cells are:
puf_bd_i/puf_top_0/inst/array/cells[3].cell_inst/g0[14].ro/div/q_reg
Related violations: <none>

PLHOLDVIO-2#103 Warning
Non-Optimal connections which could lead to hold violations  
A LUT puf_bd_i/puf_top_0/inst/array/cells[3].cell_inst/g0[15].ro/wop_inferred_i_1 is driving clock pin of 1 cells. This could lead to large hold time violations. Involved cells are:
puf_bd_i/puf_top_0/inst/array/cells[3].cell_inst/g0[15].ro/div/q_reg
Related violations: <none>

PLHOLDVIO-2#104 Warning
Non-Optimal connections which could lead to hold violations  
A LUT puf_bd_i/puf_top_0/inst/array/cells[3].cell_inst/g0[1].ro/wop_inferred_i_1 is driving clock pin of 1 cells. This could lead to large hold time violations. Involved cells are:
puf_bd_i/puf_top_0/inst/array/cells[3].cell_inst/g0[1].ro/div/q_reg
Related violations: <none>

PLHOLDVIO-2#105 Warning
Non-Optimal connections which could lead to hold violations  
A LUT puf_bd_i/puf_top_0/inst/array/cells[3].cell_inst/g0[2].ro/wop_inferred_i_1 is driving clock pin of 1 cells. This could lead to large hold time violations. Involved cells are:
puf_bd_i/puf_top_0/inst/array/cells[3].cell_inst/g0[2].ro/div/q_reg
Related violations: <none>

PLHOLDVIO-2#106 Warning
Non-Optimal connections which could lead to hold violations  
A LUT puf_bd_i/puf_top_0/inst/array/cells[3].cell_inst/g0[3].ro/wop_inferred_i_1 is driving clock pin of 1 cells. This could lead to large hold time violations. Involved cells are:
puf_bd_i/puf_top_0/inst/array/cells[3].cell_inst/g0[3].ro/div/q_reg
Related violations: <none>

PLHOLDVIO-2#107 Warning
Non-Optimal connections which could lead to hold violations  
A LUT puf_bd_i/puf_top_0/inst/array/cells[3].cell_inst/g0[4].ro/wop_inferred_i_1 is driving clock pin of 1 cells. This could lead to large hold time violations. Involved cells are:
puf_bd_i/puf_top_0/inst/array/cells[3].cell_inst/g0[4].ro/div/q_reg
Related violations: <none>

PLHOLDVIO-2#108 Warning
Non-Optimal connections which could lead to hold violations  
A LUT puf_bd_i/puf_top_0/inst/array/cells[3].cell_inst/g0[5].ro/wop_inferred_i_1 is driving clock pin of 1 cells. This could lead to large hold time violations. Involved cells are:
puf_bd_i/puf_top_0/inst/array/cells[3].cell_inst/g0[5].ro/div/q_reg
Related violations: <none>

PLHOLDVIO-2#109 Warning
Non-Optimal connections which could lead to hold violations  
A LUT puf_bd_i/puf_top_0/inst/array/cells[3].cell_inst/g0[6].ro/wop_inferred_i_1 is driving clock pin of 1 cells. This could lead to large hold time violations. Involved cells are:
puf_bd_i/puf_top_0/inst/array/cells[3].cell_inst/g0[6].ro/div/q_reg
Related violations: <none>

PLHOLDVIO-2#110 Warning
Non-Optimal connections which could lead to hold violations  
A LUT puf_bd_i/puf_top_0/inst/array/cells[3].cell_inst/g0[7].ro/wop_inferred_i_1 is driving clock pin of 1 cells. This could lead to large hold time violations. Involved cells are:
puf_bd_i/puf_top_0/inst/array/cells[3].cell_inst/g0[7].ro/div/q_reg
Related violations: <none>

PLHOLDVIO-2#111 Warning
Non-Optimal connections which could lead to hold violations  
A LUT puf_bd_i/puf_top_0/inst/array/cells[3].cell_inst/g0[8].ro/wop_inferred_i_1 is driving clock pin of 1 cells. This could lead to large hold time violations. Involved cells are:
puf_bd_i/puf_top_0/inst/array/cells[3].cell_inst/g0[8].ro/div/q_reg
Related violations: <none>

PLHOLDVIO-2#112 Warning
Non-Optimal connections which could lead to hold violations  
A LUT puf_bd_i/puf_top_0/inst/array/cells[3].cell_inst/g0[9].ro/wop_inferred_i_1 is driving clock pin of 1 cells. This could lead to large hold time violations. Involved cells are:
puf_bd_i/puf_top_0/inst/array/cells[3].cell_inst/g0[9].ro/div/q_reg
Related violations: <none>

PLHOLDVIO-2#113 Warning
Non-Optimal connections which could lead to hold violations  
A LUT puf_bd_i/puf_top_0/inst/array/cells[3].cell_inst/g1[0].ro/wop_inferred_i_1 is driving clock pin of 1 cells. This could lead to large hold time violations. Involved cells are:
puf_bd_i/puf_top_0/inst/array/cells[3].cell_inst/g1[0].ro/div/q_reg
Related violations: <none>

PLHOLDVIO-2#114 Warning
Non-Optimal connections which could lead to hold violations  
A LUT puf_bd_i/puf_top_0/inst/array/cells[3].cell_inst/g1[10].ro/wop_inferred_i_1 is driving clock pin of 1 cells. This could lead to large hold time violations. Involved cells are:
puf_bd_i/puf_top_0/inst/array/cells[3].cell_inst/g1[10].ro/div/q_reg
Related violations: <none>

PLHOLDVIO-2#115 Warning
Non-Optimal connections which could lead to hold violations  
A LUT puf_bd_i/puf_top_0/inst/array/cells[3].cell_inst/g1[11].ro/wop_inferred_i_1 is driving clock pin of 1 cells. This could lead to large hold time violations. Involved cells are:
puf_bd_i/puf_top_0/inst/array/cells[3].cell_inst/g1[11].ro/div/q_reg
Related violations: <none>

PLHOLDVIO-2#116 Warning
Non-Optimal connections which could lead to hold violations  
A LUT puf_bd_i/puf_top_0/inst/array/cells[3].cell_inst/g1[12].ro/wop_inferred_i_1 is driving clock pin of 1 cells. This could lead to large hold time violations. Involved cells are:
puf_bd_i/puf_top_0/inst/array/cells[3].cell_inst/g1[12].ro/div/q_reg
Related violations: <none>

PLHOLDVIO-2#117 Warning
Non-Optimal connections which could lead to hold violations  
A LUT puf_bd_i/puf_top_0/inst/array/cells[3].cell_inst/g1[13].ro/wop_inferred_i_1 is driving clock pin of 1 cells. This could lead to large hold time violations. Involved cells are:
puf_bd_i/puf_top_0/inst/array/cells[3].cell_inst/g1[13].ro/div/q_reg
Related violations: <none>

PLHOLDVIO-2#118 Warning
Non-Optimal connections which could lead to hold violations  
A LUT puf_bd_i/puf_top_0/inst/array/cells[3].cell_inst/g1[14].ro/wop_inferred_i_1 is driving clock pin of 1 cells. This could lead to large hold time violations. Involved cells are:
puf_bd_i/puf_top_0/inst/array/cells[3].cell_inst/g1[14].ro/div/q_reg
Related violations: <none>

PLHOLDVIO-2#119 Warning
Non-Optimal connections which could lead to hold violations  
A LUT puf_bd_i/puf_top_0/inst/array/cells[3].cell_inst/g1[15].ro/wop_inferred_i_1 is driving clock pin of 1 cells. This could lead to large hold time violations. Involved cells are:
puf_bd_i/puf_top_0/inst/array/cells[3].cell_inst/g1[15].ro/div/q_reg
Related violations: <none>

PLHOLDVIO-2#120 Warning
Non-Optimal connections which could lead to hold violations  
A LUT puf_bd_i/puf_top_0/inst/array/cells[3].cell_inst/g1[1].ro/wop_inferred_i_1 is driving clock pin of 1 cells. This could lead to large hold time violations. Involved cells are:
puf_bd_i/puf_top_0/inst/array/cells[3].cell_inst/g1[1].ro/div/q_reg
Related violations: <none>

PLHOLDVIO-2#121 Warning
Non-Optimal connections which could lead to hold violations  
A LUT puf_bd_i/puf_top_0/inst/array/cells[3].cell_inst/g1[2].ro/wop_inferred_i_1 is driving clock pin of 1 cells. This could lead to large hold time violations. Involved cells are:
puf_bd_i/puf_top_0/inst/array/cells[3].cell_inst/g1[2].ro/div/q_reg
Related violations: <none>

PLHOLDVIO-2#122 Warning
Non-Optimal connections which could lead to hold violations  
A LUT puf_bd_i/puf_top_0/inst/array/cells[3].cell_inst/g1[3].ro/wop_inferred_i_1 is driving clock pin of 1 cells. This could lead to large hold time violations. Involved cells are:
puf_bd_i/puf_top_0/inst/array/cells[3].cell_inst/g1[3].ro/div/q_reg
Related violations: <none>

PLHOLDVIO-2#123 Warning
Non-Optimal connections which could lead to hold violations  
A LUT puf_bd_i/puf_top_0/inst/array/cells[3].cell_inst/g1[4].ro/wop_inferred_i_1 is driving clock pin of 1 cells. This could lead to large hold time violations. Involved cells are:
puf_bd_i/puf_top_0/inst/array/cells[3].cell_inst/g1[4].ro/div/q_reg
Related violations: <none>

PLHOLDVIO-2#124 Warning
Non-Optimal connections which could lead to hold violations  
A LUT puf_bd_i/puf_top_0/inst/array/cells[3].cell_inst/g1[5].ro/wop_inferred_i_1 is driving clock pin of 1 cells. This could lead to large hold time violations. Involved cells are:
puf_bd_i/puf_top_0/inst/array/cells[3].cell_inst/g1[5].ro/div/q_reg
Related violations: <none>

PLHOLDVIO-2#125 Warning
Non-Optimal connections which could lead to hold violations  
A LUT puf_bd_i/puf_top_0/inst/array/cells[3].cell_inst/g1[6].ro/wop_inferred_i_1 is driving clock pin of 1 cells. This could lead to large hold time violations. Involved cells are:
puf_bd_i/puf_top_0/inst/array/cells[3].cell_inst/g1[6].ro/div/q_reg
Related violations: <none>

PLHOLDVIO-2#126 Warning
Non-Optimal connections which could lead to hold violations  
A LUT puf_bd_i/puf_top_0/inst/array/cells[3].cell_inst/g1[7].ro/wop_inferred_i_1 is driving clock pin of 1 cells. This could lead to large hold time violations. Involved cells are:
puf_bd_i/puf_top_0/inst/array/cells[3].cell_inst/g1[7].ro/div/q_reg
Related violations: <none>

PLHOLDVIO-2#127 Warning
Non-Optimal connections which could lead to hold violations  
A LUT puf_bd_i/puf_top_0/inst/array/cells[3].cell_inst/g1[8].ro/wop_inferred_i_1 is driving clock pin of 1 cells. This could lead to large hold time violations. Involved cells are:
puf_bd_i/puf_top_0/inst/array/cells[3].cell_inst/g1[8].ro/div/q_reg
Related violations: <none>

PLHOLDVIO-2#128 Warning
Non-Optimal connections which could lead to hold violations  
A LUT puf_bd_i/puf_top_0/inst/array/cells[3].cell_inst/g1[9].ro/wop_inferred_i_1 is driving clock pin of 1 cells. This could lead to large hold time violations. Involved cells are:
puf_bd_i/puf_top_0/inst/array/cells[3].cell_inst/g1[9].ro/div/q_reg
Related violations: <none>

PLHOLDVIO-2#129 Warning
Non-Optimal connections which could lead to hold violations  
A LUT puf_bd_i/puf_top_0/inst/array/cells[4].cell_inst/g0[0].ro/wop_inferred_i_1 is driving clock pin of 1 cells. This could lead to large hold time violations. Involved cells are:
puf_bd_i/puf_top_0/inst/array/cells[4].cell_inst/g0[0].ro/div/q_reg
Related violations: <none>

PLHOLDVIO-2#130 Warning
Non-Optimal connections which could lead to hold violations  
A LUT puf_bd_i/puf_top_0/inst/array/cells[4].cell_inst/g0[10].ro/wop_inferred_i_1 is driving clock pin of 1 cells. This could lead to large hold time violations. Involved cells are:
puf_bd_i/puf_top_0/inst/array/cells[4].cell_inst/g0[10].ro/div/q_reg
Related violations: <none>

PLHOLDVIO-2#131 Warning
Non-Optimal connections which could lead to hold violations  
A LUT puf_bd_i/puf_top_0/inst/array/cells[4].cell_inst/g0[11].ro/wop_inferred_i_1 is driving clock pin of 1 cells. This could lead to large hold time violations. Involved cells are:
puf_bd_i/puf_top_0/inst/array/cells[4].cell_inst/g0[11].ro/div/q_reg
Related violations: <none>

PLHOLDVIO-2#132 Warning
Non-Optimal connections which could lead to hold violations  
A LUT puf_bd_i/puf_top_0/inst/array/cells[4].cell_inst/g0[12].ro/wop_inferred_i_1 is driving clock pin of 1 cells. This could lead to large hold time violations. Involved cells are:
puf_bd_i/puf_top_0/inst/array/cells[4].cell_inst/g0[12].ro/div/q_reg
Related violations: <none>

PLHOLDVIO-2#133 Warning
Non-Optimal connections which could lead to hold violations  
A LUT puf_bd_i/puf_top_0/inst/array/cells[4].cell_inst/g0[13].ro/wop_inferred_i_1 is driving clock pin of 1 cells. This could lead to large hold time violations. Involved cells are:
puf_bd_i/puf_top_0/inst/array/cells[4].cell_inst/g0[13].ro/div/q_reg
Related violations: <none>

PLHOLDVIO-2#134 Warning
Non-Optimal connections which could lead to hold violations  
A LUT puf_bd_i/puf_top_0/inst/array/cells[4].cell_inst/g0[14].ro/wop_inferred_i_1 is driving clock pin of 1 cells. This could lead to large hold time violations. Involved cells are:
puf_bd_i/puf_top_0/inst/array/cells[4].cell_inst/g0[14].ro/div/q_reg
Related violations: <none>

PLHOLDVIO-2#135 Warning
Non-Optimal connections which could lead to hold violations  
A LUT puf_bd_i/puf_top_0/inst/array/cells[4].cell_inst/g0[15].ro/wop_inferred_i_1 is driving clock pin of 1 cells. This could lead to large hold time violations. Involved cells are:
puf_bd_i/puf_top_0/inst/array/cells[4].cell_inst/g0[15].ro/div/q_reg
Related violations: <none>

PLHOLDVIO-2#136 Warning
Non-Optimal connections which could lead to hold violations  
A LUT puf_bd_i/puf_top_0/inst/array/cells[4].cell_inst/g0[1].ro/wop_inferred_i_1 is driving clock pin of 1 cells. This could lead to large hold time violations. Involved cells are:
puf_bd_i/puf_top_0/inst/array/cells[4].cell_inst/g0[1].ro/div/q_reg
Related violations: <none>

PLHOLDVIO-2#137 Warning
Non-Optimal connections which could lead to hold violations  
A LUT puf_bd_i/puf_top_0/inst/array/cells[4].cell_inst/g0[2].ro/wop_inferred_i_1 is driving clock pin of 1 cells. This could lead to large hold time violations. Involved cells are:
puf_bd_i/puf_top_0/inst/array/cells[4].cell_inst/g0[2].ro/div/q_reg
Related violations: <none>

PLHOLDVIO-2#138 Warning
Non-Optimal connections which could lead to hold violations  
A LUT puf_bd_i/puf_top_0/inst/array/cells[4].cell_inst/g0[3].ro/wop_inferred_i_1 is driving clock pin of 1 cells. This could lead to large hold time violations. Involved cells are:
puf_bd_i/puf_top_0/inst/array/cells[4].cell_inst/g0[3].ro/div/q_reg
Related violations: <none>

PLHOLDVIO-2#139 Warning
Non-Optimal connections which could lead to hold violations  
A LUT puf_bd_i/puf_top_0/inst/array/cells[4].cell_inst/g0[4].ro/wop_inferred_i_1 is driving clock pin of 1 cells. This could lead to large hold time violations. Involved cells are:
puf_bd_i/puf_top_0/inst/array/cells[4].cell_inst/g0[4].ro/div/q_reg
Related violations: <none>

PLHOLDVIO-2#140 Warning
Non-Optimal connections which could lead to hold violations  
A LUT puf_bd_i/puf_top_0/inst/array/cells[4].cell_inst/g0[5].ro/wop_inferred_i_1 is driving clock pin of 1 cells. This could lead to large hold time violations. Involved cells are:
puf_bd_i/puf_top_0/inst/array/cells[4].cell_inst/g0[5].ro/div/q_reg
Related violations: <none>

PLHOLDVIO-2#141 Warning
Non-Optimal connections which could lead to hold violations  
A LUT puf_bd_i/puf_top_0/inst/array/cells[4].cell_inst/g0[6].ro/wop_inferred_i_1 is driving clock pin of 1 cells. This could lead to large hold time violations. Involved cells are:
puf_bd_i/puf_top_0/inst/array/cells[4].cell_inst/g0[6].ro/div/q_reg
Related violations: <none>

PLHOLDVIO-2#142 Warning
Non-Optimal connections which could lead to hold violations  
A LUT puf_bd_i/puf_top_0/inst/array/cells[4].cell_inst/g0[7].ro/wop_inferred_i_1 is driving clock pin of 1 cells. This could lead to large hold time violations. Involved cells are:
puf_bd_i/puf_top_0/inst/array/cells[4].cell_inst/g0[7].ro/div/q_reg
Related violations: <none>

PLHOLDVIO-2#143 Warning
Non-Optimal connections which could lead to hold violations  
A LUT puf_bd_i/puf_top_0/inst/array/cells[4].cell_inst/g0[8].ro/wop_inferred_i_1 is driving clock pin of 1 cells. This could lead to large hold time violations. Involved cells are:
puf_bd_i/puf_top_0/inst/array/cells[4].cell_inst/g0[8].ro/div/q_reg
Related violations: <none>

PLHOLDVIO-2#144 Warning
Non-Optimal connections which could lead to hold violations  
A LUT puf_bd_i/puf_top_0/inst/array/cells[4].cell_inst/g0[9].ro/wop_inferred_i_1 is driving clock pin of 1 cells. This could lead to large hold time violations. Involved cells are:
puf_bd_i/puf_top_0/inst/array/cells[4].cell_inst/g0[9].ro/div/q_reg
Related violations: <none>

PLHOLDVIO-2#145 Warning
Non-Optimal connections which could lead to hold violations  
A LUT puf_bd_i/puf_top_0/inst/array/cells[4].cell_inst/g1[0].ro/wop_inferred_i_1 is driving clock pin of 1 cells. This could lead to large hold time violations. Involved cells are:
puf_bd_i/puf_top_0/inst/array/cells[4].cell_inst/g1[0].ro/div/q_reg
Related violations: <none>

PLHOLDVIO-2#146 Warning
Non-Optimal connections which could lead to hold violations  
A LUT puf_bd_i/puf_top_0/inst/array/cells[4].cell_inst/g1[10].ro/wop_inferred_i_1 is driving clock pin of 1 cells. This could lead to large hold time violations. Involved cells are:
puf_bd_i/puf_top_0/inst/array/cells[4].cell_inst/g1[10].ro/div/q_reg
Related violations: <none>

PLHOLDVIO-2#147 Warning
Non-Optimal connections which could lead to hold violations  
A LUT puf_bd_i/puf_top_0/inst/array/cells[4].cell_inst/g1[11].ro/wop_inferred_i_1 is driving clock pin of 1 cells. This could lead to large hold time violations. Involved cells are:
puf_bd_i/puf_top_0/inst/array/cells[4].cell_inst/g1[11].ro/div/q_reg
Related violations: <none>

PLHOLDVIO-2#148 Warning
Non-Optimal connections which could lead to hold violations  
A LUT puf_bd_i/puf_top_0/inst/array/cells[4].cell_inst/g1[12].ro/wop_inferred_i_1 is driving clock pin of 1 cells. This could lead to large hold time violations. Involved cells are:
puf_bd_i/puf_top_0/inst/array/cells[4].cell_inst/g1[12].ro/div/q_reg
Related violations: <none>

PLHOLDVIO-2#149 Warning
Non-Optimal connections which could lead to hold violations  
A LUT puf_bd_i/puf_top_0/inst/array/cells[4].cell_inst/g1[13].ro/wop_inferred_i_1 is driving clock pin of 1 cells. This could lead to large hold time violations. Involved cells are:
puf_bd_i/puf_top_0/inst/array/cells[4].cell_inst/g1[13].ro/div/q_reg
Related violations: <none>

PLHOLDVIO-2#150 Warning
Non-Optimal connections which could lead to hold violations  
A LUT puf_bd_i/puf_top_0/inst/array/cells[4].cell_inst/g1[14].ro/wop_inferred_i_1 is driving clock pin of 1 cells. This could lead to large hold time violations. Involved cells are:
puf_bd_i/puf_top_0/inst/array/cells[4].cell_inst/g1[14].ro/div/q_reg
Related violations: <none>

PLHOLDVIO-2#151 Warning
Non-Optimal connections which could lead to hold violations  
A LUT puf_bd_i/puf_top_0/inst/array/cells[4].cell_inst/g1[15].ro/wop_inferred_i_1 is driving clock pin of 1 cells. This could lead to large hold time violations. Involved cells are:
puf_bd_i/puf_top_0/inst/array/cells[4].cell_inst/g1[15].ro/div/q_reg
Related violations: <none>

PLHOLDVIO-2#152 Warning
Non-Optimal connections which could lead to hold violations  
A LUT puf_bd_i/puf_top_0/inst/array/cells[4].cell_inst/g1[1].ro/wop_inferred_i_1 is driving clock pin of 1 cells. This could lead to large hold time violations. Involved cells are:
puf_bd_i/puf_top_0/inst/array/cells[4].cell_inst/g1[1].ro/div/q_reg
Related violations: <none>

PLHOLDVIO-2#153 Warning
Non-Optimal connections which could lead to hold violations  
A LUT puf_bd_i/puf_top_0/inst/array/cells[4].cell_inst/g1[2].ro/wop_inferred_i_1 is driving clock pin of 1 cells. This could lead to large hold time violations. Involved cells are:
puf_bd_i/puf_top_0/inst/array/cells[4].cell_inst/g1[2].ro/div/q_reg
Related violations: <none>

PLHOLDVIO-2#154 Warning
Non-Optimal connections which could lead to hold violations  
A LUT puf_bd_i/puf_top_0/inst/array/cells[4].cell_inst/g1[3].ro/wop_inferred_i_1 is driving clock pin of 1 cells. This could lead to large hold time violations. Involved cells are:
puf_bd_i/puf_top_0/inst/array/cells[4].cell_inst/g1[3].ro/div/q_reg
Related violations: <none>

PLHOLDVIO-2#155 Warning
Non-Optimal connections which could lead to hold violations  
A LUT puf_bd_i/puf_top_0/inst/array/cells[4].cell_inst/g1[4].ro/wop_inferred_i_1 is driving clock pin of 1 cells. This could lead to large hold time violations. Involved cells are:
puf_bd_i/puf_top_0/inst/array/cells[4].cell_inst/g1[4].ro/div/q_reg
Related violations: <none>

PLHOLDVIO-2#156 Warning
Non-Optimal connections which could lead to hold violations  
A LUT puf_bd_i/puf_top_0/inst/array/cells[4].cell_inst/g1[5].ro/wop_inferred_i_1 is driving clock pin of 1 cells. This could lead to large hold time violations. Involved cells are:
puf_bd_i/puf_top_0/inst/array/cells[4].cell_inst/g1[5].ro/div/q_reg
Related violations: <none>

PLHOLDVIO-2#157 Warning
Non-Optimal connections which could lead to hold violations  
A LUT puf_bd_i/puf_top_0/inst/array/cells[4].cell_inst/g1[6].ro/wop_inferred_i_1 is driving clock pin of 1 cells. This could lead to large hold time violations. Involved cells are:
puf_bd_i/puf_top_0/inst/array/cells[4].cell_inst/g1[6].ro/div/q_reg
Related violations: <none>

PLHOLDVIO-2#158 Warning
Non-Optimal connections which could lead to hold violations  
A LUT puf_bd_i/puf_top_0/inst/array/cells[4].cell_inst/g1[7].ro/wop_inferred_i_1 is driving clock pin of 1 cells. This could lead to large hold time violations. Involved cells are:
puf_bd_i/puf_top_0/inst/array/cells[4].cell_inst/g1[7].ro/div/q_reg
Related violations: <none>

PLHOLDVIO-2#159 Warning
Non-Optimal connections which could lead to hold violations  
A LUT puf_bd_i/puf_top_0/inst/array/cells[4].cell_inst/g1[8].ro/wop_inferred_i_1 is driving clock pin of 1 cells. This could lead to large hold time violations. Involved cells are:
puf_bd_i/puf_top_0/inst/array/cells[4].cell_inst/g1[8].ro/div/q_reg
Related violations: <none>

PLHOLDVIO-2#160 Warning
Non-Optimal connections which could lead to hold violations  
A LUT puf_bd_i/puf_top_0/inst/array/cells[4].cell_inst/g1[9].ro/wop_inferred_i_1 is driving clock pin of 1 cells. This could lead to large hold time violations. Involved cells are:
puf_bd_i/puf_top_0/inst/array/cells[4].cell_inst/g1[9].ro/div/q_reg
Related violations: <none>

PLHOLDVIO-2#161 Warning
Non-Optimal connections which could lead to hold violations  
A LUT puf_bd_i/puf_top_0/inst/array/cells[5].cell_inst/g0[0].ro/wop_inferred_i_1 is driving clock pin of 1 cells. This could lead to large hold time violations. Involved cells are:
puf_bd_i/puf_top_0/inst/array/cells[5].cell_inst/g0[0].ro/div/q_reg
Related violations: <none>

PLHOLDVIO-2#162 Warning
Non-Optimal connections which could lead to hold violations  
A LUT puf_bd_i/puf_top_0/inst/array/cells[5].cell_inst/g0[10].ro/wop_inferred_i_1 is driving clock pin of 1 cells. This could lead to large hold time violations. Involved cells are:
puf_bd_i/puf_top_0/inst/array/cells[5].cell_inst/g0[10].ro/div/q_reg
Related violations: <none>

PLHOLDVIO-2#163 Warning
Non-Optimal connections which could lead to hold violations  
A LUT puf_bd_i/puf_top_0/inst/array/cells[5].cell_inst/g0[11].ro/wop_inferred_i_1 is driving clock pin of 1 cells. This could lead to large hold time violations. Involved cells are:
puf_bd_i/puf_top_0/inst/array/cells[5].cell_inst/g0[11].ro/div/q_reg
Related violations: <none>

PLHOLDVIO-2#164 Warning
Non-Optimal connections which could lead to hold violations  
A LUT puf_bd_i/puf_top_0/inst/array/cells[5].cell_inst/g0[12].ro/wop_inferred_i_1 is driving clock pin of 1 cells. This could lead to large hold time violations. Involved cells are:
puf_bd_i/puf_top_0/inst/array/cells[5].cell_inst/g0[12].ro/div/q_reg
Related violations: <none>

PLHOLDVIO-2#165 Warning
Non-Optimal connections which could lead to hold violations  
A LUT puf_bd_i/puf_top_0/inst/array/cells[5].cell_inst/g0[13].ro/wop_inferred_i_1 is driving clock pin of 1 cells. This could lead to large hold time violations. Involved cells are:
puf_bd_i/puf_top_0/inst/array/cells[5].cell_inst/g0[13].ro/div/q_reg
Related violations: <none>

PLHOLDVIO-2#166 Warning
Non-Optimal connections which could lead to hold violations  
A LUT puf_bd_i/puf_top_0/inst/array/cells[5].cell_inst/g0[14].ro/wop_inferred_i_1 is driving clock pin of 1 cells. This could lead to large hold time violations. Involved cells are:
puf_bd_i/puf_top_0/inst/array/cells[5].cell_inst/g0[14].ro/div/q_reg
Related violations: <none>

PLHOLDVIO-2#167 Warning
Non-Optimal connections which could lead to hold violations  
A LUT puf_bd_i/puf_top_0/inst/array/cells[5].cell_inst/g0[15].ro/wop_inferred_i_1 is driving clock pin of 1 cells. This could lead to large hold time violations. Involved cells are:
puf_bd_i/puf_top_0/inst/array/cells[5].cell_inst/g0[15].ro/div/q_reg
Related violations: <none>

PLHOLDVIO-2#168 Warning
Non-Optimal connections which could lead to hold violations  
A LUT puf_bd_i/puf_top_0/inst/array/cells[5].cell_inst/g0[1].ro/wop_inferred_i_1 is driving clock pin of 1 cells. This could lead to large hold time violations. Involved cells are:
puf_bd_i/puf_top_0/inst/array/cells[5].cell_inst/g0[1].ro/div/q_reg
Related violations: <none>

PLHOLDVIO-2#169 Warning
Non-Optimal connections which could lead to hold violations  
A LUT puf_bd_i/puf_top_0/inst/array/cells[5].cell_inst/g0[2].ro/wop_inferred_i_1 is driving clock pin of 1 cells. This could lead to large hold time violations. Involved cells are:
puf_bd_i/puf_top_0/inst/array/cells[5].cell_inst/g0[2].ro/div/q_reg
Related violations: <none>

PLHOLDVIO-2#170 Warning
Non-Optimal connections which could lead to hold violations  
A LUT puf_bd_i/puf_top_0/inst/array/cells[5].cell_inst/g0[3].ro/wop_inferred_i_1 is driving clock pin of 1 cells. This could lead to large hold time violations. Involved cells are:
puf_bd_i/puf_top_0/inst/array/cells[5].cell_inst/g0[3].ro/div/q_reg
Related violations: <none>

PLHOLDVIO-2#171 Warning
Non-Optimal connections which could lead to hold violations  
A LUT puf_bd_i/puf_top_0/inst/array/cells[5].cell_inst/g0[4].ro/wop_inferred_i_1 is driving clock pin of 1 cells. This could lead to large hold time violations. Involved cells are:
puf_bd_i/puf_top_0/inst/array/cells[5].cell_inst/g0[4].ro/div/q_reg
Related violations: <none>

PLHOLDVIO-2#172 Warning
Non-Optimal connections which could lead to hold violations  
A LUT puf_bd_i/puf_top_0/inst/array/cells[5].cell_inst/g0[5].ro/wop_inferred_i_1 is driving clock pin of 1 cells. This could lead to large hold time violations. Involved cells are:
puf_bd_i/puf_top_0/inst/array/cells[5].cell_inst/g0[5].ro/div/q_reg
Related violations: <none>

PLHOLDVIO-2#173 Warning
Non-Optimal connections which could lead to hold violations  
A LUT puf_bd_i/puf_top_0/inst/array/cells[5].cell_inst/g0[6].ro/wop_inferred_i_1 is driving clock pin of 1 cells. This could lead to large hold time violations. Involved cells are:
puf_bd_i/puf_top_0/inst/array/cells[5].cell_inst/g0[6].ro/div/q_reg
Related violations: <none>

PLHOLDVIO-2#174 Warning
Non-Optimal connections which could lead to hold violations  
A LUT puf_bd_i/puf_top_0/inst/array/cells[5].cell_inst/g0[7].ro/wop_inferred_i_1 is driving clock pin of 1 cells. This could lead to large hold time violations. Involved cells are:
puf_bd_i/puf_top_0/inst/array/cells[5].cell_inst/g0[7].ro/div/q_reg
Related violations: <none>

PLHOLDVIO-2#175 Warning
Non-Optimal connections which could lead to hold violations  
A LUT puf_bd_i/puf_top_0/inst/array/cells[5].cell_inst/g0[8].ro/wop_inferred_i_1 is driving clock pin of 1 cells. This could lead to large hold time violations. Involved cells are:
puf_bd_i/puf_top_0/inst/array/cells[5].cell_inst/g0[8].ro/div/q_reg
Related violations: <none>

PLHOLDVIO-2#176 Warning
Non-Optimal connections which could lead to hold violations  
A LUT puf_bd_i/puf_top_0/inst/array/cells[5].cell_inst/g0[9].ro/wop_inferred_i_1 is driving clock pin of 1 cells. This could lead to large hold time violations. Involved cells are:
puf_bd_i/puf_top_0/inst/array/cells[5].cell_inst/g0[9].ro/div/q_reg
Related violations: <none>

PLHOLDVIO-2#177 Warning
Non-Optimal connections which could lead to hold violations  
A LUT puf_bd_i/puf_top_0/inst/array/cells[5].cell_inst/g1[0].ro/wop_inferred_i_1 is driving clock pin of 1 cells. This could lead to large hold time violations. Involved cells are:
puf_bd_i/puf_top_0/inst/array/cells[5].cell_inst/g1[0].ro/div/q_reg
Related violations: <none>

PLHOLDVIO-2#178 Warning
Non-Optimal connections which could lead to hold violations  
A LUT puf_bd_i/puf_top_0/inst/array/cells[5].cell_inst/g1[10].ro/wop_inferred_i_1 is driving clock pin of 1 cells. This could lead to large hold time violations. Involved cells are:
puf_bd_i/puf_top_0/inst/array/cells[5].cell_inst/g1[10].ro/div/q_reg
Related violations: <none>

PLHOLDVIO-2#179 Warning
Non-Optimal connections which could lead to hold violations  
A LUT puf_bd_i/puf_top_0/inst/array/cells[5].cell_inst/g1[11].ro/wop_inferred_i_1 is driving clock pin of 1 cells. This could lead to large hold time violations. Involved cells are:
puf_bd_i/puf_top_0/inst/array/cells[5].cell_inst/g1[11].ro/div/q_reg
Related violations: <none>

PLHOLDVIO-2#180 Warning
Non-Optimal connections which could lead to hold violations  
A LUT puf_bd_i/puf_top_0/inst/array/cells[5].cell_inst/g1[12].ro/wop_inferred_i_1 is driving clock pin of 1 cells. This could lead to large hold time violations. Involved cells are:
puf_bd_i/puf_top_0/inst/array/cells[5].cell_inst/g1[12].ro/div/q_reg
Related violations: <none>

PLHOLDVIO-2#181 Warning
Non-Optimal connections which could lead to hold violations  
A LUT puf_bd_i/puf_top_0/inst/array/cells[5].cell_inst/g1[13].ro/wop_inferred_i_1 is driving clock pin of 1 cells. This could lead to large hold time violations. Involved cells are:
puf_bd_i/puf_top_0/inst/array/cells[5].cell_inst/g1[13].ro/div/q_reg
Related violations: <none>

PLHOLDVIO-2#182 Warning
Non-Optimal connections which could lead to hold violations  
A LUT puf_bd_i/puf_top_0/inst/array/cells[5].cell_inst/g1[14].ro/wop_inferred_i_1 is driving clock pin of 1 cells. This could lead to large hold time violations. Involved cells are:
puf_bd_i/puf_top_0/inst/array/cells[5].cell_inst/g1[14].ro/div/q_reg
Related violations: <none>

PLHOLDVIO-2#183 Warning
Non-Optimal connections which could lead to hold violations  
A LUT puf_bd_i/puf_top_0/inst/array/cells[5].cell_inst/g1[15].ro/wop_inferred_i_1 is driving clock pin of 1 cells. This could lead to large hold time violations. Involved cells are:
puf_bd_i/puf_top_0/inst/array/cells[5].cell_inst/g1[15].ro/div/q_reg
Related violations: <none>

PLHOLDVIO-2#184 Warning
Non-Optimal connections which could lead to hold violations  
A LUT puf_bd_i/puf_top_0/inst/array/cells[5].cell_inst/g1[1].ro/wop_inferred_i_1 is driving clock pin of 1 cells. This could lead to large hold time violations. Involved cells are:
puf_bd_i/puf_top_0/inst/array/cells[5].cell_inst/g1[1].ro/div/q_reg
Related violations: <none>

PLHOLDVIO-2#185 Warning
Non-Optimal connections which could lead to hold violations  
A LUT puf_bd_i/puf_top_0/inst/array/cells[5].cell_inst/g1[2].ro/wop_inferred_i_1 is driving clock pin of 1 cells. This could lead to large hold time violations. Involved cells are:
puf_bd_i/puf_top_0/inst/array/cells[5].cell_inst/g1[2].ro/div/q_reg
Related violations: <none>

PLHOLDVIO-2#186 Warning
Non-Optimal connections which could lead to hold violations  
A LUT puf_bd_i/puf_top_0/inst/array/cells[5].cell_inst/g1[3].ro/wop_inferred_i_1 is driving clock pin of 1 cells. This could lead to large hold time violations. Involved cells are:
puf_bd_i/puf_top_0/inst/array/cells[5].cell_inst/g1[3].ro/div/q_reg
Related violations: <none>

PLHOLDVIO-2#187 Warning
Non-Optimal connections which could lead to hold violations  
A LUT puf_bd_i/puf_top_0/inst/array/cells[5].cell_inst/g1[4].ro/wop_inferred_i_1 is driving clock pin of 1 cells. This could lead to large hold time violations. Involved cells are:
puf_bd_i/puf_top_0/inst/array/cells[5].cell_inst/g1[4].ro/div/q_reg
Related violations: <none>

PLHOLDVIO-2#188 Warning
Non-Optimal connections which could lead to hold violations  
A LUT puf_bd_i/puf_top_0/inst/array/cells[5].cell_inst/g1[5].ro/wop_inferred_i_1 is driving clock pin of 1 cells. This could lead to large hold time violations. Involved cells are:
puf_bd_i/puf_top_0/inst/array/cells[5].cell_inst/g1[5].ro/div/q_reg
Related violations: <none>

PLHOLDVIO-2#189 Warning
Non-Optimal connections which could lead to hold violations  
A LUT puf_bd_i/puf_top_0/inst/array/cells[5].cell_inst/g1[6].ro/wop_inferred_i_1 is driving clock pin of 1 cells. This could lead to large hold time violations. Involved cells are:
puf_bd_i/puf_top_0/inst/array/cells[5].cell_inst/g1[6].ro/div/q_reg
Related violations: <none>

PLHOLDVIO-2#190 Warning
Non-Optimal connections which could lead to hold violations  
A LUT puf_bd_i/puf_top_0/inst/array/cells[5].cell_inst/g1[7].ro/wop_inferred_i_1 is driving clock pin of 1 cells. This could lead to large hold time violations. Involved cells are:
puf_bd_i/puf_top_0/inst/array/cells[5].cell_inst/g1[7].ro/div/q_reg
Related violations: <none>

PLHOLDVIO-2#191 Warning
Non-Optimal connections which could lead to hold violations  
A LUT puf_bd_i/puf_top_0/inst/array/cells[5].cell_inst/g1[8].ro/wop_inferred_i_1 is driving clock pin of 1 cells. This could lead to large hold time violations. Involved cells are:
puf_bd_i/puf_top_0/inst/array/cells[5].cell_inst/g1[8].ro/div/q_reg
Related violations: <none>

PLHOLDVIO-2#192 Warning
Non-Optimal connections which could lead to hold violations  
A LUT puf_bd_i/puf_top_0/inst/array/cells[5].cell_inst/g1[9].ro/wop_inferred_i_1 is driving clock pin of 1 cells. This could lead to large hold time violations. Involved cells are:
puf_bd_i/puf_top_0/inst/array/cells[5].cell_inst/g1[9].ro/div/q_reg
Related violations: <none>

PLHOLDVIO-2#193 Warning
Non-Optimal connections which could lead to hold violations  
A LUT puf_bd_i/puf_top_0/inst/array/cells[6].cell_inst/g0[0].ro/wop_inferred_i_1 is driving clock pin of 1 cells. This could lead to large hold time violations. Involved cells are:
puf_bd_i/puf_top_0/inst/array/cells[6].cell_inst/g0[0].ro/div/q_reg
Related violations: <none>

PLHOLDVIO-2#194 Warning
Non-Optimal connections which could lead to hold violations  
A LUT puf_bd_i/puf_top_0/inst/array/cells[6].cell_inst/g0[10].ro/wop_inferred_i_1 is driving clock pin of 1 cells. This could lead to large hold time violations. Involved cells are:
puf_bd_i/puf_top_0/inst/array/cells[6].cell_inst/g0[10].ro/div/q_reg
Related violations: <none>

PLHOLDVIO-2#195 Warning
Non-Optimal connections which could lead to hold violations  
A LUT puf_bd_i/puf_top_0/inst/array/cells[6].cell_inst/g0[11].ro/wop_inferred_i_1 is driving clock pin of 1 cells. This could lead to large hold time violations. Involved cells are:
puf_bd_i/puf_top_0/inst/array/cells[6].cell_inst/g0[11].ro/div/q_reg
Related violations: <none>

PLHOLDVIO-2#196 Warning
Non-Optimal connections which could lead to hold violations  
A LUT puf_bd_i/puf_top_0/inst/array/cells[6].cell_inst/g0[12].ro/wop_inferred_i_1 is driving clock pin of 1 cells. This could lead to large hold time violations. Involved cells are:
puf_bd_i/puf_top_0/inst/array/cells[6].cell_inst/g0[12].ro/div/q_reg
Related violations: <none>

PLHOLDVIO-2#197 Warning
Non-Optimal connections which could lead to hold violations  
A LUT puf_bd_i/puf_top_0/inst/array/cells[6].cell_inst/g0[13].ro/wop_inferred_i_1 is driving clock pin of 1 cells. This could lead to large hold time violations. Involved cells are:
puf_bd_i/puf_top_0/inst/array/cells[6].cell_inst/g0[13].ro/div/q_reg
Related violations: <none>

PLHOLDVIO-2#198 Warning
Non-Optimal connections which could lead to hold violations  
A LUT puf_bd_i/puf_top_0/inst/array/cells[6].cell_inst/g0[14].ro/wop_inferred_i_1 is driving clock pin of 1 cells. This could lead to large hold time violations. Involved cells are:
puf_bd_i/puf_top_0/inst/array/cells[6].cell_inst/g0[14].ro/div/q_reg
Related violations: <none>

PLHOLDVIO-2#199 Warning
Non-Optimal connections which could lead to hold violations  
A LUT puf_bd_i/puf_top_0/inst/array/cells[6].cell_inst/g0[15].ro/wop_inferred_i_1 is driving clock pin of 1 cells. This could lead to large hold time violations. Involved cells are:
puf_bd_i/puf_top_0/inst/array/cells[6].cell_inst/g0[15].ro/div/q_reg
Related violations: <none>

PLHOLDVIO-2#200 Warning
Non-Optimal connections which could lead to hold violations  
A LUT puf_bd_i/puf_top_0/inst/array/cells[6].cell_inst/g0[1].ro/wop_inferred_i_1 is driving clock pin of 1 cells. This could lead to large hold time violations. Involved cells are:
puf_bd_i/puf_top_0/inst/array/cells[6].cell_inst/g0[1].ro/div/q_reg
Related violations: <none>

PLHOLDVIO-2#201 Warning
Non-Optimal connections which could lead to hold violations  
A LUT puf_bd_i/puf_top_0/inst/array/cells[6].cell_inst/g0[2].ro/wop_inferred_i_1 is driving clock pin of 1 cells. This could lead to large hold time violations. Involved cells are:
puf_bd_i/puf_top_0/inst/array/cells[6].cell_inst/g0[2].ro/div/q_reg
Related violations: <none>

PLHOLDVIO-2#202 Warning
Non-Optimal connections which could lead to hold violations  
A LUT puf_bd_i/puf_top_0/inst/array/cells[6].cell_inst/g0[3].ro/wop_inferred_i_1 is driving clock pin of 1 cells. This could lead to large hold time violations. Involved cells are:
puf_bd_i/puf_top_0/inst/array/cells[6].cell_inst/g0[3].ro/div/q_reg
Related violations: <none>

PLHOLDVIO-2#203 Warning
Non-Optimal connections which could lead to hold violations  
A LUT puf_bd_i/puf_top_0/inst/array/cells[6].cell_inst/g0[4].ro/wop_inferred_i_1 is driving clock pin of 1 cells. This could lead to large hold time violations. Involved cells are:
puf_bd_i/puf_top_0/inst/array/cells[6].cell_inst/g0[4].ro/div/q_reg
Related violations: <none>

PLHOLDVIO-2#204 Warning
Non-Optimal connections which could lead to hold violations  
A LUT puf_bd_i/puf_top_0/inst/array/cells[6].cell_inst/g0[5].ro/wop_inferred_i_1 is driving clock pin of 1 cells. This could lead to large hold time violations. Involved cells are:
puf_bd_i/puf_top_0/inst/array/cells[6].cell_inst/g0[5].ro/div/q_reg
Related violations: <none>

PLHOLDVIO-2#205 Warning
Non-Optimal connections which could lead to hold violations  
A LUT puf_bd_i/puf_top_0/inst/array/cells[6].cell_inst/g0[6].ro/wop_inferred_i_1 is driving clock pin of 1 cells. This could lead to large hold time violations. Involved cells are:
puf_bd_i/puf_top_0/inst/array/cells[6].cell_inst/g0[6].ro/div/q_reg
Related violations: <none>

PLHOLDVIO-2#206 Warning
Non-Optimal connections which could lead to hold violations  
A LUT puf_bd_i/puf_top_0/inst/array/cells[6].cell_inst/g0[7].ro/wop_inferred_i_1 is driving clock pin of 1 cells. This could lead to large hold time violations. Involved cells are:
puf_bd_i/puf_top_0/inst/array/cells[6].cell_inst/g0[7].ro/div/q_reg
Related violations: <none>

PLHOLDVIO-2#207 Warning
Non-Optimal connections which could lead to hold violations  
A LUT puf_bd_i/puf_top_0/inst/array/cells[6].cell_inst/g0[8].ro/wop_inferred_i_1 is driving clock pin of 1 cells. This could lead to large hold time violations. Involved cells are:
puf_bd_i/puf_top_0/inst/array/cells[6].cell_inst/g0[8].ro/div/q_reg
Related violations: <none>

PLHOLDVIO-2#208 Warning
Non-Optimal connections which could lead to hold violations  
A LUT puf_bd_i/puf_top_0/inst/array/cells[6].cell_inst/g0[9].ro/wop_inferred_i_1 is driving clock pin of 1 cells. This could lead to large hold time violations. Involved cells are:
puf_bd_i/puf_top_0/inst/array/cells[6].cell_inst/g0[9].ro/div/q_reg
Related violations: <none>

PLHOLDVIO-2#209 Warning
Non-Optimal connections which could lead to hold violations  
A LUT puf_bd_i/puf_top_0/inst/array/cells[6].cell_inst/g1[0].ro/wop_inferred_i_1 is driving clock pin of 1 cells. This could lead to large hold time violations. Involved cells are:
puf_bd_i/puf_top_0/inst/array/cells[6].cell_inst/g1[0].ro/div/q_reg
Related violations: <none>

PLHOLDVIO-2#210 Warning
Non-Optimal connections which could lead to hold violations  
A LUT puf_bd_i/puf_top_0/inst/array/cells[6].cell_inst/g1[10].ro/wop_inferred_i_1 is driving clock pin of 1 cells. This could lead to large hold time violations. Involved cells are:
puf_bd_i/puf_top_0/inst/array/cells[6].cell_inst/g1[10].ro/div/q_reg
Related violations: <none>

PLHOLDVIO-2#211 Warning
Non-Optimal connections which could lead to hold violations  
A LUT puf_bd_i/puf_top_0/inst/array/cells[6].cell_inst/g1[11].ro/wop_inferred_i_1 is driving clock pin of 1 cells. This could lead to large hold time violations. Involved cells are:
puf_bd_i/puf_top_0/inst/array/cells[6].cell_inst/g1[11].ro/div/q_reg
Related violations: <none>

PLHOLDVIO-2#212 Warning
Non-Optimal connections which could lead to hold violations  
A LUT puf_bd_i/puf_top_0/inst/array/cells[6].cell_inst/g1[12].ro/wop_inferred_i_1 is driving clock pin of 1 cells. This could lead to large hold time violations. Involved cells are:
puf_bd_i/puf_top_0/inst/array/cells[6].cell_inst/g1[12].ro/div/q_reg
Related violations: <none>

PLHOLDVIO-2#213 Warning
Non-Optimal connections which could lead to hold violations  
A LUT puf_bd_i/puf_top_0/inst/array/cells[6].cell_inst/g1[13].ro/wop_inferred_i_1 is driving clock pin of 1 cells. This could lead to large hold time violations. Involved cells are:
puf_bd_i/puf_top_0/inst/array/cells[6].cell_inst/g1[13].ro/div/q_reg
Related violations: <none>

PLHOLDVIO-2#214 Warning
Non-Optimal connections which could lead to hold violations  
A LUT puf_bd_i/puf_top_0/inst/array/cells[6].cell_inst/g1[14].ro/wop_inferred_i_1 is driving clock pin of 1 cells. This could lead to large hold time violations. Involved cells are:
puf_bd_i/puf_top_0/inst/array/cells[6].cell_inst/g1[14].ro/div/q_reg
Related violations: <none>

PLHOLDVIO-2#215 Warning
Non-Optimal connections which could lead to hold violations  
A LUT puf_bd_i/puf_top_0/inst/array/cells[6].cell_inst/g1[15].ro/wop_inferred_i_1 is driving clock pin of 1 cells. This could lead to large hold time violations. Involved cells are:
puf_bd_i/puf_top_0/inst/array/cells[6].cell_inst/g1[15].ro/div/q_reg
Related violations: <none>

PLHOLDVIO-2#216 Warning
Non-Optimal connections which could lead to hold violations  
A LUT puf_bd_i/puf_top_0/inst/array/cells[6].cell_inst/g1[1].ro/wop_inferred_i_1 is driving clock pin of 1 cells. This could lead to large hold time violations. Involved cells are:
puf_bd_i/puf_top_0/inst/array/cells[6].cell_inst/g1[1].ro/div/q_reg
Related violations: <none>

PLHOLDVIO-2#217 Warning
Non-Optimal connections which could lead to hold violations  
A LUT puf_bd_i/puf_top_0/inst/array/cells[6].cell_inst/g1[2].ro/wop_inferred_i_1 is driving clock pin of 1 cells. This could lead to large hold time violations. Involved cells are:
puf_bd_i/puf_top_0/inst/array/cells[6].cell_inst/g1[2].ro/div/q_reg
Related violations: <none>

PLHOLDVIO-2#218 Warning
Non-Optimal connections which could lead to hold violations  
A LUT puf_bd_i/puf_top_0/inst/array/cells[6].cell_inst/g1[3].ro/wop_inferred_i_1 is driving clock pin of 1 cells. This could lead to large hold time violations. Involved cells are:
puf_bd_i/puf_top_0/inst/array/cells[6].cell_inst/g1[3].ro/div/q_reg
Related violations: <none>

PLHOLDVIO-2#219 Warning
Non-Optimal connections which could lead to hold violations  
A LUT puf_bd_i/puf_top_0/inst/array/cells[6].cell_inst/g1[4].ro/wop_inferred_i_1 is driving clock pin of 1 cells. This could lead to large hold time violations. Involved cells are:
puf_bd_i/puf_top_0/inst/array/cells[6].cell_inst/g1[4].ro/div/q_reg
Related violations: <none>

PLHOLDVIO-2#220 Warning
Non-Optimal connections which could lead to hold violations  
A LUT puf_bd_i/puf_top_0/inst/array/cells[6].cell_inst/g1[5].ro/wop_inferred_i_1 is driving clock pin of 1 cells. This could lead to large hold time violations. Involved cells are:
puf_bd_i/puf_top_0/inst/array/cells[6].cell_inst/g1[5].ro/div/q_reg
Related violations: <none>

PLHOLDVIO-2#221 Warning
Non-Optimal connections which could lead to hold violations  
A LUT puf_bd_i/puf_top_0/inst/array/cells[6].cell_inst/g1[6].ro/wop_inferred_i_1 is driving clock pin of 1 cells. This could lead to large hold time violations. Involved cells are:
puf_bd_i/puf_top_0/inst/array/cells[6].cell_inst/g1[6].ro/div/q_reg
Related violations: <none>

PLHOLDVIO-2#222 Warning
Non-Optimal connections which could lead to hold violations  
A LUT puf_bd_i/puf_top_0/inst/array/cells[6].cell_inst/g1[7].ro/wop_inferred_i_1 is driving clock pin of 1 cells. This could lead to large hold time violations. Involved cells are:
puf_bd_i/puf_top_0/inst/array/cells[6].cell_inst/g1[7].ro/div/q_reg
Related violations: <none>

PLHOLDVIO-2#223 Warning
Non-Optimal connections which could lead to hold violations  
A LUT puf_bd_i/puf_top_0/inst/array/cells[6].cell_inst/g1[8].ro/wop_inferred_i_1 is driving clock pin of 1 cells. This could lead to large hold time violations. Involved cells are:
puf_bd_i/puf_top_0/inst/array/cells[6].cell_inst/g1[8].ro/div/q_reg
Related violations: <none>

PLHOLDVIO-2#224 Warning
Non-Optimal connections which could lead to hold violations  
A LUT puf_bd_i/puf_top_0/inst/array/cells[6].cell_inst/g1[9].ro/wop_inferred_i_1 is driving clock pin of 1 cells. This could lead to large hold time violations. Involved cells are:
puf_bd_i/puf_top_0/inst/array/cells[6].cell_inst/g1[9].ro/div/q_reg
Related violations: <none>

PLHOLDVIO-2#225 Warning
Non-Optimal connections which could lead to hold violations  
A LUT puf_bd_i/puf_top_0/inst/array/cells[7].cell_inst/g0[0].ro/wop_inferred_i_1 is driving clock pin of 1 cells. This could lead to large hold time violations. Involved cells are:
puf_bd_i/puf_top_0/inst/array/cells[7].cell_inst/g0[0].ro/div/q_reg
Related violations: <none>

PLHOLDVIO-2#226 Warning
Non-Optimal connections which could lead to hold violations  
A LUT puf_bd_i/puf_top_0/inst/array/cells[7].cell_inst/g0[10].ro/wop_inferred_i_1 is driving clock pin of 1 cells. This could lead to large hold time violations. Involved cells are:
puf_bd_i/puf_top_0/inst/array/cells[7].cell_inst/g0[10].ro/div/q_reg
Related violations: <none>

PLHOLDVIO-2#227 Warning
Non-Optimal connections which could lead to hold violations  
A LUT puf_bd_i/puf_top_0/inst/array/cells[7].cell_inst/g0[11].ro/wop_inferred_i_1 is driving clock pin of 1 cells. This could lead to large hold time violations. Involved cells are:
puf_bd_i/puf_top_0/inst/array/cells[7].cell_inst/g0[11].ro/div/q_reg
Related violations: <none>

PLHOLDVIO-2#228 Warning
Non-Optimal connections which could lead to hold violations  
A LUT puf_bd_i/puf_top_0/inst/array/cells[7].cell_inst/g0[12].ro/wop_inferred_i_1 is driving clock pin of 1 cells. This could lead to large hold time violations. Involved cells are:
puf_bd_i/puf_top_0/inst/array/cells[7].cell_inst/g0[12].ro/div/q_reg
Related violations: <none>

PLHOLDVIO-2#229 Warning
Non-Optimal connections which could lead to hold violations  
A LUT puf_bd_i/puf_top_0/inst/array/cells[7].cell_inst/g0[13].ro/wop_inferred_i_1 is driving clock pin of 1 cells. This could lead to large hold time violations. Involved cells are:
puf_bd_i/puf_top_0/inst/array/cells[7].cell_inst/g0[13].ro/div/q_reg
Related violations: <none>

PLHOLDVIO-2#230 Warning
Non-Optimal connections which could lead to hold violations  
A LUT puf_bd_i/puf_top_0/inst/array/cells[7].cell_inst/g0[14].ro/wop_inferred_i_1 is driving clock pin of 1 cells. This could lead to large hold time violations. Involved cells are:
puf_bd_i/puf_top_0/inst/array/cells[7].cell_inst/g0[14].ro/div/q_reg
Related violations: <none>

PLHOLDVIO-2#231 Warning
Non-Optimal connections which could lead to hold violations  
A LUT puf_bd_i/puf_top_0/inst/array/cells[7].cell_inst/g0[15].ro/wop_inferred_i_1 is driving clock pin of 1 cells. This could lead to large hold time violations. Involved cells are:
puf_bd_i/puf_top_0/inst/array/cells[7].cell_inst/g0[15].ro/div/q_reg
Related violations: <none>

PLHOLDVIO-2#232 Warning
Non-Optimal connections which could lead to hold violations  
A LUT puf_bd_i/puf_top_0/inst/array/cells[7].cell_inst/g0[1].ro/wop_inferred_i_1 is driving clock pin of 1 cells. This could lead to large hold time violations. Involved cells are:
puf_bd_i/puf_top_0/inst/array/cells[7].cell_inst/g0[1].ro/div/q_reg
Related violations: <none>

PLHOLDVIO-2#233 Warning
Non-Optimal connections which could lead to hold violations  
A LUT puf_bd_i/puf_top_0/inst/array/cells[7].cell_inst/g0[2].ro/wop_inferred_i_1 is driving clock pin of 1 cells. This could lead to large hold time violations. Involved cells are:
puf_bd_i/puf_top_0/inst/array/cells[7].cell_inst/g0[2].ro/div/q_reg
Related violations: <none>

PLHOLDVIO-2#234 Warning
Non-Optimal connections which could lead to hold violations  
A LUT puf_bd_i/puf_top_0/inst/array/cells[7].cell_inst/g0[3].ro/wop_inferred_i_1 is driving clock pin of 1 cells. This could lead to large hold time violations. Involved cells are:
puf_bd_i/puf_top_0/inst/array/cells[7].cell_inst/g0[3].ro/div/q_reg
Related violations: <none>

PLHOLDVIO-2#235 Warning
Non-Optimal connections which could lead to hold violations  
A LUT puf_bd_i/puf_top_0/inst/array/cells[7].cell_inst/g0[4].ro/wop_inferred_i_1 is driving clock pin of 1 cells. This could lead to large hold time violations. Involved cells are:
puf_bd_i/puf_top_0/inst/array/cells[7].cell_inst/g0[4].ro/div/q_reg
Related violations: <none>

PLHOLDVIO-2#236 Warning
Non-Optimal connections which could lead to hold violations  
A LUT puf_bd_i/puf_top_0/inst/array/cells[7].cell_inst/g0[5].ro/wop_inferred_i_1 is driving clock pin of 1 cells. This could lead to large hold time violations. Involved cells are:
puf_bd_i/puf_top_0/inst/array/cells[7].cell_inst/g0[5].ro/div/q_reg
Related violations: <none>

PLHOLDVIO-2#237 Warning
Non-Optimal connections which could lead to hold violations  
A LUT puf_bd_i/puf_top_0/inst/array/cells[7].cell_inst/g0[6].ro/wop_inferred_i_1 is driving clock pin of 1 cells. This could lead to large hold time violations. Involved cells are:
puf_bd_i/puf_top_0/inst/array/cells[7].cell_inst/g0[6].ro/div/q_reg
Related violations: <none>

PLHOLDVIO-2#238 Warning
Non-Optimal connections which could lead to hold violations  
A LUT puf_bd_i/puf_top_0/inst/array/cells[7].cell_inst/g0[7].ro/wop_inferred_i_1 is driving clock pin of 1 cells. This could lead to large hold time violations. Involved cells are:
puf_bd_i/puf_top_0/inst/array/cells[7].cell_inst/g0[7].ro/div/q_reg
Related violations: <none>

PLHOLDVIO-2#239 Warning
Non-Optimal connections which could lead to hold violations  
A LUT puf_bd_i/puf_top_0/inst/array/cells[7].cell_inst/g0[8].ro/wop_inferred_i_1 is driving clock pin of 1 cells. This could lead to large hold time violations. Involved cells are:
puf_bd_i/puf_top_0/inst/array/cells[7].cell_inst/g0[8].ro/div/q_reg
Related violations: <none>

PLHOLDVIO-2#240 Warning
Non-Optimal connections which could lead to hold violations  
A LUT puf_bd_i/puf_top_0/inst/array/cells[7].cell_inst/g0[9].ro/wop_inferred_i_1 is driving clock pin of 1 cells. This could lead to large hold time violations. Involved cells are:
puf_bd_i/puf_top_0/inst/array/cells[7].cell_inst/g0[9].ro/div/q_reg
Related violations: <none>

PLHOLDVIO-2#241 Warning
Non-Optimal connections which could lead to hold violations  
A LUT puf_bd_i/puf_top_0/inst/array/cells[7].cell_inst/g1[0].ro/wop_inferred_i_1 is driving clock pin of 1 cells. This could lead to large hold time violations. Involved cells are:
puf_bd_i/puf_top_0/inst/array/cells[7].cell_inst/g1[0].ro/div/q_reg
Related violations: <none>

PLHOLDVIO-2#242 Warning
Non-Optimal connections which could lead to hold violations  
A LUT puf_bd_i/puf_top_0/inst/array/cells[7].cell_inst/g1[10].ro/wop_inferred_i_1 is driving clock pin of 1 cells. This could lead to large hold time violations. Involved cells are:
puf_bd_i/puf_top_0/inst/array/cells[7].cell_inst/g1[10].ro/div/q_reg
Related violations: <none>

PLHOLDVIO-2#243 Warning
Non-Optimal connections which could lead to hold violations  
A LUT puf_bd_i/puf_top_0/inst/array/cells[7].cell_inst/g1[11].ro/wop_inferred_i_1 is driving clock pin of 1 cells. This could lead to large hold time violations. Involved cells are:
puf_bd_i/puf_top_0/inst/array/cells[7].cell_inst/g1[11].ro/div/q_reg
Related violations: <none>

PLHOLDVIO-2#244 Warning
Non-Optimal connections which could lead to hold violations  
A LUT puf_bd_i/puf_top_0/inst/array/cells[7].cell_inst/g1[12].ro/wop_inferred_i_1 is driving clock pin of 1 cells. This could lead to large hold time violations. Involved cells are:
puf_bd_i/puf_top_0/inst/array/cells[7].cell_inst/g1[12].ro/div/q_reg
Related violations: <none>

PLHOLDVIO-2#245 Warning
Non-Optimal connections which could lead to hold violations  
A LUT puf_bd_i/puf_top_0/inst/array/cells[7].cell_inst/g1[13].ro/wop_inferred_i_1 is driving clock pin of 1 cells. This could lead to large hold time violations. Involved cells are:
puf_bd_i/puf_top_0/inst/array/cells[7].cell_inst/g1[13].ro/div/q_reg
Related violations: <none>

PLHOLDVIO-2#246 Warning
Non-Optimal connections which could lead to hold violations  
A LUT puf_bd_i/puf_top_0/inst/array/cells[7].cell_inst/g1[14].ro/wop_inferred_i_1 is driving clock pin of 1 cells. This could lead to large hold time violations. Involved cells are:
puf_bd_i/puf_top_0/inst/array/cells[7].cell_inst/g1[14].ro/div/q_reg
Related violations: <none>

PLHOLDVIO-2#247 Warning
Non-Optimal connections which could lead to hold violations  
A LUT puf_bd_i/puf_top_0/inst/array/cells[7].cell_inst/g1[15].ro/wop_inferred_i_1 is driving clock pin of 1 cells. This could lead to large hold time violations. Involved cells are:
puf_bd_i/puf_top_0/inst/array/cells[7].cell_inst/g1[15].ro/div/q_reg
Related violations: <none>

PLHOLDVIO-2#248 Warning
Non-Optimal connections which could lead to hold violations  
A LUT puf_bd_i/puf_top_0/inst/array/cells[7].cell_inst/g1[1].ro/wop_inferred_i_1 is driving clock pin of 1 cells. This could lead to large hold time violations. Involved cells are:
puf_bd_i/puf_top_0/inst/array/cells[7].cell_inst/g1[1].ro/div/q_reg
Related violations: <none>

PLHOLDVIO-2#249 Warning
Non-Optimal connections which could lead to hold violations  
A LUT puf_bd_i/puf_top_0/inst/array/cells[7].cell_inst/g1[2].ro/wop_inferred_i_1 is driving clock pin of 1 cells. This could lead to large hold time violations. Involved cells are:
puf_bd_i/puf_top_0/inst/array/cells[7].cell_inst/g1[2].ro/div/q_reg
Related violations: <none>

PLHOLDVIO-2#250 Warning
Non-Optimal connections which could lead to hold violations  
A LUT puf_bd_i/puf_top_0/inst/array/cells[7].cell_inst/g1[3].ro/wop_inferred_i_1 is driving clock pin of 1 cells. This could lead to large hold time violations. Involved cells are:
puf_bd_i/puf_top_0/inst/array/cells[7].cell_inst/g1[3].ro/div/q_reg
Related violations: <none>

PLHOLDVIO-2#251 Warning
Non-Optimal connections which could lead to hold violations  
A LUT puf_bd_i/puf_top_0/inst/array/cells[7].cell_inst/g1[4].ro/wop_inferred_i_1 is driving clock pin of 1 cells. This could lead to large hold time violations. Involved cells are:
puf_bd_i/puf_top_0/inst/array/cells[7].cell_inst/g1[4].ro/div/q_reg
Related violations: <none>

PLHOLDVIO-2#252 Warning
Non-Optimal connections which could lead to hold violations  
A LUT puf_bd_i/puf_top_0/inst/array/cells[7].cell_inst/g1[5].ro/wop_inferred_i_1 is driving clock pin of 1 cells. This could lead to large hold time violations. Involved cells are:
puf_bd_i/puf_top_0/inst/array/cells[7].cell_inst/g1[5].ro/div/q_reg
Related violations: <none>

PLHOLDVIO-2#253 Warning
Non-Optimal connections which could lead to hold violations  
A LUT puf_bd_i/puf_top_0/inst/array/cells[7].cell_inst/g1[6].ro/wop_inferred_i_1 is driving clock pin of 1 cells. This could lead to large hold time violations. Involved cells are:
puf_bd_i/puf_top_0/inst/array/cells[7].cell_inst/g1[6].ro/div/q_reg
Related violations: <none>

PLHOLDVIO-2#254 Warning
Non-Optimal connections which could lead to hold violations  
A LUT puf_bd_i/puf_top_0/inst/array/cells[7].cell_inst/g1[7].ro/wop_inferred_i_1 is driving clock pin of 1 cells. This could lead to large hold time violations. Involved cells are:
puf_bd_i/puf_top_0/inst/array/cells[7].cell_inst/g1[7].ro/div/q_reg
Related violations: <none>

PLHOLDVIO-2#255 Warning
Non-Optimal connections which could lead to hold violations  
A LUT puf_bd_i/puf_top_0/inst/array/cells[7].cell_inst/g1[8].ro/wop_inferred_i_1 is driving clock pin of 1 cells. This could lead to large hold time violations. Involved cells are:
puf_bd_i/puf_top_0/inst/array/cells[7].cell_inst/g1[8].ro/div/q_reg
Related violations: <none>

PLHOLDVIO-2#256 Warning
Non-Optimal connections which could lead to hold violations  
A LUT puf_bd_i/puf_top_0/inst/array/cells[7].cell_inst/g1[9].ro/wop_inferred_i_1 is driving clock pin of 1 cells. This could lead to large hold time violations. Involved cells are:
puf_bd_i/puf_top_0/inst/array/cells[7].cell_inst/g1[9].ro/div/q_reg
Related violations: <none>

RTSTAT-10#1 Warning
No routable loads  
8207 net(s) have no routable loads. The problem bus(es) and/or net(s) are puf_bd_i/puf_top_0/inst/array/cells[0].cell_inst/g0[15].ro/id_tag[31:0],
puf_bd_i/puf_top_0/inst/array/cells[0].cell_inst/g0[1].ro/id_tag[31:0],
puf_bd_i/puf_top_0/inst/array/cells[0].cell_inst/g1[10].ro/id_tag[31:0],
puf_bd_i/puf_top_0/inst/array/cells[0].cell_inst/g1[3].ro/id_tag[31:0],
puf_bd_i/puf_top_0/inst/array/cells[0].cell_inst/g1[4].ro/id_tag[31:0],
puf_bd_i/puf_top_0/inst/array/cells[0].cell_inst/g1[6].ro/id_tag[31:0],
puf_bd_i/puf_top_0/inst/array/cells[1].cell_inst/g1[4].ro/id_tag[31:0],
puf_bd_i/puf_top_0/inst/array/cells[2].cell_inst/g0[12].ro/id_tag[31:0],
puf_bd_i/puf_top_0/inst/array/cells[2].cell_inst/g0[3].ro/id_tag[31:0],
puf_bd_i/puf_top_0/inst/array/cells[2].cell_inst/g0[5].ro/id_tag[31:0],
puf_bd_i/puf_top_0/inst/array/cells[3].cell_inst/g0[12].ro/id_tag[31:0],
puf_bd_i/puf_top_0/inst/array/cells[3].cell_inst/g0[14].ro/id_tag[31:0],
puf_bd_i/puf_top_0/inst/array/cells[5].cell_inst/g0[5].ro/id_tag[31:0],
puf_bd_i/puf_top_0/inst/array/cells[7].cell_inst/g0[12].ro/id_tag[31:0],
puf_bd_i/puf_top_0/inst/array/cells[7].cell_inst/g1[3].ro/id_tag[31:0]
 (the first 15 of 271 listed).
Related violations: <none>


