Copyright 1986-2022 Xilinx, Inc. All Rights Reserved. Copyright 2022-2025 Advanced Micro Devices, Inc. All Rights Reserved.
------------------------------------------------------------------------------------------------------------------------------------------------------------------------------------------------------------------------------------------------------
| Tool Version : Vivado v.2025.1 (win64) Build 6140274 Thu May 22 00:12:29 MDT 2025
| Date         : Mon Aug 24 19:16:33 2026
| Host         : LAPTOP-QLGDPTAA running 64-bit major release  (build 9200)
| Command      : report_timing_summary -max_paths 10 -routable_nets -report_unconstrained -file puf_bd_wrapper_timing_summary_routed.rpt -pb puf_bd_wrapper_timing_summary_routed.pb -rpx puf_bd_wrapper_timing_summary_routed.rpx -warn_on_violation
| Design       : puf_bd_wrapper
| Device       : 7z020-clg400
| Speed File   : -1  PRODUCTION 1.12 2019-11-22
| Design State : Routed
------------------------------------------------------------------------------------------------------------------------------------------------------------------------------------------------------------------------------------------------------

Timing Summary Report

------------------------------------------------------------------------------------------------
| Timer Settings
| --------------
------------------------------------------------------------------------------------------------

  Enable Multi Corner Analysis               :  Yes
  Enable Pessimism Removal                   :  Yes
  Pessimism Removal Resolution               :  Nearest Common Node
  Enable Input Delay Default Clock           :  No
  Enable Preset / Clear Arcs                 :  No
  Disable Flight Delays                      :  No
  Ignore I/O Paths                           :  No
  Timing Early Launch at Borrowing Latches   :  No
  Borrow Time for Max Delay Exceptions       :  Yes
  Merge Timing Exceptions                    :  Yes
  Inter-SLR Compensation                     :  Conservative

  Corner  Analyze    Analyze    
  Name    Max Paths  Min Paths  
  ------  ---------  ---------  
  Slow    Yes        Yes        
  Fast    Yes        Yes        


------------------------------------------------------------------------------------------------
| Report Methodology
| ------------------
------------------------------------------------------------------------------------------------

Rule       Severity          Description                   Violations  
---------  ----------------  ----------------------------  ----------  
TIMING-17  Critical Warning  Non-clocked sequential cell   512         
LUTAR-1    Warning           LUT drives async reset alert  1           
TIMING-23  Warning           Combinational loop found      256         

Note: This report is based on the most recent report_methodology run and may not be up-to-date. Run report_methodology on the current design for the latest report.



check_timing report

Table of Contents
-----------------
1. checking no_clock (6144)
2. checking constant_clock (0)
3. checking pulse_width_clock (0)
4. checking unconstrained_internal_endpoints (1024)
5. checking no_input_delay (0)
6. checking no_output_delay (0)
7. checking multiple_clock (0)
8. checking generated_clocks (0)
9. checking loops (256)
10. checking partial_input_delay (0)
11. checking partial_output_delay (0)
12. checking latch_loops (0)

1. checking no_clock (6144)
---------------------------
 There are 256 register/latch pins with no clock driven by root clock pin: puf_bd_i/axi_gpio_0/U0/gpio_core_1/Not_Dual.gpio_Data_Out_reg[1]/Q (HIGH)

 There are 256 register/latch pins with no clock driven by root clock pin: puf_bd_i/axi_gpio_0/U0/gpio_core_1/Not_Dual.gpio_Data_Out_reg[2]/Q (HIGH)

 There are 256 register/latch pins with no clock driven by root clock pin: puf_bd_i/axi_gpio_0/U0/gpio_core_1/Not_Dual.gpio_Data_Out_reg[3]/Q (HIGH)

 There are 256 register/latch pins with no clock driven by root clock pin: puf_bd_i/axi_gpio_0/U0/gpio_core_1/Not_Dual.gpio_Data_Out_reg[4]/Q (HIGH)

 There are 256 register/latch pins with no clock driven by root clock pin: puf_bd_i/axi_gpio_0/U0/gpio_core_1/Not_Dual.gpio_Data_Out_reg[5]/Q (HIGH)

 There are 256 register/latch pins with no clock driven by root clock pin: puf_bd_i/axi_gpio_0/U0/gpio_core_1/Not_Dual.gpio_Data_Out_reg[6]/Q (HIGH)

 There are 256 register/latch pins with no clock driven by root clock pin: puf_bd_i/axi_gpio_0/U0/gpio_core_1/Not_Dual.gpio_Data_Out_reg[7]/Q (HIGH)

 There are 256 register/latch pins with no clock driven by root clock pin: puf_bd_i/axi_gpio_0/U0/gpio_core_1/Not_Dual.gpio_Data_Out_reg[8]/Q (HIGH)

 There are 16 register/latch pins with no clock driven by root clock pin: puf_bd_i/puf_top_0/inst/array/cells[0].cell_inst/g0[0].ro/div/q_reg/Q (HIGH)

 There are 16 register/latch pins with no clock driven by root clock pin: puf_bd_i/puf_top_0/inst/array/cells[0].cell_inst/g0[10].ro/div/q_reg/Q (HIGH)

 There are 16 register/latch pins with no clock driven by root clock pin: puf_bd_i/puf_top_0/inst/array/cells[0].cell_inst/g0[11].ro/div/q_reg/Q (HIGH)

 There are 16 register/latch pins with no clock driven by root clock pin: puf_bd_i/puf_top_0/inst/array/cells[0].cell_inst/g0[12].ro/div/q_reg/Q (HIGH)

 There are 16 register/latch pins with no clock driven by root clock pin: puf_bd_i/puf_top_0/inst/array/cells[0].cell_inst/g0[13].ro/div/q_reg/Q (HIGH)

 There are 16 register/latch pins with no clock driven by root clock pin: puf_bd_i/puf_top_0/inst/array/cells[0].cell_inst/g0[14].ro/div/q_reg/Q (HIGH)

 There are 16 register/latch pins with no clock driven by root clock pin: puf_bd_i/puf_top_0/inst/array/cells[0].cell_inst/g0[15].ro/div/q_reg/Q (HIGH)

 There are 16 register/latch pins with no clock driven by root clock pin: puf_bd_i/puf_top_0/inst/array/cells[0].cell_inst/g0[1].ro/div/q_reg/Q (HIGH)

 There are 16 register/latch pins with no clock driven by root clock pin: puf_bd_i/puf_top_0/inst/array/cells[0].cell_inst/g0[2].ro/div/q_reg/Q (HIGH)

 There are 16 register/latch pins with no clock driven by root clock pin: puf_bd_i/puf_top_0/inst/array/cells[0].cell_inst/g0[3].ro/div/q_reg/Q (HIGH)

 There are 16 register/latch pins with no clock driven by root clock pin: puf_bd_i/puf_top_0/inst/array/cells[0].cell_inst/g0[4].ro/div/q_reg/Q (HIGH)

 There are 16 register/latch pins with no clock driven by root clock pin: puf_bd_i/puf_top_0/inst/array/cells[0].cell_inst/g0[5].ro/div/q_reg/Q (HIGH)

 There are 16 register/latch pins with no clock driven by root clock pin: puf_bd_i/puf_top_0/inst/array/cells[0].cell_inst/g0[6].ro/div/q_reg/Q (HIGH)

 There are 16 register/latch pins with no clock driven by root clock pin: puf_bd_i/puf_top_0/inst/array/cells[0].cell_inst/g0[7].ro/div/q_reg/Q (HIGH)

 There are 16 register/latch pins with no clock driven by root clock pin: puf_bd_i/puf_top_0/inst/array/cells[0].cell_inst/g0[8].ro/div/q_reg/Q (HIGH)

 There are 16 register/latch pins with no clock driven by root clock pin: puf_bd_i/puf_top_0/inst/array/cells[0].cell_inst/g0[9].ro/div/q_reg/Q (HIGH)

 There are 16 register/latch pins with no clock driven by root clock pin: puf_bd_i/puf_top_0/inst/array/cells[0].cell_inst/g1[0].ro/div/q_reg/Q (HIGH)

 There are 16 register/latch pins with no clock driven by root clock pin: puf_bd_i/puf_top_0/inst/array/cells[0].cell_inst/g1[10].ro/div/q_reg/Q (HIGH)

 There are 16 register/latch pins with no clock driven by root clock pin: puf_bd_i/puf_top_0/inst/array/cells[0].cell_inst/g1[11].ro/div/q_reg/Q (HIGH)

 There are 16 register/latch pins with no clock driven by root clock pin: puf_bd_i/puf_top_0/inst/array/cells[0].cell_inst/g1[12].ro/div/q_reg/Q (HIGH)

 There are 16 register/latch pins with no clock driven by root clock pin: puf_bd_i/puf_top_0/inst/array/cells[0].cell_inst/g1[13].ro/div/q_reg/Q (HIGH)

 There are 16 register/latch pins with no clock driven by root clock pin: puf_bd_i/puf_top_0/inst/array/cells[0].cell_inst/g1[14].ro/div/q_reg/Q (HIGH)

 There are 16 register/latch pins with no clock driven by root clock pin: puf_bd_i/puf_top_0/inst/array/cells[0].cell_inst/g1[15].ro/div/q_reg/Q (HIGH)

 There are 16 register/latch pins with no clock driven by root clock pin: puf_bd_i/puf_top_0/inst/array/cells[0].cell_inst/g1[1].ro/div/q_reg/Q (HIGH)

 There are 16 register/latch pins with no clock driven by root clock pin: puf_bd_i/puf_top_0/inst/array/cells[0].cell_inst/g1[2].ro/div/q_reg/Q (HIGH)

 There are 16 register/latch pins with no clock driven by root clock pin: puf_bd_i/puf_top_0/inst/array/cells[0].cell_inst/g1[3].ro/div/q_reg/Q (HIGH)

 There are 16 register/latch pins with no clock driven by root clock pin: puf_bd_i/puf_top_0/inst/array/cells[0].cell_inst/g1[4].ro/div/q_reg/Q (HIGH)

 There are 16 register/latch pins with no clock driven by root clock pin: puf_bd_i/puf_top_0/inst/array/cells[0].cell_inst/g1[5].ro/div/q_reg/Q (HIGH)

 There are 16 register/latch pins with no clock driven by root clock pin: puf_bd_i/puf_top_0/inst/array/cells[0].cell_inst/g1[6].ro/div/q_reg/Q (HIGH)

 There are 16 register/latch pins with no clock driven by root clock pin: puf_bd_i/puf_top_0/inst/array/cells[0].cell_inst/g1[7].ro/div/q_reg/Q (HIGH)

 There are 16 register/latch pins with no clock driven by root clock pin: puf_bd_i/puf_top_0/inst/array/cells[0].cell_inst/g1[8].ro/div/q_reg/Q (HIGH)

 There are 16 register/latch pins with no clock driven by root clock pin: puf_bd_i/puf_top_0/inst/array/cells[0].cell_inst/g1[9].ro/div/q_reg/Q (HIGH)

 There are 16 register/latch pins with no clock driven by root clock pin: puf_bd_i/puf_top_0/inst/array/cells[1].cell_inst/g0[0].ro/div/q_reg/Q (HIGH)

 There are 16 register/latch pins with no clock driven by root clock pin: puf_bd_i/puf_top_0/inst/array/cells[1].cell_inst/g0[10].ro/div/q_reg/Q (HIGH)

 There are 16 register/latch pins with no clock driven by root clock pin: puf_bd_i/puf_top_0/inst/array/cells[1].cell_inst/g0[11].ro/div/q_reg/Q (HIGH)

 There are 16 register/latch pins with no clock driven by root clock pin: puf_bd_i/puf_top_0/inst/array/cells[1].cell_inst/g0[12].ro/div/q_reg/Q (HIGH)

 There are 16 register/latch pins with no clock driven by root clock pin: puf_bd_i/puf_top_0/inst/array/cells[1].cell_inst/g0[13].ro/div/q_reg/Q (HIGH)

 There are 16 register/latch pins with no clock driven by root clock pin: puf_bd_i/puf_top_0/inst/array/cells[1].cell_inst/g0[14].ro/div/q_reg/Q (HIGH)

 There are 16 register/latch pins with no clock driven by root clock pin: puf_bd_i/puf_top_0/inst/array/cells[1].cell_inst/g0[15].ro/div/q_reg/Q (HIGH)

 There are 16 register/latch pins with no clock driven by root clock pin: puf_bd_i/puf_top_0/inst/array/cells[1].cell_inst/g0[1].ro/div/q_reg/Q (HIGH)

 There are 16 register/latch pins with no clock driven by root clock pin: puf_bd_i/puf_top_0/inst/array/cells[1].cell_inst/g0[2].ro/div/q_reg/Q (HIGH)

 There are 16 register/latch pins with no clock driven by root clock pin: puf_bd_i/puf_top_0/inst/array/cells[1].cell_inst/g0[3].ro/div/q_reg/Q (HIGH)

 There are 16 register/latch pins with no clock driven by root clock pin: puf_bd_i/puf_top_0/inst/array/cells[1].cell_inst/g0[4].ro/div/q_reg/Q (HIGH)

 There are 16 register/latch pins with no clock driven by root clock pin: puf_bd_i/puf_top_0/inst/array/cells[1].cell_inst/g0[5].ro/div/q_reg/Q (HIGH)

 There are 16 register/latch pins with no clock driven by root clock pin: puf_bd_i/puf_top_0/inst/array/cells[1].cell_inst/g0[6].ro/div/q_reg/Q (HIGH)

 There are 16 register/latch pins with no clock driven by root clock pin: puf_bd_i/puf_top_0/inst/array/cells[1].cell_inst/g0[7].ro/div/q_reg/Q (HIGH)

 There are 16 register/latch pins with no clock driven by root clock pin: puf_bd_i/puf_top_0/inst/array/cells[1].cell_inst/g0[8].ro/div/q_reg/Q (HIGH)

 There are 16 register/latch pins with no clock driven by root clock pin: puf_bd_i/puf_top_0/inst/array/cells[1].cell_inst/g0[9].ro/div/q_reg/Q (HIGH)

 There are 16 register/latch pins with no clock driven by root clock pin: puf_bd_i/puf_top_0/inst/array/cells[1].cell_inst/g1[0].ro/div/q_reg/Q (HIGH)

 There are 16 register/latch pins with no clock driven by root clock pin: puf_bd_i/puf_top_0/inst/array/cells[1].cell_inst/g1[10].ro/div/q_reg/Q (HIGH)

 There are 16 register/latch pins with no clock driven by root clock pin: puf_bd_i/puf_top_0/inst/array/cells[1].cell_inst/g1[11].ro/div/q_reg/Q (HIGH)

 There are 16 register/latch pins with no clock driven by root clock pin: puf_bd_i/puf_top_0/inst/array/cells[1].cell_inst/g1[12].ro/div/q_reg/Q (HIGH)

 There are 16 register/latch pins with no clock driven by root clock pin: puf_bd_i/puf_top_0/inst/array/cells[1].cell_inst/g1[13].ro/div/q_reg/Q (HIGH)

 There are 16 register/latch pins with no clock driven by root clock pin: puf_bd_i/puf_top_0/inst/array/cells[1].cell_inst/g1[14].ro/div/q_reg/Q (HIGH)

 There are 16 register/latch pins with no clock driven by root clock pin: puf_bd_i/puf_top_0/inst/array/cells[1].cell_inst/g1[15].ro/div/q_reg/Q (HIGH)

 There are 16 register/latch pins with no clock driven by root clock pin: puf_bd_i/puf_top_0/inst/array/cells[1].cell_inst/g1[1].ro/div/q_reg/Q (HIGH)

 There are 16 register/latch pins with no clock driven by root clock pin: puf_bd_i/puf_top_0/inst/array/cells[1].cell_inst/g1[2].ro/div/q_reg/Q (HIGH)

 There are 16 register/latch pins with no clock driven by root clock pin: puf_bd_i/puf_top_0/inst/array/cells[1].cell_inst/g1[3].ro/div/q_reg/Q (HIGH)

 There are 16 register/latch pins with no clock driven by root clock pin: puf_bd_i/puf_top_0/inst/array/cells[1].cell_inst/g1[4].ro/div/q_reg/Q (HIGH)

 There are 16 register/latch pins with no clock driven by root clock pin: puf_bd_i/puf_top_0/inst/array/cells[1].cell_inst/g1[5].ro/div/q_reg/Q (HIGH)

 There are 16 register/latch pins with no clock driven by root clock pin: puf_bd_i/puf_top_0/inst/array/cells[1].cell_inst/g1[6].ro/div/q_reg/Q (HIGH)

 There are 16 register/latch pins with no clock driven by root clock pin: puf_bd_i/puf_top_0/inst/array/cells[1].cell_inst/g1[7].ro/div/q_reg/Q (HIGH)

 There are 16 register/latch pins with no clock driven by root clock pin: puf_bd_i/puf_top_0/inst/array/cells[1].cell_inst/g1[8].ro/div/q_reg/Q (HIGH)

 There are 16 register/latch pins with no clock driven by root clock pin: puf_bd_i/puf_top_0/inst/array/cells[1].cell_inst/g1[9].ro/div/q_reg/Q (HIGH)

 There are 16 register/latch pins with no clock driven by root clock pin: puf_bd_i/puf_top_0/inst/array/cells[2].cell_inst/g0[0].ro/div/q_reg/Q (HIGH)

 There are 16 register/latch pins with no clock driven by root clock pin: puf_bd_i/puf_top_0/inst/array/cells[2].cell_inst/g0[10].ro/div/q_reg/Q (HIGH)

 There are 16 register/latch pins with no clock driven by root clock pin: puf_bd_i/puf_top_0/inst/array/cells[2].cell_inst/g0[11].ro/div/q_reg/Q (HIGH)

 There are 16 register/latch pins with no clock driven by root clock pin: puf_bd_i/puf_top_0/inst/array/cells[2].cell_inst/g0[12].ro/div/q_reg/Q (HIGH)

 There are 16 register/latch pins with no clock driven by root clock pin: puf_bd_i/puf_top_0/inst/array/cells[2].cell_inst/g0[13].ro/div/q_reg/Q (HIGH)

 There are 16 register/latch pins with no clock driven by root clock pin: puf_bd_i/puf_top_0/inst/array/cells[2].cell_inst/g0[14].ro/div/q_reg/Q (HIGH)

 There are 16 register/latch pins with no clock driven by root clock pin: puf_bd_i/puf_top_0/inst/array/cells[2].cell_inst/g0[15].ro/div/q_reg/Q (HIGH)

 There are 16 register/latch pins with no clock driven by root clock pin: puf_bd_i/puf_top_0/inst/array/cells[2].cell_inst/g0[1].ro/div/q_reg/Q (HIGH)

 There are 16 register/latch pins with no clock driven by root clock pin: puf_bd_i/puf_top_0/inst/array/cells[2].cell_inst/g0[2].ro/div/q_reg/Q (HIGH)

 There are 16 register/latch pins with no clock driven by root clock pin: puf_bd_i/puf_top_0/inst/array/cells[2].cell_inst/g0[3].ro/div/q_reg/Q (HIGH)

 There are 16 register/latch pins with no clock driven by root clock pin: puf_bd_i/puf_top_0/inst/array/cells[2].cell_inst/g0[4].ro/div/q_reg/Q (HIGH)

 There are 16 register/latch pins with no clock driven by root clock pin: puf_bd_i/puf_top_0/inst/array/cells[2].cell_inst/g0[5].ro/div/q_reg/Q (HIGH)

 There are 16 register/latch pins with no clock driven by root clock pin: puf_bd_i/puf_top_0/inst/array/cells[2].cell_inst/g0[6].ro/div/q_reg/Q (HIGH)

 There are 16 register/latch pins with no clock driven by root clock pin: puf_bd_i/puf_top_0/inst/array/cells[2].cell_inst/g0[7].ro/div/q_reg/Q (HIGH)

 There are 16 register/latch pins with no clock driven by root clock pin: puf_bd_i/puf_top_0/inst/array/cells[2].cell_inst/g0[8].ro/div/q_reg/Q (HIGH)

 There are 16 register/latch pins with no clock driven by root clock pin: puf_bd_i/puf_top_0/inst/array/cells[2].cell_inst/g0[9].ro/div/q_reg/Q (HIGH)

 There are 16 register/latch pins with no clock driven by root clock pin: puf_bd_i/puf_top_0/inst/array/cells[2].cell_inst/g1[0].ro/div/q_reg/Q (HIGH)

 There are 16 register/latch pins with no clock driven by root clock pin: puf_bd_i/puf_top_0/inst/array/cells[2].cell_inst/g1[10].ro/div/q_reg/Q (HIGH)

 There are 16 register/latch pins with no clock driven by root clock pin: puf_bd_i/puf_top_0/inst/array/cells[2].cell_inst/g1[11].ro/div/q_reg/Q (HIGH)

 There are 16 register/latch pins with no clock driven by root clock pin: puf_bd_i/puf_top_0/inst/array/cells[2].cell_inst/g1[12].ro/div/q_reg/Q (HIGH)

 There are 16 register/latch pins with no clock driven by root clock pin: puf_bd_i/puf_top_0/inst/array/cells[2].cell_inst/g1[13].ro/div/q_reg/Q (HIGH)

 There are 16 register/latch pins with no clock driven by root clock pin: puf_bd_i/puf_top_0/inst/array/cells[2].cell_inst/g1[14].ro/div/q_reg/Q (HIGH)

 There are 16 register/latch pins with no clock driven by root clock pin: puf_bd_i/puf_top_0/inst/array/cells[2].cell_inst/g1[15].ro/div/q_reg/Q (HIGH)

 There are 16 register/latch pins with no clock driven by root clock pin: puf_bd_i/puf_top_0/inst/array/cells[2].cell_inst/g1[1].ro/div/q_reg/Q (HIGH)

 There are 16 register/latch pins with no clock driven by root clock pin: puf_bd_i/puf_top_0/inst/array/cells[2].cell_inst/g1[2].ro/div/q_reg/Q (HIGH)

 There are 16 register/latch pins with no clock driven by root clock pin: puf_bd_i/puf_top_0/inst/array/cells[2].cell_inst/g1[3].ro/div/q_reg/Q (HIGH)

 There are 16 register/latch pins with no clock driven by root clock pin: puf_bd_i/puf_top_0/inst/array/cells[2].cell_inst/g1[4].ro/div/q_reg/Q (HIGH)

 There are 16 register/latch pins with no clock driven by root clock pin: puf_bd_i/puf_top_0/inst/array/cells[2].cell_inst/g1[5].ro/div/q_reg/Q (HIGH)

 There are 16 register/latch pins with no clock driven by root clock pin: puf_bd_i/puf_top_0/inst/array/cells[2].cell_inst/g1[6].ro/div/q_reg/Q (HIGH)

 There are 16 register/latch pins with no clock driven by root clock pin: puf_bd_i/puf_top_0/inst/array/cells[2].cell_inst/g1[7].ro/div/q_reg/Q (HIGH)

 There are 16 register/latch pins with no clock driven by root clock pin: puf_bd_i/puf_top_0/inst/array/cells[2].cell_inst/g1[8].ro/div/q_reg/Q (HIGH)

 There are 16 register/latch pins with no clock driven by root clock pin: puf_bd_i/puf_top_0/inst/array/cells[2].cell_inst/g1[9].ro/div/q_reg/Q (HIGH)

 There are 16 register/latch pins with no clock driven by root clock pin: puf_bd_i/puf_top_0/inst/array/cells[3].cell_inst/g0[0].ro/div/q_reg/Q (HIGH)

 There are 16 register/latch pins with no clock driven by root clock pin: puf_bd_i/puf_top_0/inst/array/cells[3].cell_inst/g0[10].ro/div/q_reg/Q (HIGH)

 There are 16 register/latch pins with no clock driven by root clock pin: puf_bd_i/puf_top_0/inst/array/cells[3].cell_inst/g0[11].ro/div/q_reg/Q (HIGH)

 There are 16 register/latch pins with no clock driven by root clock pin: puf_bd_i/puf_top_0/inst/array/cells[3].cell_inst/g0[12].ro/div/q_reg/Q (HIGH)

 There are 16 register/latch pins with no clock driven by root clock pin: puf_bd_i/puf_top_0/inst/array/cells[3].cell_inst/g0[13].ro/div/q_reg/Q (HIGH)

 There are 16 register/latch pins with no clock driven by root clock pin: puf_bd_i/puf_top_0/inst/array/cells[3].cell_inst/g0[14].ro/div/q_reg/Q (HIGH)

 There are 16 register/latch pins with no clock driven by root clock pin: puf_bd_i/puf_top_0/inst/array/cells[3].cell_inst/g0[15].ro/div/q_reg/Q (HIGH)

 There are 16 register/latch pins with no clock driven by root clock pin: puf_bd_i/puf_top_0/inst/array/cells[3].cell_inst/g0[1].ro/div/q_reg/Q (HIGH)

 There are 16 register/latch pins with no clock driven by root clock pin: puf_bd_i/puf_top_0/inst/array/cells[3].cell_inst/g0[2].ro/div/q_reg/Q (HIGH)

 There are 16 register/latch pins with no clock driven by root clock pin: puf_bd_i/puf_top_0/inst/array/cells[3].cell_inst/g0[3].ro/div/q_reg/Q (HIGH)

 There are 16 register/latch pins with no clock driven by root clock pin: puf_bd_i/puf_top_0/inst/array/cells[3].cell_inst/g0[4].ro/div/q_reg/Q (HIGH)

 There are 16 register/latch pins with no clock driven by root clock pin: puf_bd_i/puf_top_0/inst/array/cells[3].cell_inst/g0[5].ro/div/q_reg/Q (HIGH)

 There are 16 register/latch pins with no clock driven by root clock pin: puf_bd_i/puf_top_0/inst/array/cells[3].cell_inst/g0[6].ro/div/q_reg/Q (HIGH)

 There are 16 register/latch pins with no clock driven by root clock pin: puf_bd_i/puf_top_0/inst/array/cells[3].cell_inst/g0[7].ro/div/q_reg/Q (HIGH)

 There are 16 register/latch pins with no clock driven by root clock pin: puf_bd_i/puf_top_0/inst/array/cells[3].cell_inst/g0[8].ro/div/q_reg/Q (HIGH)

 There are 16 register/latch pins with no clock driven by root clock pin: puf_bd_i/puf_top_0/inst/array/cells[3].cell_inst/g0[9].ro/div/q_reg/Q (HIGH)

 There are 16 register/latch pins with no clock driven by root clock pin: puf_bd_i/puf_top_0/inst/array/cells[3].cell_inst/g1[0].ro/div/q_reg/Q (HIGH)

 There are 16 register/latch pins with no clock driven by root clock pin: puf_bd_i/puf_top_0/inst/array/cells[3].cell_inst/g1[10].ro/div/q_reg/Q (HIGH)

 There are 16 register/latch pins with no clock driven by root clock pin: puf_bd_i/puf_top_0/inst/array/cells[3].cell_inst/g1[11].ro/div/q_reg/Q (HIGH)

 There are 16 register/latch pins with no clock driven by root clock pin: puf_bd_i/puf_top_0/inst/array/cells[3].cell_inst/g1[12].ro/div/q_reg/Q (HIGH)

 There are 16 register/latch pins with no clock driven by root clock pin: puf_bd_i/puf_top_0/inst/array/cells[3].cell_inst/g1[13].ro/div/q_reg/Q (HIGH)

 There are 16 register/latch pins with no clock driven by root clock pin: puf_bd_i/puf_top_0/inst/array/cells[3].cell_inst/g1[14].ro/div/q_reg/Q (HIGH)

 There are 16 register/latch pins with no clock driven by root clock pin: puf_bd_i/puf_top_0/inst/array/cells[3].cell_inst/g1[15].ro/div/q_reg/Q (HIGH)

 There are 16 register/latch pins with no clock driven by root clock pin: puf_bd_i/puf_top_0/inst/array/cells[3].cell_inst/g1[1].ro/div/q_reg/Q (HIGH)

 There are 16 register/latch pins with no clock driven by root clock pin: puf_bd_i/puf_top_0/inst/array/cells[3].cell_inst/g1[2].ro/div/q_reg/Q (HIGH)

 There are 16 register/latch pins with no clock driven by root clock pin: puf_bd_i/puf_top_0/inst/array/cells[3].cell_inst/g1[3].ro/div/q_reg/Q (HIGH)

 There are 16 register/latch pins with no clock driven by root clock pin: puf_bd_i/puf_top_0/inst/array/cells[3].cell_inst/g1[4].ro/div/q_reg/Q (HIGH)

 There are 16 register/latch pins with no clock driven by root clock pin: puf_bd_i/puf_top_0/inst/array/cells[3].cell_inst/g1[5].ro/div/q_reg/Q (HIGH)

 There are 16 register/latch pins with no clock driven by root clock pin: puf_bd_i/puf_top_0/inst/array/cells[3].cell_inst/g1[6].ro/div/q_reg/Q (HIGH)

 There are 16 register/latch pins with no clock driven by root clock pin: puf_bd_i/puf_top_0/inst/array/cells[3].cell_inst/g1[7].ro/div/q_reg/Q (HIGH)

 There are 16 register/latch pins with no clock driven by root clock pin: puf_bd_i/puf_top_0/inst/array/cells[3].cell_inst/g1[8].ro/div/q_reg/Q (HIGH)

 There are 16 register/latch pins with no clock driven by root clock pin: puf_bd_i/puf_top_0/inst/array/cells[3].cell_inst/g1[9].ro/div/q_reg/Q (HIGH)

 There are 16 register/latch pins with no clock driven by root clock pin: puf_bd_i/puf_top_0/inst/array/cells[4].cell_inst/g0[0].ro/div/q_reg/Q (HIGH)

 There are 16 register/latch pins with no clock driven by root clock pin: puf_bd_i/puf_top_0/inst/array/cells[4].cell_inst/g0[10].ro/div/q_reg/Q (HIGH)

 There are 16 register/latch pins with no clock driven by root clock pin: puf_bd_i/puf_top_0/inst/array/cells[4].cell_inst/g0[11].ro/div/q_reg/Q (HIGH)

 There are 16 register/latch pins with no clock driven by root clock pin: puf_bd_i/puf_top_0/inst/array/cells[4].cell_inst/g0[12].ro/div/q_reg/Q (HIGH)

 There are 16 register/latch pins with no clock driven by root clock pin: puf_bd_i/puf_top_0/inst/array/cells[4].cell_inst/g0[13].ro/div/q_reg/Q (HIGH)

 There are 16 register/latch pins with no clock driven by root clock pin: puf_bd_i/puf_top_0/inst/array/cells[4].cell_inst/g0[14].ro/div/q_reg/Q (HIGH)

 There are 16 register/latch pins with no clock driven by root clock pin: puf_bd_i/puf_top_0/inst/array/cells[4].cell_inst/g0[15].ro/div/q_reg/Q (HIGH)

 There are 16 register/latch pins with no clock driven by root clock pin: puf_bd_i/puf_top_0/inst/array/cells[4].cell_inst/g0[1].ro/div/q_reg/Q (HIGH)

 There are 16 register/latch pins with no clock driven by root clock pin: puf_bd_i/puf_top_0/inst/array/cells[4].cell_inst/g0[2].ro/div/q_reg/Q (HIGH)

 There are 16 register/latch pins with no clock driven by root clock pin: puf_bd_i/puf_top_0/inst/array/cells[4].cell_inst/g0[3].ro/div/q_reg/Q (HIGH)

 There are 16 register/latch pins with no clock driven by root clock pin: puf_bd_i/puf_top_0/inst/array/cells[4].cell_inst/g0[4].ro/div/q_reg/Q (HIGH)

 There are 16 register/latch pins with no clock driven by root clock pin: puf_bd_i/puf_top_0/inst/array/cells[4].cell_inst/g0[5].ro/div/q_reg/Q (HIGH)

 There are 16 register/latch pins with no clock driven by root clock pin: puf_bd_i/puf_top_0/inst/array/cells[4].cell_inst/g0[6].ro/div/q_reg/Q (HIGH)

 There are 16 register/latch pins with no clock driven by root clock pin: puf_bd_i/puf_top_0/inst/array/cells[4].cell_inst/g0[7].ro/div/q_reg/Q (HIGH)

 There are 16 register/latch pins with no clock driven by root clock pin: puf_bd_i/puf_top_0/inst/array/cells[4].cell_inst/g0[8].ro/div/q_reg/Q (HIGH)

 There are 16 register/latch pins with no clock driven by root clock pin: puf_bd_i/puf_top_0/inst/array/cells[4].cell_inst/g0[9].ro/div/q_reg/Q (HIGH)

 There are 16 register/latch pins with no clock driven by root clock pin: puf_bd_i/puf_top_0/inst/array/cells[4].cell_inst/g1[0].ro/div/q_reg/Q (HIGH)

 There are 16 register/latch pins with no clock driven by root clock pin: puf_bd_i/puf_top_0/inst/array/cells[4].cell_inst/g1[10].ro/div/q_reg/Q (HIGH)

 There are 16 register/latch pins with no clock driven by root clock pin: puf_bd_i/puf_top_0/inst/array/cells[4].cell_inst/g1[11].ro/div/q_reg/Q (HIGH)

 There are 16 register/latch pins with no clock driven by root clock pin: puf_bd_i/puf_top_0/inst/array/cells[4].cell_inst/g1[12].ro/div/q_reg/Q (HIGH)

 There are 16 register/latch pins with no clock driven by root clock pin: puf_bd_i/puf_top_0/inst/array/cells[4].cell_inst/g1[13].ro/div/q_reg/Q (HIGH)

 There are 16 register/latch pins with no clock driven by root clock pin: puf_bd_i/puf_top_0/inst/array/cells[4].cell_inst/g1[14].ro/div/q_reg/Q (HIGH)

 There are 16 register/latch pins with no clock driven by root clock pin: puf_bd_i/puf_top_0/inst/array/cells[4].cell_inst/g1[15].ro/div/q_reg/Q (HIGH)

 There are 16 register/latch pins with no clock driven by root clock pin: puf_bd_i/puf_top_0/inst/array/cells[4].cell_inst/g1[1].ro/div/q_reg/Q (HIGH)

 There are 16 register/latch pins with no clock driven by root clock pin: puf_bd_i/puf_top_0/inst/array/cells[4].cell_inst/g1[2].ro/div/q_reg/Q (HIGH)

 There are 16 register/latch pins with no clock driven by root clock pin: puf_bd_i/puf_top_0/inst/array/cells[4].cell_inst/g1[3].ro/div/q_reg/Q (HIGH)

 There are 16 register/latch pins with no clock driven by root clock pin: puf_bd_i/puf_top_0/inst/array/cells[4].cell_inst/g1[4].ro/div/q_reg/Q (HIGH)

 There are 16 register/latch pins with no clock driven by root clock pin: puf_bd_i/puf_top_0/inst/array/cells[4].cell_inst/g1[5].ro/div/q_reg/Q (HIGH)

 There are 16 register/latch pins with no clock driven by root clock pin: puf_bd_i/puf_top_0/inst/array/cells[4].cell_inst/g1[6].ro/div/q_reg/Q (HIGH)

 There are 16 register/latch pins with no clock driven by root clock pin: puf_bd_i/puf_top_0/inst/array/cells[4].cell_inst/g1[7].ro/div/q_reg/Q (HIGH)

 There are 16 register/latch pins with no clock driven by root clock pin: puf_bd_i/puf_top_0/inst/array/cells[4].cell_inst/g1[8].ro/div/q_reg/Q (HIGH)

 There are 16 register/latch pins with no clock driven by root clock pin: puf_bd_i/puf_top_0/inst/array/cells[4].cell_inst/g1[9].ro/div/q_reg/Q (HIGH)

 There are 16 register/latch pins with no clock driven by root clock pin: puf_bd_i/puf_top_0/inst/array/cells[5].cell_inst/g0[0].ro/div/q_reg/Q (HIGH)

 There are 16 register/latch pins with no clock driven by root clock pin: puf_bd_i/puf_top_0/inst/array/cells[5].cell_inst/g0[10].ro/div/q_reg/Q (HIGH)

 There are 16 register/latch pins with no clock driven by root clock pin: puf_bd_i/puf_top_0/inst/array/cells[5].cell_inst/g0[11].ro/div/q_reg/Q (HIGH)

 There are 16 register/latch pins with no clock driven by root clock pin: puf_bd_i/puf_top_0/inst/array/cells[5].cell_inst/g0[12].ro/div/q_reg/Q (HIGH)

 There are 16 register/latch pins with no clock driven by root clock pin: puf_bd_i/puf_top_0/inst/array/cells[5].cell_inst/g0[13].ro/div/q_reg/Q (HIGH)

 There are 16 register/latch pins with no clock driven by root clock pin: puf_bd_i/puf_top_0/inst/array/cells[5].cell_inst/g0[14].ro/div/q_reg/Q (HIGH)

 There are 16 register/latch pins with no clock driven by root clock pin: puf_bd_i/puf_top_0/inst/array/cells[5].cell_inst/g0[15].ro/div/q_reg/Q (HIGH)

 There are 16 register/latch pins with no clock driven by root clock pin: puf_bd_i/puf_top_0/inst/array/cells[5].cell_inst/g0[1].ro/div/q_reg/Q (HIGH)

 There are 16 register/latch pins with no clock driven by root clock pin: puf_bd_i/puf_top_0/inst/array/cells[5].cell_inst/g0[2].ro/div/q_reg/Q (HIGH)

 There are 16 register/latch pins with no clock driven by root clock pin: puf_bd_i/puf_top_0/inst/array/cells[5].cell_inst/g0[3].ro/div/q_reg/Q (HIGH)

 There are 16 register/latch pins with no clock driven by root clock pin: puf_bd_i/puf_top_0/inst/array/cells[5].cell_inst/g0[4].ro/div/q_reg/Q (HIGH)

 There are 16 register/latch pins with no clock driven by root clock pin: puf_bd_i/puf_top_0/inst/array/cells[5].cell_inst/g0[5].ro/div/q_reg/Q (HIGH)

 There are 16 register/latch pins with no clock driven by root clock pin: puf_bd_i/puf_top_0/inst/array/cells[5].cell_inst/g0[6].ro/div/q_reg/Q (HIGH)

 There are 16 register/latch pins with no clock driven by root clock pin: puf_bd_i/puf_top_0/inst/array/cells[5].cell_inst/g0[7].ro/div/q_reg/Q (HIGH)

 There are 16 register/latch pins with no clock driven by root clock pin: puf_bd_i/puf_top_0/inst/array/cells[5].cell_inst/g0[8].ro/div/q_reg/Q (HIGH)

 There are 16 register/latch pins with no clock driven by root clock pin: puf_bd_i/puf_top_0/inst/array/cells[5].cell_inst/g0[9].ro/div/q_reg/Q (HIGH)

 There are 16 register/latch pins with no clock driven by root clock pin: puf_bd_i/puf_top_0/inst/array/cells[5].cell_inst/g1[0].ro/div/q_reg/Q (HIGH)

 There are 16 register/latch pins with no clock driven by root clock pin: puf_bd_i/puf_top_0/inst/array/cells[5].cell_inst/g1[10].ro/div/q_reg/Q (HIGH)

 There are 16 register/latch pins with no clock driven by root clock pin: puf_bd_i/puf_top_0/inst/array/cells[5].cell_inst/g1[11].ro/div/q_reg/Q (HIGH)

 There are 16 register/latch pins with no clock driven by root clock pin: puf_bd_i/puf_top_0/inst/array/cells[5].cell_inst/g1[12].ro/div/q_reg/Q (HIGH)

 There are 16 register/latch pins with no clock driven by root clock pin: puf_bd_i/puf_top_0/inst/array/cells[5].cell_inst/g1[13].ro/div/q_reg/Q (HIGH)

 There are 16 register/latch pins with no clock driven by root clock pin: puf_bd_i/puf_top_0/inst/array/cells[5].cell_inst/g1[14].ro/div/q_reg/Q (HIGH)

 There are 16 register/latch pins with no clock driven by root clock pin: puf_bd_i/puf_top_0/inst/array/cells[5].cell_inst/g1[15].ro/div/q_reg/Q (HIGH)

 There are 16 register/latch pins with no clock driven by root clock pin: puf_bd_i/puf_top_0/inst/array/cells[5].cell_inst/g1[1].ro/div/q_reg/Q (HIGH)

 There are 16 register/latch pins with no clock driven by root clock pin: puf_bd_i/puf_top_0/inst/array/cells[5].cell_inst/g1[2].ro/div/q_reg/Q (HIGH)

 There are 16 register/latch pins with no clock driven by root clock pin: puf_bd_i/puf_top_0/inst/array/cells[5].cell_inst/g1[3].ro/div/q_reg/Q (HIGH)

 There are 16 register/latch pins with no clock driven by root clock pin: puf_bd_i/puf_top_0/inst/array/cells[5].cell_inst/g1[4].ro/div/q_reg/Q (HIGH)

 There are 16 register/latch pins with no clock driven by root clock pin: puf_bd_i/puf_top_0/inst/array/cells[5].cell_inst/g1[5].ro/div/q_reg/Q (HIGH)

 There are 16 register/latch pins with no clock driven by root clock pin: puf_bd_i/puf_top_0/inst/array/cells[5].cell_inst/g1[6].ro/div/q_reg/Q (HIGH)

 There are 16 register/latch pins with no clock driven by root clock pin: puf_bd_i/puf_top_0/inst/array/cells[5].cell_inst/g1[7].ro/div/q_reg/Q (HIGH)

 There are 16 register/latch pins with no clock driven by root clock pin: puf_bd_i/puf_top_0/inst/array/cells[5].cell_inst/g1[8].ro/div/q_reg/Q (HIGH)

 There are 16 register/latch pins with no clock driven by root clock pin: puf_bd_i/puf_top_0/inst/array/cells[5].cell_inst/g1[9].ro/div/q_reg/Q (HIGH)

 There are 16 register/latch pins with no clock driven by root clock pin: puf_bd_i/puf_top_0/inst/array/cells[6].cell_inst/g0[0].ro/div/q_reg/Q (HIGH)

 There are 16 register/latch pins with no clock driven by root clock pin: puf_bd_i/puf_top_0/inst/array/cells[6].cell_inst/g0[10].ro/div/q_reg/Q (HIGH)

 There are 16 register/latch pins with no clock driven by root clock pin: puf_bd_i/puf_top_0/inst/array/cells[6].cell_inst/g0[11].ro/div/q_reg/Q (HIGH)

 There are 16 register/latch pins with no clock driven by root clock pin: puf_bd_i/puf_top_0/inst/array/cells[6].cell_inst/g0[12].ro/div/q_reg/Q (HIGH)

 There are 16 register/latch pins with no clock driven by root clock pin: puf_bd_i/puf_top_0/inst/array/cells[6].cell_inst/g0[13].ro/div/q_reg/Q (HIGH)

 There are 16 register/latch pins with no clock driven by root clock pin: puf_bd_i/puf_top_0/inst/array/cells[6].cell_inst/g0[14].ro/div/q_reg/Q (HIGH)

 There are 16 register/latch pins with no clock driven by root clock pin: puf_bd_i/puf_top_0/inst/array/cells[6].cell_inst/g0[15].ro/div/q_reg/Q (HIGH)

 There are 16 register/latch pins with no clock driven by root clock pin: puf_bd_i/puf_top_0/inst/array/cells[6].cell_inst/g0[1].ro/div/q_reg/Q (HIGH)

 There are 16 register/latch pins with no clock driven by root clock pin: puf_bd_i/puf_top_0/inst/array/cells[6].cell_inst/g0[2].ro/div/q_reg/Q (HIGH)

 There are 16 register/latch pins with no clock driven by root clock pin: puf_bd_i/puf_top_0/inst/array/cells[6].cell_inst/g0[3].ro/div/q_reg/Q (HIGH)

 There are 16 register/latch pins with no clock driven by root clock pin: puf_bd_i/puf_top_0/inst/array/cells[6].cell_inst/g0[4].ro/div/q_reg/Q (HIGH)

 There are 16 register/latch pins with no clock driven by root clock pin: puf_bd_i/puf_top_0/inst/array/cells[6].cell_inst/g0[5].ro/div/q_reg/Q (HIGH)

 There are 16 register/latch pins with no clock driven by root clock pin: puf_bd_i/puf_top_0/inst/array/cells[6].cell_inst/g0[6].ro/div/q_reg/Q (HIGH)

 There are 16 register/latch pins with no clock driven by root clock pin: puf_bd_i/puf_top_0/inst/array/cells[6].cell_inst/g0[7].ro/div/q_reg/Q (HIGH)

 There are 16 register/latch pins with no clock driven by root clock pin: puf_bd_i/puf_top_0/inst/array/cells[6].cell_inst/g0[8].ro/div/q_reg/Q (HIGH)

 There are 16 register/latch pins with no clock driven by root clock pin: puf_bd_i/puf_top_0/inst/array/cells[6].cell_inst/g0[9].ro/div/q_reg/Q (HIGH)

 There are 16 register/latch pins with no clock driven by root clock pin: puf_bd_i/puf_top_0/inst/array/cells[6].cell_inst/g1[0].ro/div/q_reg/Q (HIGH)

 There are 16 register/latch pins with no clock driven by root clock pin: puf_bd_i/puf_top_0/inst/array/cells[6].cell_inst/g1[10].ro/div/q_reg/Q (HIGH)

 There are 16 register/latch pins with no clock driven by root clock pin: puf_bd_i/puf_top_0/inst/array/cells[6].cell_inst/g1[11].ro/div/q_reg/Q (HIGH)

 There are 16 register/latch pins with no clock driven by root clock pin: puf_bd_i/puf_top_0/inst/array/cells[6].cell_inst/g1[12].ro/div/q_reg/Q (HIGH)

 There are 16 register/latch pins with no clock driven by root clock pin: puf_bd_i/puf_top_0/inst/array/cells[6].cell_inst/g1[13].ro/div/q_reg/Q (HIGH)

 There are 16 register/latch pins with no clock driven by root clock pin: puf_bd_i/puf_top_0/inst/array/cells[6].cell_inst/g1[14].ro/div/q_reg/Q (HIGH)

 There are 16 register/latch pins with no clock driven by root clock pin: puf_bd_i/puf_top_0/inst/array/cells[6].cell_inst/g1[15].ro/div/q_reg/Q (HIGH)

 There are 16 register/latch pins with no clock driven by root clock pin: puf_bd_i/puf_top_0/inst/array/cells[6].cell_inst/g1[1].ro/div/q_reg/Q (HIGH)

 There are 16 register/latch pins with no clock driven by root clock pin: puf_bd_i/puf_top_0/inst/array/cells[6].cell_inst/g1[2].ro/div/q_reg/Q (HIGH)

 There are 16 register/latch pins with no clock driven by root clock pin: puf_bd_i/puf_top_0/inst/array/cells[6].cell_inst/g1[3].ro/div/q_reg/Q (HIGH)

 There are 16 register/latch pins with no clock driven by root clock pin: puf_bd_i/puf_top_0/inst/array/cells[6].cell_inst/g1[4].ro/div/q_reg/Q (HIGH)

 There are 16 register/latch pins with no clock driven by root clock pin: puf_bd_i/puf_top_0/inst/array/cells[6].cell_inst/g1[5].ro/div/q_reg/Q (HIGH)

 There are 16 register/latch pins with no clock driven by root clock pin: puf_bd_i/puf_top_0/inst/array/cells[6].cell_inst/g1[6].ro/div/q_reg/Q (HIGH)

 There are 16 register/latch pins with no clock driven by root clock pin: puf_bd_i/puf_top_0/inst/array/cells[6].cell_inst/g1[7].ro/div/q_reg/Q (HIGH)

 There are 16 register/latch pins with no clock driven by root clock pin: puf_bd_i/puf_top_0/inst/array/cells[6].cell_inst/g1[8].ro/div/q_reg/Q (HIGH)

 There are 16 register/latch pins with no clock driven by root clock pin: puf_bd_i/puf_top_0/inst/array/cells[6].cell_inst/g1[9].ro/div/q_reg/Q (HIGH)

 There are 16 register/latch pins with no clock driven by root clock pin: puf_bd_i/puf_top_0/inst/array/cells[7].cell_inst/g0[0].ro/div/q_reg/Q (HIGH)

 There are 16 register/latch pins with no clock driven by root clock pin: puf_bd_i/puf_top_0/inst/array/cells[7].cell_inst/g0[10].ro/div/q_reg/Q (HIGH)

 There are 16 register/latch pins with no clock driven by root clock pin: puf_bd_i/puf_top_0/inst/array/cells[7].cell_inst/g0[11].ro/div/q_reg/Q (HIGH)

 There are 16 register/latch pins with no clock driven by root clock pin: puf_bd_i/puf_top_0/inst/array/cells[7].cell_inst/g0[12].ro/div/q_reg/Q (HIGH)

 There are 16 register/latch pins with no clock driven by root clock pin: puf_bd_i/puf_top_0/inst/array/cells[7].cell_inst/g0[13].ro/div/q_reg/Q (HIGH)

 There are 16 register/latch pins with no clock driven by root clock pin: puf_bd_i/puf_top_0/inst/array/cells[7].cell_inst/g0[14].ro/div/q_reg/Q (HIGH)

 There are 16 register/latch pins with no clock driven by root clock pin: puf_bd_i/puf_top_0/inst/array/cells[7].cell_inst/g0[15].ro/div/q_reg/Q (HIGH)

 There are 16 register/latch pins with no clock driven by root clock pin: puf_bd_i/puf_top_0/inst/array/cells[7].cell_inst/g0[1].ro/div/q_reg/Q (HIGH)

 There are 16 register/latch pins with no clock driven by root clock pin: puf_bd_i/puf_top_0/inst/array/cells[7].cell_inst/g0[2].ro/div/q_reg/Q (HIGH)

 There are 16 register/latch pins with no clock driven by root clock pin: puf_bd_i/puf_top_0/inst/array/cells[7].cell_inst/g0[3].ro/div/q_reg/Q (HIGH)

 There are 16 register/latch pins with no clock driven by root clock pin: puf_bd_i/puf_top_0/inst/array/cells[7].cell_inst/g0[4].ro/div/q_reg/Q (HIGH)

 There are 16 register/latch pins with no clock driven by root clock pin: puf_bd_i/puf_top_0/inst/array/cells[7].cell_inst/g0[5].ro/div/q_reg/Q (HIGH)

 There are 16 register/latch pins with no clock driven by root clock pin: puf_bd_i/puf_top_0/inst/array/cells[7].cell_inst/g0[6].ro/div/q_reg/Q (HIGH)

 There are 16 register/latch pins with no clock driven by root clock pin: puf_bd_i/puf_top_0/inst/array/cells[7].cell_inst/g0[7].ro/div/q_reg/Q (HIGH)

 There are 16 register/latch pins with no clock driven by root clock pin: puf_bd_i/puf_top_0/inst/array/cells[7].cell_inst/g0[8].ro/div/q_reg/Q (HIGH)

 There are 16 register/latch pins with no clock driven by root clock pin: puf_bd_i/puf_top_0/inst/array/cells[7].cell_inst/g0[9].ro/div/q_reg/Q (HIGH)

 There are 16 register/latch pins with no clock driven by root clock pin: puf_bd_i/puf_top_0/inst/array/cells[7].cell_inst/g1[0].ro/div/q_reg/Q (HIGH)

 There are 16 register/latch pins with no clock driven by root clock pin: puf_bd_i/puf_top_0/inst/array/cells[7].cell_inst/g1[10].ro/div/q_reg/Q (HIGH)

 There are 16 register/latch pins with no clock driven by root clock pin: puf_bd_i/puf_top_0/inst/array/cells[7].cell_inst/g1[11].ro/div/q_reg/Q (HIGH)

 There are 16 register/latch pins with no clock driven by root clock pin: puf_bd_i/puf_top_0/inst/array/cells[7].cell_inst/g1[12].ro/div/q_reg/Q (HIGH)

 There are 16 register/latch pins with no clock driven by root clock pin: puf_bd_i/puf_top_0/inst/array/cells[7].cell_inst/g1[13].ro/div/q_reg/Q (HIGH)

 There are 16 register/latch pins with no clock driven by root clock pin: puf_bd_i/puf_top_0/inst/array/cells[7].cell_inst/g1[14].ro/div/q_reg/Q (HIGH)

 There are 16 register/latch pins with no clock driven by root clock pin: puf_bd_i/puf_top_0/inst/array/cells[7].cell_inst/g1[15].ro/div/q_reg/Q (HIGH)

 There are 16 register/latch pins with no clock driven by root clock pin: puf_bd_i/puf_top_0/inst/array/cells[7].cell_inst/g1[1].ro/div/q_reg/Q (HIGH)

 There are 16 register/latch pins with no clock driven by root clock pin: puf_bd_i/puf_top_0/inst/array/cells[7].cell_inst/g1[2].ro/div/q_reg/Q (HIGH)

 There are 16 register/latch pins with no clock driven by root clock pin: puf_bd_i/puf_top_0/inst/array/cells[7].cell_inst/g1[3].ro/div/q_reg/Q (HIGH)

 There are 16 register/latch pins with no clock driven by root clock pin: puf_bd_i/puf_top_0/inst/array/cells[7].cell_inst/g1[4].ro/div/q_reg/Q (HIGH)

 There are 16 register/latch pins with no clock driven by root clock pin: puf_bd_i/puf_top_0/inst/array/cells[7].cell_inst/g1[5].ro/div/q_reg/Q (HIGH)

 There are 16 register/latch pins with no clock driven by root clock pin: puf_bd_i/puf_top_0/inst/array/cells[7].cell_inst/g1[6].ro/div/q_reg/Q (HIGH)

 There are 16 register/latch pins with no clock driven by root clock pin: puf_bd_i/puf_top_0/inst/array/cells[7].cell_inst/g1[7].ro/div/q_reg/Q (HIGH)

 There are 16 register/latch pins with no clock driven by root clock pin: puf_bd_i/puf_top_0/inst/array/cells[7].cell_inst/g1[8].ro/div/q_reg/Q (HIGH)

 There are 16 register/latch pins with no clock driven by root clock pin: puf_bd_i/puf_top_0/inst/array/cells[7].cell_inst/g1[9].ro/div/q_reg/Q (HIGH)


2. checking constant_clock (0)
------------------------------
 There are 0 register/latch pins with constant_clock.


3. checking pulse_width_clock (0)
---------------------------------
 There are 0 register/latch pins which need pulse_width check


4. checking unconstrained_internal_endpoints (1024)
---------------------------------------------------
 There are 1024 pins that are not constrained for maximum delay. (HIGH)

 There are 0 pins that are not constrained for maximum delay due to constant clock.


5. checking no_input_delay (0)
------------------------------
 There are 0 input ports with no input delay specified.

 There are 0 input ports with no input delay but user has a false path constraint.


6. checking no_output_delay (0)
-------------------------------
 There are 0 ports with no output delay specified.

 There are 0 ports with no output delay but user has a false path constraint

 There are 0 ports with no output delay but with a timing clock defined on it or propagating through it


7. checking multiple_clock (0)
------------------------------
 There are 0 register/latch pins with multiple clocks.


8. checking generated_clocks (0)
--------------------------------
 There are 0 generated clocks that are not connected to a clock source.


9. checking loops (256)
-----------------------
 There are 256 combinational loops in the design. (HIGH)


10. checking partial_input_delay (0)
------------------------------------
 There are 0 input ports with partial input delay specified.


11. checking partial_output_delay (0)
-------------------------------------
 There are 0 ports with partial output delay specified.


12. checking latch_loops (0)
----------------------------
 There are 0 combinational latch loops in the design through latch input



------------------------------------------------------------------------------------------------
| Design Timing Summary
| ---------------------
------------------------------------------------------------------------------------------------

    WNS(ns)      TNS(ns)  TNS Failing Endpoints  TNS Total Endpoints      WHS(ns)      THS(ns)  THS Failing Endpoints  THS Total Endpoints     WPWS(ns)     TPWS(ns)  TPWS Failing Endpoints  TPWS Total Endpoints  
    -------      -------  ---------------------  -------------------      -------      -------  ---------------------  -------------------     --------     --------  ----------------------  --------------------  
     11.122        0.000                      0                 2033        0.076        0.000                      0                 2033        9.020        0.000                       0                  1424  


All user specified timing constraints are met.


------------------------------------------------------------------------------------------------
| Clock Summary
| -------------
------------------------------------------------------------------------------------------------

Clock       Waveform(ns)       Period(ns)      Frequency(MHz)
-----       ------------       ----------      --------------
clk_fpga_0  {0.000 10.000}     20.000          50.000          


------------------------------------------------------------------------------------------------
| Intra Clock Table
| -----------------
------------------------------------------------------------------------------------------------

Clock             WNS(ns)      TNS(ns)  TNS Failing Endpoints  TNS Total Endpoints      WHS(ns)      THS(ns)  THS Failing Endpoints  THS Total Endpoints     WPWS(ns)     TPWS(ns)  TPWS Failing Endpoints  TPWS Total Endpoints  
-----             -------      -------  ---------------------  -------------------      -------      -------  ---------------------  -------------------     --------     --------  ----------------------  --------------------  
clk_fpga_0         11.122        0.000                      0                 2014        0.076        0.000                      0                 2014        9.020        0.000                       0                  1424  


------------------------------------------------------------------------------------------------
| Inter Clock Table
| -----------------
------------------------------------------------------------------------------------------------

From Clock    To Clock          WNS(ns)      TNS(ns)  TNS Failing Endpoints  TNS Total Endpoints      WHS(ns)      THS(ns)  THS Failing Endpoints  THS Total Endpoints  
----------    --------          -------      -------  ---------------------  -------------------      -------      -------  ---------------------  -------------------  


------------------------------------------------------------------------------------------------
| Other Path Groups Table
| -----------------------
------------------------------------------------------------------------------------------------

Path Group         From Clock         To Clock               WNS(ns)      TNS(ns)  TNS Failing Endpoints  TNS Total Endpoints      WHS(ns)      THS(ns)  THS Failing Endpoints  THS Total Endpoints  
----------         ----------         --------               -------      -------  ---------------------  -------------------      -------      -------  ---------------------  -------------------  
**async_default**  clk_fpga_0         clk_fpga_0              14.131        0.000                      0                   19        0.855        0.000                      0                   19  


------------------------------------------------------------------------------------------------
| User Ignored Path Table
| -----------------------
------------------------------------------------------------------------------------------------

Path Group    From Clock    To Clock    
----------    ----------    --------    
(none)                      clk_fpga_0    
(none)        clk_fpga_0    clk_fpga_0    


------------------------------------------------------------------------------------------------
| Unconstrained Path Table
| ------------------------
------------------------------------------------------------------------------------------------

Path Group    From Clock    To Clock    
----------    ----------    --------    
(none)                                    
(none)        clk_fpga_0                  
(none)                      clk_fpga_0    


------------------------------------------------------------------------------------------------
| Timing Details
| --------------
------------------------------------------------------------------------------------------------


---------------------------------------------------------------------------------------------------
From Clock:  clk_fpga_0
  To Clock:  clk_fpga_0

Setup :            0  Failing Endpoints,  Worst Slack       11.122ns,  Total Violation        0.000ns
Hold  :            0  Failing Endpoints,  Worst Slack        0.076ns,  Total Violation        0.000ns
PW    :            0  Failing Endpoints,  Worst Slack        9.020ns,  Total Violation        0.000ns
---------------------------------------------------------------------------------------------------


Max Delay Paths
--------------------------------------------------------------------------------------
Slack (MET) :             11.122ns  (required time - arrival time)
  Source:                 <hidden>
                            (rising edge-triggered cell FDRE clocked by clk_fpga_0  {rise@0.000ns fall@10.000ns period=20.000ns})
  Destination:            <hidden>
                            (rising edge-triggered cell FDRE clocked by clk_fpga_0  {rise@0.000ns fall@10.000ns period=20.000ns})
  Path Group:             clk_fpga_0
  Path Type:              Setup (Max at Slow Process Corner)
  Requirement:            20.000ns  (clk_fpga_0 rise@20.000ns - clk_fpga_0 rise@0.000ns)
  Data Path Delay:        8.547ns  (logic 2.730ns (31.942%)  route 5.817ns (68.058%))
  Logic Levels:           9  (CARRY4=2 LUT2=2 LUT4=3 LUT5=1 LUT6=1)
  Clock Path Skew:        -0.106ns (DCD - SCD + CPR)
    Destination Clock Delay (DCD):    2.659ns = ( 22.659 - 20.000 ) 
    Source Clock Delay      (SCD):    2.994ns
    Clock Pessimism Removal (CPR):    0.229ns
  Clock Uncertainty:      0.302ns  ((TSJ^2 + TIJ^2)^1/2 + DJ) / 2 + PE
    Total System Jitter     (TSJ):    0.071ns
    Total Input Jitter      (TIJ):    0.600ns
    Discrete Jitter          (DJ):    0.000ns
    Phase Error              (PE):    0.000ns

    Location             Delay type                Incr(ns)  Path(ns)    Netlist Resource(s)
  -------------------------------------------------------------------    -------------------
                         (clock clk_fpga_0 rise edge)
                                                      0.000     0.000 r  
    PS7_X0Y0             PS7                          0.000     0.000 r  puf_bd_i/processing_system7_0/inst/PS7_i/FCLKCLK[0]
                         net (fo=1, routed)           1.193     1.193    puf_bd_i/processing_system7_0/inst/FCLK_CLK_unbuffered[0]
    BUFGCTRL_X0Y16       BUFG (Prop_bufg_I_O)         0.101     1.294 r  puf_bd_i/processing_system7_0/inst/buffer_fclk_clk_0.FCLK_CLK_0_BUFG/O
                         net (fo=1424, routed)        1.700     2.994    <hidden>
    SLICE_X29Y99         FDRE                                         r  <hidden>
  -------------------------------------------------------------------    -------------------
    SLICE_X29Y99         FDRE (Prop_fdre_C_Q)         0.419     3.413 f  <hidden>
                         net (fo=21, routed)          1.296     4.709    <hidden>
    SLICE_X32Y98         LUT2 (Prop_lut2_I1_O)        0.325     5.034 f  <hidden>
                         net (fo=2, routed)           1.053     6.087    <hidden>
    SLICE_X29Y98         LUT4 (Prop_lut4_I0_O)        0.328     6.415 r  <hidden>
                         net (fo=3, routed)           0.577     6.991    <hidden>
    SLICE_X30Y100        LUT2 (Prop_lut2_I0_O)        0.124     7.115 r  <hidden>
                         net (fo=1, routed)           0.000     7.115    <hidden>
    SLICE_X30Y100        CARRY4 (Prop_carry4_S[1]_CO[3])
                                                      0.533     7.648 r  <hidden>
                         net (fo=1, routed)           0.000     7.648    <hidden>
    SLICE_X30Y101        CARRY4 (Prop_carry4_CI_O[1])
                                                      0.323     7.971 r  <hidden>
                         net (fo=1, routed)           0.499     8.470    <hidden>
    SLICE_X31Y101        LUT4 (Prop_lut4_I3_O)        0.306     8.776 f  <hidden>
                         net (fo=1, routed)           0.945     9.721    <hidden>
    SLICE_X29Y99         LUT6 (Prop_lut6_I1_O)        0.124     9.845 f  <hidden>
                         net (fo=1, routed)           0.707    10.551    <hidden>
    SLICE_X28Y99         LUT4 (Prop_lut4_I3_O)        0.124    10.675 r  <hidden>
                         net (fo=12, routed)          0.742    11.417    <hidden>
    SLICE_X32Y97         LUT5 (Prop_lut5_I1_O)        0.124    11.541 r  <hidden>
                         net (fo=1, routed)           0.000    11.541    <hidden>
    SLICE_X32Y97         FDRE                                         r  <hidden>
  -------------------------------------------------------------------    -------------------

                         (clock clk_fpga_0 rise edge)
                                                     20.000    20.000 r  
    PS7_X0Y0             PS7                          0.000    20.000 r  puf_bd_i/processing_system7_0/inst/PS7_i/FCLKCLK[0]
                         net (fo=1, routed)           1.088    21.088    puf_bd_i/processing_system7_0/inst/FCLK_CLK_unbuffered[0]
    BUFGCTRL_X0Y16       BUFG (Prop_bufg_I_O)         0.091    21.179 r  puf_bd_i/processing_system7_0/inst/buffer_fclk_clk_0.FCLK_CLK_0_BUFG/O
                         net (fo=1424, routed)        1.480    22.659    <hidden>
    SLICE_X32Y97         FDRE                                         r  <hidden>
                         clock pessimism              0.229    22.888    
                         clock uncertainty           -0.302    22.586    
    SLICE_X32Y97         FDRE (Setup_fdre_C_D)        0.077    22.663    <hidden>
  -------------------------------------------------------------------
                         required time                         22.663    
                         arrival time                         -11.541    
  -------------------------------------------------------------------
                         slack                                 11.122    

Slack (MET) :             11.128ns  (required time - arrival time)
  Source:                 <hidden>
                            (rising edge-triggered cell FDRE clocked by clk_fpga_0  {rise@0.000ns fall@10.000ns period=20.000ns})
  Destination:            <hidden>
                            (rising edge-triggered cell FDRE clocked by clk_fpga_0  {rise@0.000ns fall@10.000ns period=20.000ns})
  Path Group:             clk_fpga_0
  Path Type:              Setup (Max at Slow Process Corner)
  Requirement:            20.000ns  (clk_fpga_0 rise@20.000ns - clk_fpga_0 rise@0.000ns)
  Data Path Delay:        8.543ns  (logic 2.730ns (31.957%)  route 5.813ns (68.043%))
  Logic Levels:           9  (CARRY4=2 LUT2=2 LUT4=3 LUT5=1 LUT6=1)
  Clock Path Skew:        -0.106ns (DCD - SCD + CPR)
    Destination Clock Delay (DCD):    2.659ns = ( 22.659 - 20.000 ) 
    Source Clock Delay      (SCD):    2.994ns
    Clock Pessimism Removal (CPR):    0.229ns
  Clock Uncertainty:      0.302ns  ((TSJ^2 + TIJ^2)^1/2 + DJ) / 2 + PE
    Total System Jitter     (TSJ):    0.071ns
    Total Input Jitter      (TIJ):    0.600ns
    Discrete Jitter          (DJ):    0.000ns
    Phase Error              (PE):    0.000ns

    Location             Delay type                Incr(ns)  Path(ns)    Netlist Resource(s)
  -------------------------------------------------------------------    -------------------
                         (clock clk_fpga_0 rise edge)
                                                      0.000     0.000 r  
    PS7_X0Y0             PS7                          0.000     0.000 r  puf_bd_i/processing_system7_0/inst/PS7_i/FCLKCLK[0]
                         net (fo=1, routed)           1.193     1.193    puf_bd_i/processing_system7_0/inst/FCLK_CLK_unbuffered[0]
    BUFGCTRL_X0Y16       BUFG (Prop_bufg_I_O)         0.101     1.294 r  puf_bd_i/processing_system7_0/inst/buffer_fclk_clk_0.FCLK_CLK_0_BUFG/O
                         net (fo=1424, routed)        1.700     2.994    <hidden>
    SLICE_X29Y99         FDRE                                         r  <hidden>
  -------------------------------------------------------------------    -------------------
    SLICE_X29Y99         FDRE (Prop_fdre_C_Q)         0.419     3.413 f  <hidden>
                         net (fo=21, routed)          1.296     4.709    <hidden>
    SLICE_X32Y98         LUT2 (Prop_lut2_I1_O)        0.325     5.034 f  <hidden>
                         net (fo=2, routed)           1.053     6.087    <hidden>
    SLICE_X29Y98         LUT4 (Prop_lut4_I0_O)        0.328     6.415 r  <hidden>
                         net (fo=3, routed)           0.577     6.991    <hidden>
    SLICE_X30Y100        LUT2 (Prop_lut2_I0_O)        0.124     7.115 r  <hidden>
                         net (fo=1, routed)           0.000     7.115    <hidden>
    SLICE_X30Y100        CARRY4 (Prop_carry4_S[1]_CO[3])
                                                      0.533     7.648 r  <hidden>
                         net (fo=1, routed)           0.000     7.648    <hidden>
    SLICE_X30Y101        CARRY4 (Prop_carry4_CI_O[1])
                                                      0.323     7.971 r  <hidden>
                         net (fo=1, routed)           0.499     8.470    <hidden>
    SLICE_X31Y101        LUT4 (Prop_lut4_I3_O)        0.306     8.776 f  <hidden>
                         net (fo=1, routed)           0.945     9.721    <hidden>
    SLICE_X29Y99         LUT6 (Prop_lut6_I1_O)        0.124     9.845 f  <hidden>
                         net (fo=1, routed)           0.707    10.551    <hidden>
    SLICE_X28Y99         LUT4 (Prop_lut4_I3_O)        0.124    10.675 r  <hidden>
                         net (fo=12, routed)          0.738    11.413    <hidden>
    SLICE_X32Y97         LUT5 (Prop_lut5_I1_O)        0.124    11.537 r  <hidden>
                         net (fo=1, routed)           0.000    11.537    <hidden>
    SLICE_X32Y97         FDRE                                         r  <hidden>
  -------------------------------------------------------------------    -------------------

                         (clock clk_fpga_0 rise edge)
                                                     20.000    20.000 r  
    PS7_X0Y0             PS7                          0.000    20.000 r  puf_bd_i/processing_system7_0/inst/PS7_i/FCLKCLK[0]
                         net (fo=1, routed)           1.088    21.088    puf_bd_i/processing_system7_0/inst/FCLK_CLK_unbuffered[0]
    BUFGCTRL_X0Y16       BUFG (Prop_bufg_I_O)         0.091    21.179 r  puf_bd_i/processing_system7_0/inst/buffer_fclk_clk_0.FCLK_CLK_0_BUFG/O
                         net (fo=1424, routed)        1.480    22.659    <hidden>
    SLICE_X32Y97         FDRE                                         r  <hidden>
                         clock pessimism              0.229    22.888    
                         clock uncertainty           -0.302    22.586    
    SLICE_X32Y97         FDRE (Setup_fdre_C_D)        0.079    22.665    <hidden>
  -------------------------------------------------------------------
                         required time                         22.665    
                         arrival time                         -11.537    
  -------------------------------------------------------------------
                         slack                                 11.128    

Slack (MET) :             11.129ns  (required time - arrival time)
  Source:                 <hidden>
                            (rising edge-triggered cell FDRE clocked by clk_fpga_0  {rise@0.000ns fall@10.000ns period=20.000ns})
  Destination:            <hidden>
                            (rising edge-triggered cell FDRE clocked by clk_fpga_0  {rise@0.000ns fall@10.000ns period=20.000ns})
  Path Group:             clk_fpga_0
  Path Type:              Setup (Max at Slow Process Corner)
  Requirement:            20.000ns  (clk_fpga_0 rise@20.000ns - clk_fpga_0 rise@0.000ns)
  Data Path Delay:        8.544ns  (logic 2.730ns (31.953%)  route 5.814ns (68.047%))
  Logic Levels:           9  (CARRY4=2 LUT2=2 LUT4=3 LUT5=1 LUT6=1)
  Clock Path Skew:        -0.106ns (DCD - SCD + CPR)
    Destination Clock Delay (DCD):    2.659ns = ( 22.659 - 20.000 ) 
    Source Clock Delay      (SCD):    2.994ns
    Clock Pessimism Removal (CPR):    0.229ns
  Clock Uncertainty:      0.302ns  ((TSJ^2 + TIJ^2)^1/2 + DJ) / 2 + PE
    Total System Jitter     (TSJ):    0.071ns
    Total Input Jitter      (TIJ):    0.600ns
    Discrete Jitter          (DJ):    0.000ns
    Phase Error              (PE):    0.000ns

    Location             Delay type                Incr(ns)  Path(ns)    Netlist Resource(s)
  -------------------------------------------------------------------    -------------------
                         (clock clk_fpga_0 rise edge)
                                                      0.000     0.000 r  
    PS7_X0Y0             PS7                          0.000     0.000 r  puf_bd_i/processing_system7_0/inst/PS7_i/FCLKCLK[0]
                         net (fo=1, routed)           1.193     1.193    puf_bd_i/processing_system7_0/inst/FCLK_CLK_unbuffered[0]
    BUFGCTRL_X0Y16       BUFG (Prop_bufg_I_O)         0.101     1.294 r  puf_bd_i/processing_system7_0/inst/buffer_fclk_clk_0.FCLK_CLK_0_BUFG/O
                         net (fo=1424, routed)        1.700     2.994    <hidden>
    SLICE_X29Y99         FDRE                                         r  <hidden>
  -------------------------------------------------------------------    -------------------
    SLICE_X29Y99         FDRE (Prop_fdre_C_Q)         0.419     3.413 f  <hidden>
                         net (fo=21, routed)          1.296     4.709    <hidden>
    SLICE_X32Y98         LUT2 (Prop_lut2_I1_O)        0.325     5.034 f  <hidden>
                         net (fo=2, routed)           1.053     6.087    <hidden>
    SLICE_X29Y98         LUT4 (Prop_lut4_I0_O)        0.328     6.415 r  <hidden>
                         net (fo=3, routed)           0.577     6.991    <hidden>
    SLICE_X30Y100        LUT2 (Prop_lut2_I0_O)        0.124     7.115 r  <hidden>
                         net (fo=1, routed)           0.000     7.115    <hidden>
    SLICE_X30Y100        CARRY4 (Prop_carry4_S[1]_CO[3])
                                                      0.533     7.648 r  <hidden>
                         net (fo=1, routed)           0.000     7.648    <hidden>
    SLICE_X30Y101        CARRY4 (Prop_carry4_CI_O[1])
                                                      0.323     7.971 r  <hidden>
                         net (fo=1, routed)           0.499     8.470    <hidden>
    SLICE_X31Y101        LUT4 (Prop_lut4_I3_O)        0.306     8.776 f  <hidden>
                         net (fo=1, routed)           0.945     9.721    <hidden>
    SLICE_X29Y99         LUT6 (Prop_lut6_I1_O)        0.124     9.845 f  <hidden>
                         net (fo=1, routed)           0.707    10.551    <hidden>
    SLICE_X28Y99         LUT4 (Prop_lut4_I3_O)        0.124    10.675 r  <hidden>
                         net (fo=12, routed)          0.739    11.414    <hidden>
    SLICE_X32Y97         LUT5 (Prop_lut5_I1_O)        0.124    11.538 r  <hidden>
                         net (fo=1, routed)           0.000    11.538    <hidden>
    SLICE_X32Y97         FDRE                                         r  <hidden>
  -------------------------------------------------------------------    -------------------

                         (clock clk_fpga_0 rise edge)
                                                     20.000    20.000 r  
    PS7_X0Y0             PS7                          0.000    20.000 r  puf_bd_i/processing_system7_0/inst/PS7_i/FCLKCLK[0]
                         net (fo=1, routed)           1.088    21.088    puf_bd_i/processing_system7_0/inst/FCLK_CLK_unbuffered[0]
    BUFGCTRL_X0Y16       BUFG (Prop_bufg_I_O)         0.091    21.179 r  puf_bd_i/processing_system7_0/inst/buffer_fclk_clk_0.FCLK_CLK_0_BUFG/O
                         net (fo=1424, routed)        1.480    22.659    <hidden>
    SLICE_X32Y97         FDRE                                         r  <hidden>
                         clock pessimism              0.229    22.888    
                         clock uncertainty           -0.302    22.586    
    SLICE_X32Y97         FDRE (Setup_fdre_C_D)        0.081    22.667    <hidden>
  -------------------------------------------------------------------
                         required time                         22.667    
                         arrival time                         -11.538    
  -------------------------------------------------------------------
                         slack                                 11.129    

Slack (MET) :             11.164ns  (required time - arrival time)
  Source:                 <hidden>
                            (rising edge-triggered cell FDRE clocked by clk_fpga_0  {rise@0.000ns fall@10.000ns period=20.000ns})
  Destination:            <hidden>
                            (rising edge-triggered cell FDRE clocked by clk_fpga_0  {rise@0.000ns fall@10.000ns period=20.000ns})
  Path Group:             clk_fpga_0
  Path Type:              Setup (Max at Slow Process Corner)
  Requirement:            20.000ns  (clk_fpga_0 rise@20.000ns - clk_fpga_0 rise@0.000ns)
  Data Path Delay:        8.579ns  (logic 2.730ns (31.823%)  route 5.849ns (68.177%))
  Logic Levels:           9  (CARRY4=2 LUT2=2 LUT4=4 LUT6=1)
  Clock Path Skew:        0.014ns (DCD - SCD + CPR)
    Destination Clock Delay (DCD):    2.879ns = ( 22.879 - 20.000 ) 
    Source Clock Delay      (SCD):    2.994ns
    Clock Pessimism Removal (CPR):    0.129ns
  Clock Uncertainty:      0.302ns  ((TSJ^2 + TIJ^2)^1/2 + DJ) / 2 + PE
    Total System Jitter     (TSJ):    0.071ns
    Total Input Jitter      (TIJ):    0.600ns
    Discrete Jitter          (DJ):    0.000ns
    Phase Error              (PE):    0.000ns

    Location             Delay type                Incr(ns)  Path(ns)    Netlist Resource(s)
  -------------------------------------------------------------------    -------------------
                         (clock clk_fpga_0 rise edge)
                                                      0.000     0.000 r  
    PS7_X0Y0             PS7                          0.000     0.000 r  puf_bd_i/processing_system7_0/inst/PS7_i/FCLKCLK[0]
                         net (fo=1, routed)           1.193     1.193    puf_bd_i/processing_system7_0/inst/FCLK_CLK_unbuffered[0]
    BUFGCTRL_X0Y16       BUFG (Prop_bufg_I_O)         0.101     1.294 r  puf_bd_i/processing_system7_0/inst/buffer_fclk_clk_0.FCLK_CLK_0_BUFG/O
                         net (fo=1424, routed)        1.700     2.994    <hidden>
    SLICE_X29Y99         FDRE                                         r  <hidden>
  -------------------------------------------------------------------    -------------------
    SLICE_X29Y99         FDRE (Prop_fdre_C_Q)         0.419     3.413 f  <hidden>
                         net (fo=21, routed)          1.296     4.709    <hidden>
    SLICE_X32Y98         LUT2 (Prop_lut2_I1_O)        0.325     5.034 f  <hidden>
                         net (fo=2, routed)           1.053     6.087    <hidden>
    SLICE_X29Y98         LUT4 (Prop_lut4_I0_O)        0.328     6.415 r  <hidden>
                         net (fo=3, routed)           0.577     6.991    <hidden>
    SLICE_X30Y100        LUT2 (Prop_lut2_I0_O)        0.124     7.115 r  <hidden>
                         net (fo=1, routed)           0.000     7.115    <hidden>
    SLICE_X30Y100        CARRY4 (Prop_carry4_S[1]_CO[3])
                                                      0.533     7.648 r  <hidden>
                         net (fo=1, routed)           0.000     7.648    <hidden>
    SLICE_X30Y101        CARRY4 (Prop_carry4_CI_O[1])
                                                      0.323     7.971 r  <hidden>
                         net (fo=1, routed)           0.499     8.470    <hidden>
    SLICE_X31Y101        LUT4 (Prop_lut4_I3_O)        0.306     8.776 f  <hidden>
                         net (fo=1, routed)           0.945     9.721    <hidden>
    SLICE_X29Y99         LUT6 (Prop_lut6_I1_O)        0.124     9.845 f  <hidden>
                         net (fo=1, routed)           0.707    10.551    <hidden>
    SLICE_X28Y99         LUT4 (Prop_lut4_I3_O)        0.124    10.675 r  <hidden>
                         net (fo=12, routed)          0.773    11.449    <hidden>
    SLICE_X31Y101        LUT4 (Prop_lut4_I1_O)        0.124    11.573 r  <hidden>
                         net (fo=1, routed)           0.000    11.573    <hidden>
    SLICE_X31Y101        FDRE                                         r  <hidden>
  -------------------------------------------------------------------    -------------------

                         (clock clk_fpga_0 rise edge)
                                                     20.000    20.000 r  
    PS7_X0Y0             PS7                          0.000    20.000 r  puf_bd_i/processing_system7_0/inst/PS7_i/FCLKCLK[0]
                         net (fo=1, routed)           1.088    21.088    puf_bd_i/processing_system7_0/inst/FCLK_CLK_unbuffered[0]
    BUFGCTRL_X0Y16       BUFG (Prop_bufg_I_O)         0.091    21.179 r  puf_bd_i/processing_system7_0/inst/buffer_fclk_clk_0.FCLK_CLK_0_BUFG/O
                         net (fo=1424, routed)        1.700    22.879    <hidden>
    SLICE_X31Y101        FDRE                                         r  <hidden>
                         clock pessimism              0.129    23.008    
                         clock uncertainty           -0.302    22.706    
    SLICE_X31Y101        FDRE (Setup_fdre_C_D)        0.031    22.737    <hidden>
  -------------------------------------------------------------------
                         required time                         22.737    
                         arrival time                         -11.573    
  -------------------------------------------------------------------
                         slack                                 11.164    

Slack (MET) :             11.422ns  (required time - arrival time)
  Source:                 <hidden>
                            (rising edge-triggered cell FDRE clocked by clk_fpga_0  {rise@0.000ns fall@10.000ns period=20.000ns})
  Destination:            <hidden>
                            (rising edge-triggered cell FDRE clocked by clk_fpga_0  {rise@0.000ns fall@10.000ns period=20.000ns})
  Path Group:             clk_fpga_0
  Path Type:              Setup (Max at Slow Process Corner)
  Requirement:            20.000ns  (clk_fpga_0 rise@20.000ns - clk_fpga_0 rise@0.000ns)
  Data Path Delay:        8.280ns  (logic 2.730ns (32.970%)  route 5.550ns (67.030%))
  Logic Levels:           9  (CARRY4=2 LUT2=2 LUT4=3 LUT5=1 LUT6=1)
  Clock Path Skew:        -0.025ns (DCD - SCD + CPR)
    Destination Clock Delay (DCD):    2.705ns = ( 22.705 - 20.000 ) 
    Source Clock Delay      (SCD):    2.994ns
    Clock Pessimism Removal (CPR):    0.264ns
  Clock Uncertainty:      0.302ns  ((TSJ^2 + TIJ^2)^1/2 + DJ) / 2 + PE
    Total System Jitter     (TSJ):    0.071ns
    Total Input Jitter      (TIJ):    0.600ns
    Discrete Jitter          (DJ):    0.000ns
    Phase Error              (PE):    0.000ns

    Location             Delay type                Incr(ns)  Path(ns)    Netlist Resource(s)
  -------------------------------------------------------------------    -------------------
                         (clock clk_fpga_0 rise edge)
                                                      0.000     0.000 r  
    PS7_X0Y0             PS7                          0.000     0.000 r  puf_bd_i/processing_system7_0/inst/PS7_i/FCLKCLK[0]
                         net (fo=1, routed)           1.193     1.193    puf_bd_i/processing_system7_0/inst/FCLK_CLK_unbuffered[0]
    BUFGCTRL_X0Y16       BUFG (Prop_bufg_I_O)         0.101     1.294 r  puf_bd_i/processing_system7_0/inst/buffer_fclk_clk_0.FCLK_CLK_0_BUFG/O
                         net (fo=1424, routed)        1.700     2.994    <hidden>
    SLICE_X29Y99         FDRE                                         r  <hidden>
  -------------------------------------------------------------------    -------------------
    SLICE_X29Y99         FDRE (Prop_fdre_C_Q)         0.419     3.413 f  <hidden>
                         net (fo=21, routed)          1.296     4.709    <hidden>
    SLICE_X32Y98         LUT2 (Prop_lut2_I1_O)        0.325     5.034 f  <hidden>
                         net (fo=2, routed)           1.053     6.087    <hidden>
    SLICE_X29Y98         LUT4 (Prop_lut4_I0_O)        0.328     6.415 r  <hidden>
                         net (fo=3, routed)           0.577     6.991    <hidden>
    SLICE_X30Y100        LUT2 (Prop_lut2_I0_O)        0.124     7.115 r  <hidden>
                         net (fo=1, routed)           0.000     7.115    <hidden>
    SLICE_X30Y100        CARRY4 (Prop_carry4_S[1]_CO[3])
                                                      0.533     7.648 r  <hidden>
                         net (fo=1, routed)           0.000     7.648    <hidden>
    SLICE_X30Y101        CARRY4 (Prop_carry4_CI_O[1])
                                                      0.323     7.971 r  <hidden>
                         net (fo=1, routed)           0.499     8.470    <hidden>
    SLICE_X31Y101        LUT4 (Prop_lut4_I3_O)        0.306     8.776 f  <hidden>
                         net (fo=1, routed)           0.945     9.721    <hidden>
    SLICE_X29Y99         LUT6 (Prop_lut6_I1_O)        0.124     9.845 f  <hidden>
                         net (fo=1, routed)           0.707    10.551    <hidden>
    SLICE_X28Y99         LUT4 (Prop_lut4_I3_O)        0.124    10.675 r  <hidden>
                         net (fo=12, routed)          0.475    11.150    <hidden>
    SLICE_X28Y98         LUT5 (Prop_lut5_I1_O)        0.124    11.274 r  <hidden>
                         net (fo=1, routed)           0.000    11.274    <hidden>
    SLICE_X28Y98         FDRE                                         r  <hidden>
  -------------------------------------------------------------------    -------------------

                         (clock clk_fpga_0 rise edge)
                                                     20.000    20.000 r  
    PS7_X0Y0             PS7                          0.000    20.000 r  puf_bd_i/processing_system7_0/inst/PS7_i/FCLKCLK[0]
                         net (fo=1, routed)           1.088    21.088    puf_bd_i/processing_system7_0/inst/FCLK_CLK_unbuffered[0]
    BUFGCTRL_X0Y16       BUFG (Prop_bufg_I_O)         0.091    21.179 r  puf_bd_i/processing_system7_0/inst/buffer_fclk_clk_0.FCLK_CLK_0_BUFG/O
                         net (fo=1424, routed)        1.526    22.705    <hidden>
    SLICE_X28Y98         FDRE                                         r  <hidden>
                         clock pessimism              0.264    22.969    
                         clock uncertainty           -0.302    22.667    
    SLICE_X28Y98         FDRE (Setup_fdre_C_D)        0.029    22.696    <hidden>
  -------------------------------------------------------------------
                         required time                         22.696    
                         arrival time                         -11.274    
  -------------------------------------------------------------------
                         slack                                 11.422    

Slack (MET) :             11.438ns  (required time - arrival time)
  Source:                 <hidden>
                            (rising edge-triggered cell FDRE clocked by clk_fpga_0  {rise@0.000ns fall@10.000ns period=20.000ns})
  Destination:            <hidden>
                            (rising edge-triggered cell FDRE clocked by clk_fpga_0  {rise@0.000ns fall@10.000ns period=20.000ns})
  Path Group:             clk_fpga_0
  Path Type:              Setup (Max at Slow Process Corner)
  Requirement:            20.000ns  (clk_fpga_0 rise@20.000ns - clk_fpga_0 rise@0.000ns)
  Data Path Delay:        8.303ns  (logic 2.730ns (32.881%)  route 5.573ns (67.119%))
  Logic Levels:           9  (CARRY4=2 LUT2=2 LUT4=4 LUT6=1)
  Clock Path Skew:        0.014ns (DCD - SCD + CPR)
    Destination Clock Delay (DCD):    2.879ns = ( 22.879 - 20.000 ) 
    Source Clock Delay      (SCD):    2.994ns
    Clock Pessimism Removal (CPR):    0.129ns
  Clock Uncertainty:      0.302ns  ((TSJ^2 + TIJ^2)^1/2 + DJ) / 2 + PE
    Total System Jitter     (TSJ):    0.071ns
    Total Input Jitter      (TIJ):    0.600ns
    Discrete Jitter          (DJ):    0.000ns
    Phase Error              (PE):    0.000ns

    Location             Delay type                Incr(ns)  Path(ns)    Netlist Resource(s)
  -------------------------------------------------------------------    -------------------
                         (clock clk_fpga_0 rise edge)
                                                      0.000     0.000 r  
    PS7_X0Y0             PS7                          0.000     0.000 r  puf_bd_i/processing_system7_0/inst/PS7_i/FCLKCLK[0]
                         net (fo=1, routed)           1.193     1.193    puf_bd_i/processing_system7_0/inst/FCLK_CLK_unbuffered[0]
    BUFGCTRL_X0Y16       BUFG (Prop_bufg_I_O)         0.101     1.294 r  puf_bd_i/processing_system7_0/inst/buffer_fclk_clk_0.FCLK_CLK_0_BUFG/O
                         net (fo=1424, routed)        1.700     2.994    <hidden>
    SLICE_X29Y99         FDRE                                         r  <hidden>
  -------------------------------------------------------------------    -------------------
    SLICE_X29Y99         FDRE (Prop_fdre_C_Q)         0.419     3.413 f  <hidden>
                         net (fo=21, routed)          1.296     4.709    <hidden>
    SLICE_X32Y98         LUT2 (Prop_lut2_I1_O)        0.325     5.034 f  <hidden>
                         net (fo=2, routed)           1.053     6.087    <hidden>
    SLICE_X29Y98         LUT4 (Prop_lut4_I0_O)        0.328     6.415 r  <hidden>
                         net (fo=3, routed)           0.577     6.991    <hidden>
    SLICE_X30Y100        LUT2 (Prop_lut2_I0_O)        0.124     7.115 r  <hidden>
                         net (fo=1, routed)           0.000     7.115    <hidden>
    SLICE_X30Y100        CARRY4 (Prop_carry4_S[1]_CO[3])
                                                      0.533     7.648 r  <hidden>
                         net (fo=1, routed)           0.000     7.648    <hidden>
    SLICE_X30Y101        CARRY4 (Prop_carry4_CI_O[1])
                                                      0.323     7.971 r  <hidden>
                         net (fo=1, routed)           0.499     8.470    <hidden>
    SLICE_X31Y101        LUT4 (Prop_lut4_I3_O)        0.306     8.776 f  <hidden>
                         net (fo=1, routed)           0.945     9.721    <hidden>
    SLICE_X29Y99         LUT6 (Prop_lut6_I1_O)        0.124     9.845 f  <hidden>
                         net (fo=1, routed)           0.707    10.551    <hidden>
    SLICE_X28Y99         LUT4 (Prop_lut4_I3_O)        0.124    10.675 r  <hidden>
                         net (fo=12, routed)          0.497    11.173    <hidden>
    SLICE_X31Y101        LUT4 (Prop_lut4_I0_O)        0.124    11.297 r  <hidden>
                         net (fo=1, routed)           0.000    11.297    <hidden>
    SLICE_X31Y101        FDRE                                         r  <hidden>
  -------------------------------------------------------------------    -------------------

                         (clock clk_fpga_0 rise edge)
                                                     20.000    20.000 r  
    PS7_X0Y0             PS7                          0.000    20.000 r  puf_bd_i/processing_system7_0/inst/PS7_i/FCLKCLK[0]
                         net (fo=1, routed)           1.088    21.088    puf_bd_i/processing_system7_0/inst/FCLK_CLK_unbuffered[0]
    BUFGCTRL_X0Y16       BUFG (Prop_bufg_I_O)         0.091    21.179 r  puf_bd_i/processing_system7_0/inst/buffer_fclk_clk_0.FCLK_CLK_0_BUFG/O
                         net (fo=1424, routed)        1.700    22.879    <hidden>
    SLICE_X31Y101        FDRE                                         r  <hidden>
                         clock pessimism              0.129    23.008    
                         clock uncertainty           -0.302    22.706    
    SLICE_X31Y101        FDRE (Setup_fdre_C_D)        0.029    22.735    <hidden>
  -------------------------------------------------------------------
                         required time                         22.735    
                         arrival time                         -11.297    
  -------------------------------------------------------------------
                         slack                                 11.438    

Slack (MET) :             11.443ns  (required time - arrival time)
  Source:                 <hidden>
                            (rising edge-triggered cell FDRE clocked by clk_fpga_0  {rise@0.000ns fall@10.000ns period=20.000ns})
  Destination:            <hidden>
                            (rising edge-triggered cell FDRE clocked by clk_fpga_0  {rise@0.000ns fall@10.000ns period=20.000ns})
  Path Group:             clk_fpga_0
  Path Type:              Setup (Max at Slow Process Corner)
  Requirement:            20.000ns  (clk_fpga_0 rise@20.000ns - clk_fpga_0 rise@0.000ns)
  Data Path Delay:        8.300ns  (logic 2.730ns (32.893%)  route 5.570ns (67.107%))
  Logic Levels:           9  (CARRY4=2 LUT2=2 LUT4=4 LUT6=1)
  Clock Path Skew:        0.014ns (DCD - SCD + CPR)
    Destination Clock Delay (DCD):    2.879ns = ( 22.879 - 20.000 ) 
    Source Clock Delay      (SCD):    2.994ns
    Clock Pessimism Removal (CPR):    0.129ns
  Clock Uncertainty:      0.302ns  ((TSJ^2 + TIJ^2)^1/2 + DJ) / 2 + PE
    Total System Jitter     (TSJ):    0.071ns
    Total Input Jitter      (TIJ):    0.600ns
    Discrete Jitter          (DJ):    0.000ns
    Phase Error              (PE):    0.000ns

    Location             Delay type                Incr(ns)  Path(ns)    Netlist Resource(s)
  -------------------------------------------------------------------    -------------------
                         (clock clk_fpga_0 rise edge)
                                                      0.000     0.000 r  
    PS7_X0Y0             PS7                          0.000     0.000 r  puf_bd_i/processing_system7_0/inst/PS7_i/FCLKCLK[0]
                         net (fo=1, routed)           1.193     1.193    puf_bd_i/processing_system7_0/inst/FCLK_CLK_unbuffered[0]
    BUFGCTRL_X0Y16       BUFG (Prop_bufg_I_O)         0.101     1.294 r  puf_bd_i/processing_system7_0/inst/buffer_fclk_clk_0.FCLK_CLK_0_BUFG/O
                         net (fo=1424, routed)        1.700     2.994    <hidden>
    SLICE_X29Y99         FDRE                                         r  <hidden>
  -------------------------------------------------------------------    -------------------
    SLICE_X29Y99         FDRE (Prop_fdre_C_Q)         0.419     3.413 f  <hidden>
                         net (fo=21, routed)          1.296     4.709    <hidden>
    SLICE_X32Y98         LUT2 (Prop_lut2_I1_O)        0.325     5.034 f  <hidden>
                         net (fo=2, routed)           1.053     6.087    <hidden>
    SLICE_X29Y98         LUT4 (Prop_lut4_I0_O)        0.328     6.415 r  <hidden>
                         net (fo=3, routed)           0.577     6.991    <hidden>
    SLICE_X30Y100        LUT2 (Prop_lut2_I0_O)        0.124     7.115 r  <hidden>
                         net (fo=1, routed)           0.000     7.115    <hidden>
    SLICE_X30Y100        CARRY4 (Prop_carry4_S[1]_CO[3])
                                                      0.533     7.648 r  <hidden>
                         net (fo=1, routed)           0.000     7.648    <hidden>
    SLICE_X30Y101        CARRY4 (Prop_carry4_CI_O[1])
                                                      0.323     7.971 r  <hidden>
                         net (fo=1, routed)           0.499     8.470    <hidden>
    SLICE_X31Y101        LUT4 (Prop_lut4_I3_O)        0.306     8.776 f  <hidden>
                         net (fo=1, routed)           0.945     9.721    <hidden>
    SLICE_X29Y99         LUT6 (Prop_lut6_I1_O)        0.124     9.845 f  <hidden>
                         net (fo=1, routed)           0.707    10.551    <hidden>
    SLICE_X28Y99         LUT4 (Prop_lut4_I3_O)        0.124    10.675 r  <hidden>
                         net (fo=12, routed)          0.494    11.170    <hidden>
    SLICE_X31Y101        LUT4 (Prop_lut4_I1_O)        0.124    11.294 r  <hidden>
                         net (fo=1, routed)           0.000    11.294    <hidden>
    SLICE_X31Y101        FDRE                                         r  <hidden>
  -------------------------------------------------------------------    -------------------

                         (clock clk_fpga_0 rise edge)
                                                     20.000    20.000 r  
    PS7_X0Y0             PS7                          0.000    20.000 r  puf_bd_i/processing_system7_0/inst/PS7_i/FCLKCLK[0]
                         net (fo=1, routed)           1.088    21.088    puf_bd_i/processing_system7_0/inst/FCLK_CLK_unbuffered[0]
    BUFGCTRL_X0Y16       BUFG (Prop_bufg_I_O)         0.091    21.179 r  puf_bd_i/processing_system7_0/inst/buffer_fclk_clk_0.FCLK_CLK_0_BUFG/O
                         net (fo=1424, routed)        1.700    22.879    <hidden>
    SLICE_X31Y101        FDRE                                         r  <hidden>
                         clock pessimism              0.129    23.008    
                         clock uncertainty           -0.302    22.706    
    SLICE_X31Y101        FDRE (Setup_fdre_C_D)        0.031    22.737    <hidden>
  -------------------------------------------------------------------
                         required time                         22.737    
                         arrival time                         -11.294    
  -------------------------------------------------------------------
                         slack                                 11.443    

Slack (MET) :             11.449ns  (required time - arrival time)
  Source:                 <hidden>
                            (rising edge-triggered cell FDRE clocked by clk_fpga_0  {rise@0.000ns fall@10.000ns period=20.000ns})
  Destination:            <hidden>
                            (rising edge-triggered cell FDRE clocked by clk_fpga_0  {rise@0.000ns fall@10.000ns period=20.000ns})
  Path Group:             clk_fpga_0
  Path Type:              Setup (Max at Slow Process Corner)
  Requirement:            20.000ns  (clk_fpga_0 rise@20.000ns - clk_fpga_0 rise@0.000ns)
  Data Path Delay:        8.301ns  (logic 2.730ns (32.887%)  route 5.571ns (67.113%))
  Logic Levels:           9  (CARRY4=2 LUT2=2 LUT4=3 LUT5=1 LUT6=1)
  Clock Path Skew:        -0.025ns (DCD - SCD + CPR)
    Destination Clock Delay (DCD):    2.705ns = ( 22.705 - 20.000 ) 
    Source Clock Delay      (SCD):    2.994ns
    Clock Pessimism Removal (CPR):    0.264ns
  Clock Uncertainty:      0.302ns  ((TSJ^2 + TIJ^2)^1/2 + DJ) / 2 + PE
    Total System Jitter     (TSJ):    0.071ns
    Total Input Jitter      (TIJ):    0.600ns
    Discrete Jitter          (DJ):    0.000ns
    Phase Error              (PE):    0.000ns

    Location             Delay type                Incr(ns)  Path(ns)    Netlist Resource(s)
  -------------------------------------------------------------------    -------------------
                         (clock clk_fpga_0 rise edge)
                                                      0.000     0.000 r  
    PS7_X0Y0             PS7                          0.000     0.000 r  puf_bd_i/processing_system7_0/inst/PS7_i/FCLKCLK[0]
                         net (fo=1, routed)           1.193     1.193    puf_bd_i/processing_system7_0/inst/FCLK_CLK_unbuffered[0]
    BUFGCTRL_X0Y16       BUFG (Prop_bufg_I_O)         0.101     1.294 r  puf_bd_i/processing_system7_0/inst/buffer_fclk_clk_0.FCLK_CLK_0_BUFG/O
                         net (fo=1424, routed)        1.700     2.994    <hidden>
    SLICE_X29Y99         FDRE                                         r  <hidden>
  -------------------------------------------------------------------    -------------------
    SLICE_X29Y99         FDRE (Prop_fdre_C_Q)         0.419     3.413 f  <hidden>
                         net (fo=21, routed)          1.296     4.709    <hidden>
    SLICE_X32Y98         LUT2 (Prop_lut2_I1_O)        0.325     5.034 f  <hidden>
                         net (fo=2, routed)           1.053     6.087    <hidden>
    SLICE_X29Y98         LUT4 (Prop_lut4_I0_O)        0.328     6.415 r  <hidden>
                         net (fo=3, routed)           0.577     6.991    <hidden>
    SLICE_X30Y100        LUT2 (Prop_lut2_I0_O)        0.124     7.115 r  <hidden>
                         net (fo=1, routed)           0.000     7.115    <hidden>
    SLICE_X30Y100        CARRY4 (Prop_carry4_S[1]_CO[3])
                                                      0.533     7.648 r  <hidden>
                         net (fo=1, routed)           0.000     7.648    <hidden>
    SLICE_X30Y101        CARRY4 (Prop_carry4_CI_O[1])
                                                      0.323     7.971 r  <hidden>
                         net (fo=1, routed)           0.499     8.470    <hidden>
    SLICE_X31Y101        LUT4 (Prop_lut4_I3_O)        0.306     8.776 f  <hidden>
                         net (fo=1, routed)           0.945     9.721    <hidden>
    SLICE_X29Y99         LUT6 (Prop_lut6_I1_O)        0.124     9.845 f  <hidden>
                         net (fo=1, routed)           0.707    10.551    <hidden>
    SLICE_X28Y99         LUT4 (Prop_lut4_I3_O)        0.124    10.675 r  <hidden>
                         net (fo=12, routed)          0.496    11.171    <hidden>
    SLICE_X30Y98         LUT5 (Prop_lut5_I1_O)        0.124    11.295 r  <hidden>
                         net (fo=1, routed)           0.000    11.295    <hidden>
    SLICE_X30Y98         FDRE                                         r  <hidden>
  -------------------------------------------------------------------    -------------------

                         (clock clk_fpga_0 rise edge)
                                                     20.000    20.000 r  
    PS7_X0Y0             PS7                          0.000    20.000 r  puf_bd_i/processing_system7_0/inst/PS7_i/FCLKCLK[0]
                         net (fo=1, routed)           1.088    21.088    puf_bd_i/processing_system7_0/inst/FCLK_CLK_unbuffered[0]
    BUFGCTRL_X0Y16       BUFG (Prop_bufg_I_O)         0.091    21.179 r  puf_bd_i/processing_system7_0/inst/buffer_fclk_clk_0.FCLK_CLK_0_BUFG/O
                         net (fo=1424, routed)        1.526    22.705    <hidden>
    SLICE_X30Y98         FDRE                                         r  <hidden>
                         clock pessimism              0.264    22.969    
                         clock uncertainty           -0.302    22.667    
    SLICE_X30Y98         FDRE (Setup_fdre_C_D)        0.077    22.744    <hidden>
  -------------------------------------------------------------------
                         required time                         22.744    
                         arrival time                         -11.295    
  -------------------------------------------------------------------
                         slack                                 11.449    

Slack (MET) :             11.455ns  (required time - arrival time)
  Source:                 <hidden>
                            (rising edge-triggered cell FDRE clocked by clk_fpga_0  {rise@0.000ns fall@10.000ns period=20.000ns})
  Destination:            <hidden>
                            (rising edge-triggered cell FDRE clocked by clk_fpga_0  {rise@0.000ns fall@10.000ns period=20.000ns})
  Path Group:             clk_fpga_0
  Path Type:              Setup (Max at Slow Process Corner)
  Requirement:            20.000ns  (clk_fpga_0 rise@20.000ns - clk_fpga_0 rise@0.000ns)
  Data Path Delay:        8.297ns  (logic 2.730ns (32.905%)  route 5.567ns (67.095%))
  Logic Levels:           9  (CARRY4=2 LUT2=2 LUT4=4 LUT6=1)
  Clock Path Skew:        -0.025ns (DCD - SCD + CPR)
    Destination Clock Delay (DCD):    2.705ns = ( 22.705 - 20.000 ) 
    Source Clock Delay      (SCD):    2.994ns
    Clock Pessimism Removal (CPR):    0.264ns
  Clock Uncertainty:      0.302ns  ((TSJ^2 + TIJ^2)^1/2 + DJ) / 2 + PE
    Total System Jitter     (TSJ):    0.071ns
    Total Input Jitter      (TIJ):    0.600ns
    Discrete Jitter          (DJ):    0.000ns
    Phase Error              (PE):    0.000ns

    Location             Delay type                Incr(ns)  Path(ns)    Netlist Resource(s)
  -------------------------------------------------------------------    -------------------
                         (clock clk_fpga_0 rise edge)
                                                      0.000     0.000 r  
    PS7_X0Y0             PS7                          0.000     0.000 r  puf_bd_i/processing_system7_0/inst/PS7_i/FCLKCLK[0]
                         net (fo=1, routed)           1.193     1.193    puf_bd_i/processing_system7_0/inst/FCLK_CLK_unbuffered[0]
    BUFGCTRL_X0Y16       BUFG (Prop_bufg_I_O)         0.101     1.294 r  puf_bd_i/processing_system7_0/inst/buffer_fclk_clk_0.FCLK_CLK_0_BUFG/O
                         net (fo=1424, routed)        1.700     2.994    <hidden>
    SLICE_X29Y99         FDRE                                         r  <hidden>
  -------------------------------------------------------------------    -------------------
    SLICE_X29Y99         FDRE (Prop_fdre_C_Q)         0.419     3.413 f  <hidden>
                         net (fo=21, routed)          1.296     4.709    <hidden>
    SLICE_X32Y98         LUT2 (Prop_lut2_I1_O)        0.325     5.034 f  <hidden>
                         net (fo=2, routed)           1.053     6.087    <hidden>
    SLICE_X29Y98         LUT4 (Prop_lut4_I0_O)        0.328     6.415 r  <hidden>
                         net (fo=3, routed)           0.577     6.991    <hidden>
    SLICE_X30Y100        LUT2 (Prop_lut2_I0_O)        0.124     7.115 r  <hidden>
                         net (fo=1, routed)           0.000     7.115    <hidden>
    SLICE_X30Y100        CARRY4 (Prop_carry4_S[1]_CO[3])
                                                      0.533     7.648 r  <hidden>
                         net (fo=1, routed)           0.000     7.648    <hidden>
    SLICE_X30Y101        CARRY4 (Prop_carry4_CI_O[1])
                                                      0.323     7.971 r  <hidden>
                         net (fo=1, routed)           0.499     8.470    <hidden>
    SLICE_X31Y101        LUT4 (Prop_lut4_I3_O)        0.306     8.776 f  <hidden>
                         net (fo=1, routed)           0.945     9.721    <hidden>
    SLICE_X29Y99         LUT6 (Prop_lut6_I1_O)        0.124     9.845 f  <hidden>
                         net (fo=1, routed)           0.707    10.551    <hidden>
    SLICE_X28Y99         LUT4 (Prop_lut4_I3_O)        0.124    10.675 r  <hidden>
                         net (fo=12, routed)          0.491    11.167    <hidden>
    SLICE_X30Y98         LUT4 (Prop_lut4_I1_O)        0.124    11.291 r  <hidden>
                         net (fo=1, routed)           0.000    11.291    <hidden>
    SLICE_X30Y98         FDRE                                         r  <hidden>
  -------------------------------------------------------------------    -------------------

                         (clock clk_fpga_0 rise edge)
                                                     20.000    20.000 r  
    PS7_X0Y0             PS7                          0.000    20.000 r  puf_bd_i/processing_system7_0/inst/PS7_i/FCLKCLK[0]
                         net (fo=1, routed)           1.088    21.088    puf_bd_i/processing_system7_0/inst/FCLK_CLK_unbuffered[0]
    BUFGCTRL_X0Y16       BUFG (Prop_bufg_I_O)         0.091    21.179 r  puf_bd_i/processing_system7_0/inst/buffer_fclk_clk_0.FCLK_CLK_0_BUFG/O
                         net (fo=1424, routed)        1.526    22.705    <hidden>
    SLICE_X30Y98         FDRE                                         r  <hidden>
                         clock pessimism              0.264    22.969    
                         clock uncertainty           -0.302    22.667    
    SLICE_X30Y98         FDRE (Setup_fdre_C_D)        0.079    22.746    <hidden>
  -------------------------------------------------------------------
                         required time                         22.746    
                         arrival time                         -11.291    
  -------------------------------------------------------------------
                         slack                                 11.455    

Slack (MET) :             11.456ns  (required time - arrival time)
  Source:                 <hidden>
                            (rising edge-triggered cell FDRE clocked by clk_fpga_0  {rise@0.000ns fall@10.000ns period=20.000ns})
  Destination:            <hidden>
                            (rising edge-triggered cell FDRE clocked by clk_fpga_0  {rise@0.000ns fall@10.000ns period=20.000ns})
  Path Group:             clk_fpga_0
  Path Type:              Setup (Max at Slow Process Corner)
  Requirement:            20.000ns  (clk_fpga_0 rise@20.000ns - clk_fpga_0 rise@0.000ns)
  Data Path Delay:        8.298ns  (logic 2.730ns (32.899%)  route 5.568ns (67.101%))
  Logic Levels:           9  (CARRY4=2 LUT2=2 LUT4=3 LUT5=1 LUT6=1)
  Clock Path Skew:        -0.025ns (DCD - SCD + CPR)
    Destination Clock Delay (DCD):    2.705ns = ( 22.705 - 20.000 ) 
    Source Clock Delay      (SCD):    2.994ns
    Clock Pessimism Removal (CPR):    0.264ns
  Clock Uncertainty:      0.302ns  ((TSJ^2 + TIJ^2)^1/2 + DJ) / 2 + PE
    Total System Jitter     (TSJ):    0.071ns
    Total Input Jitter      (TIJ):    0.600ns
    Discrete Jitter          (DJ):    0.000ns
    Phase Error              (PE):    0.000ns

    Location             Delay type                Incr(ns)  Path(ns)    Netlist Resource(s)
  -------------------------------------------------------------------    -------------------
                         (clock clk_fpga_0 rise edge)
                                                      0.000     0.000 r  
    PS7_X0Y0             PS7                          0.000     0.000 r  puf_bd_i/processing_system7_0/inst/PS7_i/FCLKCLK[0]
                         net (fo=1, routed)           1.193     1.193    puf_bd_i/processing_system7_0/inst/FCLK_CLK_unbuffered[0]
    BUFGCTRL_X0Y16       BUFG (Prop_bufg_I_O)         0.101     1.294 r  puf_bd_i/processing_system7_0/inst/buffer_fclk_clk_0.FCLK_CLK_0_BUFG/O
                         net (fo=1424, routed)        1.700     2.994    <hidden>
    SLICE_X29Y99         FDRE                                         r  <hidden>
  -------------------------------------------------------------------    -------------------
    SLICE_X29Y99         FDRE (Prop_fdre_C_Q)         0.419     3.413 f  <hidden>
                         net (fo=21, routed)          1.296     4.709    <hidden>
    SLICE_X32Y98         LUT2 (Prop_lut2_I1_O)        0.325     5.034 f  <hidden>
                         net (fo=2, routed)           1.053     6.087    <hidden>
    SLICE_X29Y98         LUT4 (Prop_lut4_I0_O)        0.328     6.415 r  <hidden>
                         net (fo=3, routed)           0.577     6.991    <hidden>
    SLICE_X30Y100        LUT2 (Prop_lut2_I0_O)        0.124     7.115 r  <hidden>
                         net (fo=1, routed)           0.000     7.115    <hidden>
    SLICE_X30Y100        CARRY4 (Prop_carry4_S[1]_CO[3])
                                                      0.533     7.648 r  <hidden>
                         net (fo=1, routed)           0.000     7.648    <hidden>
    SLICE_X30Y101        CARRY4 (Prop_carry4_CI_O[1])
                                                      0.323     7.971 r  <hidden>
                         net (fo=1, routed)           0.499     8.470    <hidden>
    SLICE_X31Y101        LUT4 (Prop_lut4_I3_O)        0.306     8.776 f  <hidden>
                         net (fo=1, routed)           0.945     9.721    <hidden>
    SLICE_X29Y99         LUT6 (Prop_lut6_I1_O)        0.124     9.845 f  <hidden>
                         net (fo=1, routed)           0.707    10.551    <hidden>
    SLICE_X28Y99         LUT4 (Prop_lut4_I3_O)        0.124    10.675 r  <hidden>
                         net (fo=12, routed)          0.493    11.168    <hidden>
    SLICE_X30Y98         LUT5 (Prop_lut5_I1_O)        0.124    11.292 r  <hidden>
                         net (fo=1, routed)           0.000    11.292    <hidden>
    SLICE_X30Y98         FDRE                                         r  <hidden>
  -------------------------------------------------------------------    -------------------

                         (clock clk_fpga_0 rise edge)
                                                     20.000    20.000 r  
    PS7_X0Y0             PS7                          0.000    20.000 r  puf_bd_i/processing_system7_0/inst/PS7_i/FCLKCLK[0]
                         net (fo=1, routed)           1.088    21.088    puf_bd_i/processing_system7_0/inst/FCLK_CLK_unbuffered[0]
    BUFGCTRL_X0Y16       BUFG (Prop_bufg_I_O)         0.091    21.179 r  puf_bd_i/processing_system7_0/inst/buffer_fclk_clk_0.FCLK_CLK_0_BUFG/O
                         net (fo=1424, routed)        1.526    22.705    <hidden>
    SLICE_X30Y98         FDRE                                         r  <hidden>
                         clock pessimism              0.264    22.969    
                         clock uncertainty           -0.302    22.667    
    SLICE_X30Y98         FDRE (Setup_fdre_C_D)        0.081    22.748    <hidden>
  -------------------------------------------------------------------
                         required time                         22.748    
                         arrival time                         -11.292    
  -------------------------------------------------------------------
                         slack                                 11.456    





Min Delay Paths
--------------------------------------------------------------------------------------
Slack (MET) :             0.076ns  (arrival time - required time)
  Source:                 puf_bd_i/axi_gpio_1/U0/gpio_core_1/Not_Dual.INPUT_DOUBLE_REGS3/syncstages_ff_reg[3][2]/C
                            (rising edge-triggered cell FDRE clocked by clk_fpga_0  {rise@0.000ns fall@10.000ns period=20.000ns})
  Destination:            puf_bd_i/axi_gpio_1/U0/gpio_core_1/Not_Dual.gpio_Data_In_reg[6]/D
                            (rising edge-triggered cell FDRE clocked by clk_fpga_0  {rise@0.000ns fall@10.000ns period=20.000ns})
  Path Group:             clk_fpga_0
  Path Type:              Hold (Min at Fast Process Corner)
  Requirement:            0.000ns  (clk_fpga_0 rise@0.000ns - clk_fpga_0 rise@0.000ns)
  Data Path Delay:        0.328ns  (logic 0.141ns (42.944%)  route 0.187ns (57.056%))
  Logic Levels:           0  
  Clock Path Skew:        0.182ns (DCD - SCD - CPR)
    Destination Clock Delay (DCD):    1.191ns
    Source Clock Delay      (SCD):    0.974ns
    Clock Pessimism Removal (CPR):    0.035ns

    Location             Delay type                Incr(ns)  Path(ns)    Netlist Resource(s)
  -------------------------------------------------------------------    -------------------
                         (clock clk_fpga_0 rise edge)
                                                      0.000     0.000 r  
    PS7_X0Y0             PS7                          0.000     0.000 r  puf_bd_i/processing_system7_0/inst/PS7_i/FCLKCLK[0]
                         net (fo=1, routed)           0.310     0.310    puf_bd_i/processing_system7_0/inst/FCLK_CLK_unbuffered[0]
    BUFGCTRL_X0Y16       BUFG (Prop_bufg_I_O)         0.026     0.336 r  puf_bd_i/processing_system7_0/inst/buffer_fclk_clk_0.FCLK_CLK_0_BUFG/O
                         net (fo=1424, routed)        0.638     0.974    puf_bd_i/axi_gpio_1/U0/gpio_core_1/Not_Dual.INPUT_DOUBLE_REGS3/dest_clk
    SLICE_X39Y105        FDRE                                         r  puf_bd_i/axi_gpio_1/U0/gpio_core_1/Not_Dual.INPUT_DOUBLE_REGS3/syncstages_ff_reg[3][2]/C
  -------------------------------------------------------------------    -------------------
    SLICE_X39Y105        FDRE (Prop_fdre_C_Q)         0.141     1.115 r  puf_bd_i/axi_gpio_1/U0/gpio_core_1/Not_Dual.INPUT_DOUBLE_REGS3/syncstages_ff_reg[3][2]/Q
                         net (fo=1, routed)           0.187     1.302    puf_bd_i/axi_gpio_1/U0/gpio_core_1/gpio_io_i_d2[6]
    SLICE_X37Y99         FDRE                                         r  puf_bd_i/axi_gpio_1/U0/gpio_core_1/Not_Dual.gpio_Data_In_reg[6]/D
  -------------------------------------------------------------------    -------------------

                         (clock clk_fpga_0 rise edge)
                                                      0.000     0.000 r  
    PS7_X0Y0             PS7                          0.000     0.000 r  puf_bd_i/processing_system7_0/inst/PS7_i/FCLKCLK[0]
                         net (fo=1, routed)           0.337     0.337    puf_bd_i/processing_system7_0/inst/FCLK_CLK_unbuffered[0]
    BUFGCTRL_X0Y16       BUFG (Prop_bufg_I_O)         0.029     0.366 r  puf_bd_i/processing_system7_0/inst/buffer_fclk_clk_0.FCLK_CLK_0_BUFG/O
                         net (fo=1424, routed)        0.825     1.191    puf_bd_i/axi_gpio_1/U0/gpio_core_1/s_axi_aclk
    SLICE_X37Y99         FDRE                                         r  puf_bd_i/axi_gpio_1/U0/gpio_core_1/Not_Dual.gpio_Data_In_reg[6]/C
                         clock pessimism             -0.035     1.156    
    SLICE_X37Y99         FDRE (Hold_fdre_C_D)         0.070     1.226    puf_bd_i/axi_gpio_1/U0/gpio_core_1/Not_Dual.gpio_Data_In_reg[6]
  -------------------------------------------------------------------
                         required time                         -1.226    
                         arrival time                           1.302    
  -------------------------------------------------------------------
                         slack                                  0.076    

Slack (MET) :             0.090ns  (arrival time - required time)
  Source:                 <hidden>
                            (rising edge-triggered cell FDRE clocked by clk_fpga_0  {rise@0.000ns fall@10.000ns period=20.000ns})
  Destination:            <hidden>
                            (rising edge-triggered cell FDRE clocked by clk_fpga_0  {rise@0.000ns fall@10.000ns period=20.000ns})
  Path Group:             clk_fpga_0
  Path Type:              Hold (Min at Fast Process Corner)
  Requirement:            0.000ns  (clk_fpga_0 rise@0.000ns - clk_fpga_0 rise@0.000ns)
  Data Path Delay:        0.534ns  (logic 0.226ns (42.337%)  route 0.308ns (57.663%))
  Logic Levels:           1  (LUT4=1)
  Clock Path Skew:        0.352ns (DCD - SCD - CPR)
    Destination Clock Delay (DCD):    1.297ns
    Source Clock Delay      (SCD):    0.910ns
    Clock Pessimism Removal (CPR):    0.035ns

    Location             Delay type                Incr(ns)  Path(ns)    Netlist Resource(s)
  -------------------------------------------------------------------    -------------------
                         (clock clk_fpga_0 rise edge)
                                                      0.000     0.000 r  
    PS7_X0Y0             PS7                          0.000     0.000 r  puf_bd_i/processing_system7_0/inst/PS7_i/FCLKCLK[0]
                         net (fo=1, routed)           0.310     0.310    puf_bd_i/processing_system7_0/inst/FCLK_CLK_unbuffered[0]
    BUFGCTRL_X0Y16       BUFG (Prop_bufg_I_O)         0.026     0.336 r  puf_bd_i/processing_system7_0/inst/buffer_fclk_clk_0.FCLK_CLK_0_BUFG/O
                         net (fo=1424, routed)        0.574     0.910    <hidden>
    SLICE_X27Y98         FDRE                                         r  <hidden>
  -------------------------------------------------------------------    -------------------
    SLICE_X27Y98         FDRE (Prop_fdre_C_Q)         0.128     1.038 r  <hidden>
                         net (fo=3, routed)           0.308     1.345    <hidden>
    SLICE_X31Y101        LUT4 (Prop_lut4_I3_O)        0.098     1.443 r  <hidden>
                         net (fo=1, routed)           0.000     1.443    <hidden>
    SLICE_X31Y101        FDRE                                         r  <hidden>
  -------------------------------------------------------------------    -------------------

                         (clock clk_fpga_0 rise edge)
                                                      0.000     0.000 r  
    PS7_X0Y0             PS7                          0.000     0.000 r  puf_bd_i/processing_system7_0/inst/PS7_i/FCLKCLK[0]
                         net (fo=1, routed)           0.337     0.337    puf_bd_i/processing_system7_0/inst/FCLK_CLK_unbuffered[0]
    BUFGCTRL_X0Y16       BUFG (Prop_bufg_I_O)         0.029     0.366 r  puf_bd_i/processing_system7_0/inst/buffer_fclk_clk_0.FCLK_CLK_0_BUFG/O
                         net (fo=1424, routed)        0.931     1.297    <hidden>
    SLICE_X31Y101        FDRE                                         r  <hidden>
                         clock pessimism             -0.035     1.262    
    SLICE_X31Y101        FDRE (Hold_fdre_C_D)         0.092     1.354    <hidden>
  -------------------------------------------------------------------
                         required time                         -1.354    
                         arrival time                           1.443    
  -------------------------------------------------------------------
                         slack                                  0.090    

Slack (MET) :             0.096ns  (arrival time - required time)
  Source:                 <hidden>
                            (rising edge-triggered cell FDRE clocked by clk_fpga_0  {rise@0.000ns fall@10.000ns period=20.000ns})
  Destination:            <hidden>
                            (rising edge-triggered cell FDRE clocked by clk_fpga_0  {rise@0.000ns fall@10.000ns period=20.000ns})
  Path Group:             clk_fpga_0
  Path Type:              Hold (Min at Fast Process Corner)
  Requirement:            0.000ns  (clk_fpga_0 rise@0.000ns - clk_fpga_0 rise@0.000ns)
  Data Path Delay:        0.353ns  (logic 0.141ns (39.925%)  route 0.212ns (60.075%))
  Logic Levels:           0  
  Clock Path Skew:        0.181ns (DCD - SCD - CPR)
    Destination Clock Delay (DCD):    1.211ns
    Source Clock Delay      (SCD):    0.995ns
    Clock Pessimism Removal (CPR):    0.035ns

    Location             Delay type                Incr(ns)  Path(ns)    Netlist Resource(s)
  -------------------------------------------------------------------    -------------------
                         (clock clk_fpga_0 rise edge)
                                                      0.000     0.000 r  
    PS7_X0Y0             PS7                          0.000     0.000 r  puf_bd_i/processing_system7_0/inst/PS7_i/FCLKCLK[0]
                         net (fo=1, routed)           0.310     0.310    puf_bd_i/processing_system7_0/inst/FCLK_CLK_unbuffered[0]
    BUFGCTRL_X0Y16       BUFG (Prop_bufg_I_O)         0.026     0.336 r  puf_bd_i/processing_system7_0/inst/buffer_fclk_clk_0.FCLK_CLK_0_BUFG/O
                         net (fo=1424, routed)        0.659     0.995    <hidden>
    SLICE_X29Y100        FDRE                                         r  <hidden>
  -------------------------------------------------------------------    -------------------
    SLICE_X29Y100        FDRE (Prop_fdre_C_Q)         0.141     1.136 r  <hidden>
                         net (fo=2, routed)           0.212     1.348    <hidden>
    SLICE_X29Y98         FDRE                                         r  <hidden>
  -------------------------------------------------------------------    -------------------

                         (clock clk_fpga_0 rise edge)
                                                      0.000     0.000 r  
    PS7_X0Y0             PS7                          0.000     0.000 r  puf_bd_i/processing_system7_0/inst/PS7_i/FCLKCLK[0]
                         net (fo=1, routed)           0.337     0.337    puf_bd_i/processing_system7_0/inst/FCLK_CLK_unbuffered[0]
    BUFGCTRL_X0Y16       BUFG (Prop_bufg_I_O)         0.029     0.366 r  puf_bd_i/processing_system7_0/inst/buffer_fclk_clk_0.FCLK_CLK_0_BUFG/O
                         net (fo=1424, routed)        0.845     1.211    <hidden>
    SLICE_X29Y98         FDRE                                         r  <hidden>
                         clock pessimism             -0.035     1.176    
    SLICE_X29Y98         FDRE (Hold_fdre_C_D)         0.076     1.252    <hidden>
  -------------------------------------------------------------------
                         required time                         -1.252    
                         arrival time                           1.348    
  -------------------------------------------------------------------
                         slack                                  0.096    

Slack (MET) :             0.106ns  (arrival time - required time)
  Source:                 puf_bd_i/axi_gpio_0/U0/gpio_core_1/Not_Dual.ALLOUT_ND.READ_REG_GEN[7].reg1_reg[30]/C
                            (rising edge-triggered cell FDRE clocked by clk_fpga_0  {rise@0.000ns fall@10.000ns period=20.000ns})
  Destination:            puf_bd_i/axi_gpio_0/U0/ip2bus_data_i_D1_reg[30]/D
                            (rising edge-triggered cell FDRE clocked by clk_fpga_0  {rise@0.000ns fall@10.000ns period=20.000ns})
  Path Group:             clk_fpga_0
  Path Type:              Hold (Min at Fast Process Corner)
  Requirement:            0.000ns  (clk_fpga_0 rise@0.000ns - clk_fpga_0 rise@0.000ns)
  Data Path Delay:        0.240ns  (logic 0.186ns (77.466%)  route 0.054ns (22.534%))
  Logic Levels:           1  (LUT6=1)
  Clock Path Skew:        0.013ns (DCD - SCD - CPR)
    Destination Clock Delay (DCD):    1.190ns
    Source Clock Delay      (SCD):    0.892ns
    Clock Pessimism Removal (CPR):    0.285ns

    Location             Delay type                Incr(ns)  Path(ns)    Netlist Resource(s)
  -------------------------------------------------------------------    -------------------
                         (clock clk_fpga_0 rise edge)
                                                      0.000     0.000 r  
    PS7_X0Y0             PS7                          0.000     0.000 r  puf_bd_i/processing_system7_0/inst/PS7_i/FCLKCLK[0]
                         net (fo=1, routed)           0.310     0.310    puf_bd_i/processing_system7_0/inst/FCLK_CLK_unbuffered[0]
    BUFGCTRL_X0Y16       BUFG (Prop_bufg_I_O)         0.026     0.336 r  puf_bd_i/processing_system7_0/inst/buffer_fclk_clk_0.FCLK_CLK_0_BUFG/O
                         net (fo=1424, routed)        0.556     0.892    puf_bd_i/axi_gpio_0/U0/gpio_core_1/s_axi_aclk
    SLICE_X43Y95         FDRE                                         r  puf_bd_i/axi_gpio_0/U0/gpio_core_1/Not_Dual.ALLOUT_ND.READ_REG_GEN[7].reg1_reg[30]/C
  -------------------------------------------------------------------    -------------------
    SLICE_X43Y95         FDRE (Prop_fdre_C_Q)         0.141     1.033 r  puf_bd_i/axi_gpio_0/U0/gpio_core_1/Not_Dual.ALLOUT_ND.READ_REG_GEN[7].reg1_reg[30]/Q
                         net (fo=1, routed)           0.054     1.087    puf_bd_i/axi_gpio_0/U0/gpio_core_1/Not_Dual.ALLOUT_ND.READ_REG_GEN[7].reg1_reg
    SLICE_X42Y95         LUT6 (Prop_lut6_I1_O)        0.045     1.132 r  puf_bd_i/axi_gpio_0/U0/gpio_core_1/ip2bus_data_i_D1[30]_i_1/O
                         net (fo=1, routed)           0.000     1.132    puf_bd_i/axi_gpio_0/U0/ip2bus_data[30]
    SLICE_X42Y95         FDRE                                         r  puf_bd_i/axi_gpio_0/U0/ip2bus_data_i_D1_reg[30]/D
  -------------------------------------------------------------------    -------------------

                         (clock clk_fpga_0 rise edge)
                                                      0.000     0.000 r  
    PS7_X0Y0             PS7                          0.000     0.000 r  puf_bd_i/processing_system7_0/inst/PS7_i/FCLKCLK[0]
                         net (fo=1, routed)           0.337     0.337    puf_bd_i/processing_system7_0/inst/FCLK_CLK_unbuffered[0]
    BUFGCTRL_X0Y16       BUFG (Prop_bufg_I_O)         0.029     0.366 r  puf_bd_i/processing_system7_0/inst/buffer_fclk_clk_0.FCLK_CLK_0_BUFG/O
                         net (fo=1424, routed)        0.824     1.190    puf_bd_i/axi_gpio_0/U0/s_axi_aclk
    SLICE_X42Y95         FDRE                                         r  puf_bd_i/axi_gpio_0/U0/ip2bus_data_i_D1_reg[30]/C
                         clock pessimism             -0.285     0.905    
    SLICE_X42Y95         FDRE (Hold_fdre_C_D)         0.121     1.026    puf_bd_i/axi_gpio_0/U0/ip2bus_data_i_D1_reg[30]
  -------------------------------------------------------------------
                         required time                         -1.026    
                         arrival time                           1.132    
  -------------------------------------------------------------------
                         slack                                  0.106    

Slack (MET) :             0.119ns  (arrival time - required time)
  Source:                 puf_bd_i/puf_top_0/inst/array/cells[2].cell_inst/cnt0_meta_reg[8]/C
                            (rising edge-triggered cell FDRE clocked by clk_fpga_0  {rise@0.000ns fall@10.000ns period=20.000ns})
  Destination:            puf_bd_i/puf_top_0/inst/array/cells[2].cell_inst/cnt0_sys_reg[8]/D
                            (rising edge-triggered cell FDRE clocked by clk_fpga_0  {rise@0.000ns fall@10.000ns period=20.000ns})
  Path Group:             clk_fpga_0
  Path Type:              Hold (Min at Fast Process Corner)
  Requirement:            0.000ns  (clk_fpga_0 rise@0.000ns - clk_fpga_0 rise@0.000ns)
  Data Path Delay:        0.197ns  (logic 0.141ns (71.611%)  route 0.056ns (28.389%))
  Logic Levels:           0  
  Clock Path Skew:        0.000ns (DCD - SCD - CPR)
    Destination Clock Delay (DCD):    1.275ns
    Source Clock Delay      (SCD):    0.973ns
    Clock Pessimism Removal (CPR):    0.302ns

    Location             Delay type                Incr(ns)  Path(ns)    Netlist Resource(s)
  -------------------------------------------------------------------    -------------------
                         (clock clk_fpga_0 rise edge)
                                                      0.000     0.000 r  
    PS7_X0Y0             PS7                          0.000     0.000 r  puf_bd_i/processing_system7_0/inst/PS7_i/FCLKCLK[0]
                         net (fo=1, routed)           0.310     0.310    puf_bd_i/processing_system7_0/inst/FCLK_CLK_unbuffered[0]
    BUFGCTRL_X0Y16       BUFG (Prop_bufg_I_O)         0.026     0.336 r  puf_bd_i/processing_system7_0/inst/buffer_fclk_clk_0.FCLK_CLK_0_BUFG/O
                         net (fo=1424, routed)        0.637     0.973    puf_bd_i/puf_top_0/inst/array/cells[2].cell_inst/clk
    SLICE_X39Y107        FDRE                                         r  puf_bd_i/puf_top_0/inst/array/cells[2].cell_inst/cnt0_meta_reg[8]/C
  -------------------------------------------------------------------    -------------------
    SLICE_X39Y107        FDRE (Prop_fdre_C_Q)         0.141     1.114 r  puf_bd_i/puf_top_0/inst/array/cells[2].cell_inst/cnt0_meta_reg[8]/Q
                         net (fo=1, routed)           0.056     1.170    puf_bd_i/puf_top_0/inst/array/cells[2].cell_inst/cnt0_meta_reg_n_0_[8]
    SLICE_X39Y107        FDRE                                         r  puf_bd_i/puf_top_0/inst/array/cells[2].cell_inst/cnt0_sys_reg[8]/D
  -------------------------------------------------------------------    -------------------

                         (clock clk_fpga_0 rise edge)
                                                      0.000     0.000 r  
    PS7_X0Y0             PS7                          0.000     0.000 r  puf_bd_i/processing_system7_0/inst/PS7_i/FCLKCLK[0]
                         net (fo=1, routed)           0.337     0.337    puf_bd_i/processing_system7_0/inst/FCLK_CLK_unbuffered[0]
    BUFGCTRL_X0Y16       BUFG (Prop_bufg_I_O)         0.029     0.366 r  puf_bd_i/processing_system7_0/inst/buffer_fclk_clk_0.FCLK_CLK_0_BUFG/O
                         net (fo=1424, routed)        0.909     1.275    puf_bd_i/puf_top_0/inst/array/cells[2].cell_inst/clk
    SLICE_X39Y107        FDRE                                         r  puf_bd_i/puf_top_0/inst/array/cells[2].cell_inst/cnt0_sys_reg[8]/C
                         clock pessimism             -0.302     0.973    
    SLICE_X39Y107        FDRE (Hold_fdre_C_D)         0.078     1.051    puf_bd_i/puf_top_0/inst/array/cells[2].cell_inst/cnt0_sys_reg[8]
  -------------------------------------------------------------------
                         required time                         -1.051    
                         arrival time                           1.170    
  -------------------------------------------------------------------
                         slack                                  0.119    

Slack (MET) :             0.119ns  (arrival time - required time)
  Source:                 puf_bd_i/puf_top_0/inst/array/cells[6].cell_inst/cnt1_meta_reg[9]/C
                            (rising edge-triggered cell FDRE clocked by clk_fpga_0  {rise@0.000ns fall@10.000ns period=20.000ns})
  Destination:            puf_bd_i/puf_top_0/inst/array/cells[6].cell_inst/cnt1_sys_reg[9]/D
                            (rising edge-triggered cell FDRE clocked by clk_fpga_0  {rise@0.000ns fall@10.000ns period=20.000ns})
  Path Group:             clk_fpga_0
  Path Type:              Hold (Min at Fast Process Corner)
  Requirement:            0.000ns  (clk_fpga_0 rise@0.000ns - clk_fpga_0 rise@0.000ns)
  Data Path Delay:        0.197ns  (logic 0.141ns (71.611%)  route 0.056ns (28.389%))
  Logic Levels:           0  
  Clock Path Skew:        0.000ns (DCD - SCD - CPR)
    Destination Clock Delay (DCD):    1.276ns
    Source Clock Delay      (SCD):    0.974ns
    Clock Pessimism Removal (CPR):    0.302ns

    Location             Delay type                Incr(ns)  Path(ns)    Netlist Resource(s)
  -------------------------------------------------------------------    -------------------
                         (clock clk_fpga_0 rise edge)
                                                      0.000     0.000 r  
    PS7_X0Y0             PS7                          0.000     0.000 r  puf_bd_i/processing_system7_0/inst/PS7_i/FCLKCLK[0]
                         net (fo=1, routed)           0.310     0.310    puf_bd_i/processing_system7_0/inst/FCLK_CLK_unbuffered[0]
    BUFGCTRL_X0Y16       BUFG (Prop_bufg_I_O)         0.026     0.336 r  puf_bd_i/processing_system7_0/inst/buffer_fclk_clk_0.FCLK_CLK_0_BUFG/O
                         net (fo=1424, routed)        0.638     0.974    puf_bd_i/puf_top_0/inst/array/cells[6].cell_inst/clk
    SLICE_X41Y103        FDRE                                         r  puf_bd_i/puf_top_0/inst/array/cells[6].cell_inst/cnt1_meta_reg[9]/C
  -------------------------------------------------------------------    -------------------
    SLICE_X41Y103        FDRE (Prop_fdre_C_Q)         0.141     1.115 r  puf_bd_i/puf_top_0/inst/array/cells[6].cell_inst/cnt1_meta_reg[9]/Q
                         net (fo=1, routed)           0.056     1.171    puf_bd_i/puf_top_0/inst/array/cells[6].cell_inst/cnt1_meta_reg_n_0_[9]
    SLICE_X41Y103        FDRE                                         r  puf_bd_i/puf_top_0/inst/array/cells[6].cell_inst/cnt1_sys_reg[9]/D
  -------------------------------------------------------------------    -------------------

                         (clock clk_fpga_0 rise edge)
                                                      0.000     0.000 r  
    PS7_X0Y0             PS7                          0.000     0.000 r  puf_bd_i/processing_system7_0/inst/PS7_i/FCLKCLK[0]
                         net (fo=1, routed)           0.337     0.337    puf_bd_i/processing_system7_0/inst/FCLK_CLK_unbuffered[0]
    BUFGCTRL_X0Y16       BUFG (Prop_bufg_I_O)         0.029     0.366 r  puf_bd_i/processing_system7_0/inst/buffer_fclk_clk_0.FCLK_CLK_0_BUFG/O
                         net (fo=1424, routed)        0.910     1.276    puf_bd_i/puf_top_0/inst/array/cells[6].cell_inst/clk
    SLICE_X41Y103        FDRE                                         r  puf_bd_i/puf_top_0/inst/array/cells[6].cell_inst/cnt1_sys_reg[9]/C
                         clock pessimism             -0.302     0.974    
    SLICE_X41Y103        FDRE (Hold_fdre_C_D)         0.078     1.052    puf_bd_i/puf_top_0/inst/array/cells[6].cell_inst/cnt1_sys_reg[9]
  -------------------------------------------------------------------
                         required time                         -1.052    
                         arrival time                           1.171    
  -------------------------------------------------------------------
                         slack                                  0.119    

Slack (MET) :             0.121ns  (arrival time - required time)
  Source:                 puf_bd_i/puf_top_0/inst/array/cells[2].cell_inst/cnt0_meta_reg[7]/C
                            (rising edge-triggered cell FDRE clocked by clk_fpga_0  {rise@0.000ns fall@10.000ns period=20.000ns})
  Destination:            puf_bd_i/puf_top_0/inst/array/cells[2].cell_inst/cnt0_sys_reg[7]/D
                            (rising edge-triggered cell FDRE clocked by clk_fpga_0  {rise@0.000ns fall@10.000ns period=20.000ns})
  Path Group:             clk_fpga_0
  Path Type:              Hold (Min at Fast Process Corner)
  Requirement:            0.000ns  (clk_fpga_0 rise@0.000ns - clk_fpga_0 rise@0.000ns)
  Data Path Delay:        0.197ns  (logic 0.141ns (71.611%)  route 0.056ns (28.389%))
  Logic Levels:           0  
  Clock Path Skew:        0.000ns (DCD - SCD - CPR)
    Destination Clock Delay (DCD):    1.275ns
    Source Clock Delay      (SCD):    0.973ns
    Clock Pessimism Removal (CPR):    0.302ns

    Location             Delay type                Incr(ns)  Path(ns)    Netlist Resource(s)
  -------------------------------------------------------------------    -------------------
                         (clock clk_fpga_0 rise edge)
                                                      0.000     0.000 r  
    PS7_X0Y0             PS7                          0.000     0.000 r  puf_bd_i/processing_system7_0/inst/PS7_i/FCLKCLK[0]
                         net (fo=1, routed)           0.310     0.310    puf_bd_i/processing_system7_0/inst/FCLK_CLK_unbuffered[0]
    BUFGCTRL_X0Y16       BUFG (Prop_bufg_I_O)         0.026     0.336 r  puf_bd_i/processing_system7_0/inst/buffer_fclk_clk_0.FCLK_CLK_0_BUFG/O
                         net (fo=1424, routed)        0.637     0.973    puf_bd_i/puf_top_0/inst/array/cells[2].cell_inst/clk
    SLICE_X39Y107        FDRE                                         r  puf_bd_i/puf_top_0/inst/array/cells[2].cell_inst/cnt0_meta_reg[7]/C
  -------------------------------------------------------------------    -------------------
    SLICE_X39Y107        FDRE (Prop_fdre_C_Q)         0.141     1.114 r  puf_bd_i/puf_top_0/inst/array/cells[2].cell_inst/cnt0_meta_reg[7]/Q
                         net (fo=1, routed)           0.056     1.170    puf_bd_i/puf_top_0/inst/array/cells[2].cell_inst/cnt0_meta_reg_n_0_[7]
    SLICE_X39Y107        FDRE                                         r  puf_bd_i/puf_top_0/inst/array/cells[2].cell_inst/cnt0_sys_reg[7]/D
  -------------------------------------------------------------------    -------------------

                         (clock clk_fpga_0 rise edge)
                                                      0.000     0.000 r  
    PS7_X0Y0             PS7                          0.000     0.000 r  puf_bd_i/processing_system7_0/inst/PS7_i/FCLKCLK[0]
                         net (fo=1, routed)           0.337     0.337    puf_bd_i/processing_system7_0/inst/FCLK_CLK_unbuffered[0]
    BUFGCTRL_X0Y16       BUFG (Prop_bufg_I_O)         0.029     0.366 r  puf_bd_i/processing_system7_0/inst/buffer_fclk_clk_0.FCLK_CLK_0_BUFG/O
                         net (fo=1424, routed)        0.909     1.275    puf_bd_i/puf_top_0/inst/array/cells[2].cell_inst/clk
    SLICE_X39Y107        FDRE                                         r  puf_bd_i/puf_top_0/inst/array/cells[2].cell_inst/cnt0_sys_reg[7]/C
                         clock pessimism             -0.302     0.973    
    SLICE_X39Y107        FDRE (Hold_fdre_C_D)         0.076     1.049    puf_bd_i/puf_top_0/inst/array/cells[2].cell_inst/cnt0_sys_reg[7]
  -------------------------------------------------------------------
                         required time                         -1.049    
                         arrival time                           1.170    
  -------------------------------------------------------------------
                         slack                                  0.121    

Slack (MET) :             0.121ns  (arrival time - required time)
  Source:                 puf_bd_i/puf_top_0/inst/array/cells[6].cell_inst/cnt1_meta_reg[5]/C
                            (rising edge-triggered cell FDRE clocked by clk_fpga_0  {rise@0.000ns fall@10.000ns period=20.000ns})
  Destination:            puf_bd_i/puf_top_0/inst/array/cells[6].cell_inst/cnt1_sys_reg[5]/D
                            (rising edge-triggered cell FDRE clocked by clk_fpga_0  {rise@0.000ns fall@10.000ns period=20.000ns})
  Path Group:             clk_fpga_0
  Path Type:              Hold (Min at Fast Process Corner)
  Requirement:            0.000ns  (clk_fpga_0 rise@0.000ns - clk_fpga_0 rise@0.000ns)
  Data Path Delay:        0.197ns  (logic 0.141ns (71.611%)  route 0.056ns (28.389%))
  Logic Levels:           0  
  Clock Path Skew:        0.000ns (DCD - SCD - CPR)
    Destination Clock Delay (DCD):    1.276ns
    Source Clock Delay      (SCD):    0.974ns
    Clock Pessimism Removal (CPR):    0.302ns

    Location             Delay type                Incr(ns)  Path(ns)    Netlist Resource(s)
  -------------------------------------------------------------------    -------------------
                         (clock clk_fpga_0 rise edge)
                                                      0.000     0.000 r  
    PS7_X0Y0             PS7                          0.000     0.000 r  puf_bd_i/processing_system7_0/inst/PS7_i/FCLKCLK[0]
                         net (fo=1, routed)           0.310     0.310    puf_bd_i/processing_system7_0/inst/FCLK_CLK_unbuffered[0]
    BUFGCTRL_X0Y16       BUFG (Prop_bufg_I_O)         0.026     0.336 r  puf_bd_i/processing_system7_0/inst/buffer_fclk_clk_0.FCLK_CLK_0_BUFG/O
                         net (fo=1424, routed)        0.638     0.974    puf_bd_i/puf_top_0/inst/array/cells[6].cell_inst/clk
    SLICE_X41Y103        FDRE                                         r  puf_bd_i/puf_top_0/inst/array/cells[6].cell_inst/cnt1_meta_reg[5]/C
  -------------------------------------------------------------------    -------------------
    SLICE_X41Y103        FDRE (Prop_fdre_C_Q)         0.141     1.115 r  puf_bd_i/puf_top_0/inst/array/cells[6].cell_inst/cnt1_meta_reg[5]/Q
                         net (fo=1, routed)           0.056     1.171    puf_bd_i/puf_top_0/inst/array/cells[6].cell_inst/cnt1_meta_reg_n_0_[5]
    SLICE_X41Y103        FDRE                                         r  puf_bd_i/puf_top_0/inst/array/cells[6].cell_inst/cnt1_sys_reg[5]/D
  -------------------------------------------------------------------    -------------------

                         (clock clk_fpga_0 rise edge)
                                                      0.000     0.000 r  
    PS7_X0Y0             PS7                          0.000     0.000 r  puf_bd_i/processing_system7_0/inst/PS7_i/FCLKCLK[0]
                         net (fo=1, routed)           0.337     0.337    puf_bd_i/processing_system7_0/inst/FCLK_CLK_unbuffered[0]
    BUFGCTRL_X0Y16       BUFG (Prop_bufg_I_O)         0.029     0.366 r  puf_bd_i/processing_system7_0/inst/buffer_fclk_clk_0.FCLK_CLK_0_BUFG/O
                         net (fo=1424, routed)        0.910     1.276    puf_bd_i/puf_top_0/inst/array/cells[6].cell_inst/clk
    SLICE_X41Y103        FDRE                                         r  puf_bd_i/puf_top_0/inst/array/cells[6].cell_inst/cnt1_sys_reg[5]/C
                         clock pessimism             -0.302     0.974    
    SLICE_X41Y103        FDRE (Hold_fdre_C_D)         0.076     1.050    puf_bd_i/puf_top_0/inst/array/cells[6].cell_inst/cnt1_sys_reg[5]
  -------------------------------------------------------------------
                         required time                         -1.050    
                         arrival time                           1.171    
  -------------------------------------------------------------------
                         slack                                  0.121    

Slack (MET) :             0.121ns  (arrival time - required time)
  Source:                 puf_bd_i/puf_top_0/inst/array/cells[1].cell_inst/cnt0_meta_reg[6]/C
                            (rising edge-triggered cell FDRE clocked by clk_fpga_0  {rise@0.000ns fall@10.000ns period=20.000ns})
  Destination:            puf_bd_i/puf_top_0/inst/array/cells[1].cell_inst/cnt0_sys_reg[6]/D
                            (rising edge-triggered cell FDRE clocked by clk_fpga_0  {rise@0.000ns fall@10.000ns period=20.000ns})
  Path Group:             clk_fpga_0
  Path Type:              Hold (Min at Fast Process Corner)
  Requirement:            0.000ns  (clk_fpga_0 rise@0.000ns - clk_fpga_0 rise@0.000ns)
  Data Path Delay:        0.197ns  (logic 0.141ns (71.611%)  route 0.056ns (28.389%))
  Logic Levels:           0  
  Clock Path Skew:        0.000ns (DCD - SCD - CPR)
    Destination Clock Delay (DCD):    1.273ns
    Source Clock Delay      (SCD):    0.971ns
    Clock Pessimism Removal (CPR):    0.302ns

    Location             Delay type                Incr(ns)  Path(ns)    Netlist Resource(s)
  -------------------------------------------------------------------    -------------------
                         (clock clk_fpga_0 rise edge)
                                                      0.000     0.000 r  
    PS7_X0Y0             PS7                          0.000     0.000 r  puf_bd_i/processing_system7_0/inst/PS7_i/FCLKCLK[0]
                         net (fo=1, routed)           0.310     0.310    puf_bd_i/processing_system7_0/inst/FCLK_CLK_unbuffered[0]
    BUFGCTRL_X0Y16       BUFG (Prop_bufg_I_O)         0.026     0.336 r  puf_bd_i/processing_system7_0/inst/buffer_fclk_clk_0.FCLK_CLK_0_BUFG/O
                         net (fo=1424, routed)        0.635     0.971    puf_bd_i/puf_top_0/inst/array/cells[1].cell_inst/clk
    SLICE_X51Y100        FDRE                                         r  puf_bd_i/puf_top_0/inst/array/cells[1].cell_inst/cnt0_meta_reg[6]/C
  -------------------------------------------------------------------    -------------------
    SLICE_X51Y100        FDRE (Prop_fdre_C_Q)         0.141     1.112 r  puf_bd_i/puf_top_0/inst/array/cells[1].cell_inst/cnt0_meta_reg[6]/Q
                         net (fo=1, routed)           0.056     1.168    puf_bd_i/puf_top_0/inst/array/cells[1].cell_inst/cnt0_meta_reg_n_0_[6]
    SLICE_X51Y100        FDRE                                         r  puf_bd_i/puf_top_0/inst/array/cells[1].cell_inst/cnt0_sys_reg[6]/D
  -------------------------------------------------------------------    -------------------

                         (clock clk_fpga_0 rise edge)
                                                      0.000     0.000 r  
    PS7_X0Y0             PS7                          0.000     0.000 r  puf_bd_i/processing_system7_0/inst/PS7_i/FCLKCLK[0]
                         net (fo=1, routed)           0.337     0.337    puf_bd_i/processing_system7_0/inst/FCLK_CLK_unbuffered[0]
    BUFGCTRL_X0Y16       BUFG (Prop_bufg_I_O)         0.029     0.366 r  puf_bd_i/processing_system7_0/inst/buffer_fclk_clk_0.FCLK_CLK_0_BUFG/O
                         net (fo=1424, routed)        0.907     1.273    puf_bd_i/puf_top_0/inst/array/cells[1].cell_inst/clk
    SLICE_X51Y100        FDRE                                         r  puf_bd_i/puf_top_0/inst/array/cells[1].cell_inst/cnt0_sys_reg[6]/C
                         clock pessimism             -0.302     0.971    
    SLICE_X51Y100        FDRE (Hold_fdre_C_D)         0.076     1.047    puf_bd_i/puf_top_0/inst/array/cells[1].cell_inst/cnt0_sys_reg[6]
  -------------------------------------------------------------------
                         required time                         -1.047    
                         arrival time                           1.168    
  -------------------------------------------------------------------
                         slack                                  0.121    

Slack (MET) :             0.122ns  (arrival time - required time)
  Source:                 puf_bd_i/axi_gpio_1/U0/gpio_core_1/Not_Dual.INPUT_DOUBLE_REGS3/syncstages_ff_reg[0][2]/C
                            (rising edge-triggered cell FDRE clocked by clk_fpga_0  {rise@0.000ns fall@10.000ns period=20.000ns})
  Destination:            puf_bd_i/axi_gpio_1/U0/gpio_core_1/Not_Dual.INPUT_DOUBLE_REGS3/syncstages_ff_reg[1][2]/D
                            (rising edge-triggered cell FDRE clocked by clk_fpga_0  {rise@0.000ns fall@10.000ns period=20.000ns})
  Path Group:             clk_fpga_0
  Path Type:              Hold (Min at Fast Process Corner)
  Requirement:            0.000ns  (clk_fpga_0 rise@0.000ns - clk_fpga_0 rise@0.000ns)
  Data Path Delay:        0.197ns  (logic 0.141ns (71.611%)  route 0.056ns (28.389%))
  Logic Levels:           0  
  Clock Path Skew:        0.000ns (DCD - SCD - CPR)
    Destination Clock Delay (DCD):    1.276ns
    Source Clock Delay      (SCD):    0.974ns
    Clock Pessimism Removal (CPR):    0.302ns

    Location             Delay type                Incr(ns)  Path(ns)    Netlist Resource(s)
  -------------------------------------------------------------------    -------------------
                         (clock clk_fpga_0 rise edge)
                                                      0.000     0.000 r  
    PS7_X0Y0             PS7                          0.000     0.000 r  puf_bd_i/processing_system7_0/inst/PS7_i/FCLKCLK[0]
                         net (fo=1, routed)           0.310     0.310    puf_bd_i/processing_system7_0/inst/FCLK_CLK_unbuffered[0]
    BUFGCTRL_X0Y16       BUFG (Prop_bufg_I_O)         0.026     0.336 r  puf_bd_i/processing_system7_0/inst/buffer_fclk_clk_0.FCLK_CLK_0_BUFG/O
                         net (fo=1424, routed)        0.638     0.974    puf_bd_i/axi_gpio_1/U0/gpio_core_1/Not_Dual.INPUT_DOUBLE_REGS3/dest_clk
    SLICE_X39Y105        FDRE                                         r  puf_bd_i/axi_gpio_1/U0/gpio_core_1/Not_Dual.INPUT_DOUBLE_REGS3/syncstages_ff_reg[0][2]/C
  -------------------------------------------------------------------    -------------------
    SLICE_X39Y105        FDRE (Prop_fdre_C_Q)         0.141     1.115 r  puf_bd_i/axi_gpio_1/U0/gpio_core_1/Not_Dual.INPUT_DOUBLE_REGS3/syncstages_ff_reg[0][2]/Q
                         net (fo=1, routed)           0.056     1.171    puf_bd_i/axi_gpio_1/U0/gpio_core_1/Not_Dual.INPUT_DOUBLE_REGS3/syncstages_ff[0][2]
    SLICE_X39Y105        FDRE                                         r  puf_bd_i/axi_gpio_1/U0/gpio_core_1/Not_Dual.INPUT_DOUBLE_REGS3/syncstages_ff_reg[1][2]/D
  -------------------------------------------------------------------    -------------------

                         (clock clk_fpga_0 rise edge)
                                                      0.000     0.000 r  
    PS7_X0Y0             PS7                          0.000     0.000 r  puf_bd_i/processing_system7_0/inst/PS7_i/FCLKCLK[0]
                         net (fo=1, routed)           0.337     0.337    puf_bd_i/processing_system7_0/inst/FCLK_CLK_unbuffered[0]
    BUFGCTRL_X0Y16       BUFG (Prop_bufg_I_O)         0.029     0.366 r  puf_bd_i/processing_system7_0/inst/buffer_fclk_clk_0.FCLK_CLK_0_BUFG/O
                         net (fo=1424, routed)        0.910     1.276    puf_bd_i/axi_gpio_1/U0/gpio_core_1/Not_Dual.INPUT_DOUBLE_REGS3/dest_clk
    SLICE_X39Y105        FDRE                                         r  puf_bd_i/axi_gpio_1/U0/gpio_core_1/Not_Dual.INPUT_DOUBLE_REGS3/syncstages_ff_reg[1][2]/C
                         clock pessimism             -0.302     0.974    
    SLICE_X39Y105        FDRE (Hold_fdre_C_D)         0.075     1.049    puf_bd_i/axi_gpio_1/U0/gpio_core_1/Not_Dual.INPUT_DOUBLE_REGS3/syncstages_ff_reg[1][2]
  -------------------------------------------------------------------
                         required time                         -1.049    
                         arrival time                           1.171    
  -------------------------------------------------------------------
                         slack                                  0.122    





Pulse Width Checks
--------------------------------------------------------------------------------------
Clock Name:         clk_fpga_0
Waveform(ns):       { 0.000 10.000 }
Period(ns):         20.000
Sources:            { puf_bd_i/processing_system7_0/inst/PS7_i/FCLKCLK[0] }

Check Type        Corner  Lib Pin     Reference Pin  Required(ns)  Actual(ns)  Slack(ns)  Location        Pin
Min Period        n/a     BUFG/I      n/a            2.155         20.000      17.845     BUFGCTRL_X0Y16  puf_bd_i/processing_system7_0/inst/buffer_fclk_clk_0.FCLK_CLK_0_BUFG/I
Min Period        n/a     FDRE/C      n/a            1.000         20.000      19.000     SLICE_X43Y96    puf_bd_i/axi_gpio_0/U0/ip2bus_data_i_D1_reg[0]/C
Min Period        n/a     FDRE/C      n/a            1.000         20.000      19.000     SLICE_X42Y95    puf_bd_i/axi_gpio_0/U0/ip2bus_data_i_D1_reg[23]/C
Min Period        n/a     FDRE/C      n/a            1.000         20.000      19.000     SLICE_X43Y96    puf_bd_i/axi_gpio_0/U0/ip2bus_data_i_D1_reg[24]/C
Min Period        n/a     FDRE/C      n/a            1.000         20.000      19.000     SLICE_X43Y96    puf_bd_i/axi_gpio_0/U0/ip2bus_data_i_D1_reg[25]/C
Min Period        n/a     FDRE/C      n/a            1.000         20.000      19.000     SLICE_X42Y96    puf_bd_i/axi_gpio_0/U0/ip2bus_data_i_D1_reg[26]/C
Min Period        n/a     FDRE/C      n/a            1.000         20.000      19.000     SLICE_X42Y96    puf_bd_i/axi_gpio_0/U0/ip2bus_data_i_D1_reg[27]/C
Min Period        n/a     FDRE/C      n/a            1.000         20.000      19.000     SLICE_X43Y96    puf_bd_i/axi_gpio_0/U0/ip2bus_data_i_D1_reg[28]/C
Min Period        n/a     FDRE/C      n/a            1.000         20.000      19.000     SLICE_X42Y95    puf_bd_i/axi_gpio_0/U0/ip2bus_data_i_D1_reg[29]/C
Min Period        n/a     FDRE/C      n/a            1.000         20.000      19.000     SLICE_X42Y95    puf_bd_i/axi_gpio_0/U0/ip2bus_data_i_D1_reg[30]/C
Low Pulse Width   Slow    SRL16E/CLK  n/a            0.980         10.000      9.020      SLICE_X26Y82    puf_bd_i/axi_smc/inst/clk_map/psr_aclk/U0/EXT_LPF/POR_SRL_I/CLK
Low Pulse Width   Fast    SRL16E/CLK  n/a            0.980         10.000      9.020      SLICE_X26Y82    puf_bd_i/axi_smc/inst/clk_map/psr_aclk/U0/EXT_LPF/POR_SRL_I/CLK
Low Pulse Width   Slow    SRL16E/CLK  n/a            0.980         10.000      9.020      SLICE_X26Y77    puf_bd_i/rst_ps7_0_50M/U0/EXT_LPF/POR_SRL_I/CLK
Low Pulse Width   Fast    SRL16E/CLK  n/a            0.980         10.000      9.020      SLICE_X26Y77    puf_bd_i/rst_ps7_0_50M/U0/EXT_LPF/POR_SRL_I/CLK
Low Pulse Width   Slow    FDRE/C      n/a            0.500         10.000      9.500      SLICE_X43Y96    puf_bd_i/axi_gpio_0/U0/ip2bus_data_i_D1_reg[0]/C
Low Pulse Width   Fast    FDRE/C      n/a            0.500         10.000      9.500      SLICE_X43Y96    puf_bd_i/axi_gpio_0/U0/ip2bus_data_i_D1_reg[0]/C
Low Pulse Width   Slow    FDRE/C      n/a            0.500         10.000      9.500      SLICE_X42Y95    puf_bd_i/axi_gpio_0/U0/ip2bus_data_i_D1_reg[23]/C
Low Pulse Width   Fast    FDRE/C      n/a            0.500         10.000      9.500      SLICE_X42Y95    puf_bd_i/axi_gpio_0/U0/ip2bus_data_i_D1_reg[23]/C
Low Pulse Width   Slow    FDRE/C      n/a            0.500         10.000      9.500      SLICE_X43Y96    puf_bd_i/axi_gpio_0/U0/ip2bus_data_i_D1_reg[24]/C
Low Pulse Width   Fast    FDRE/C      n/a            0.500         10.000      9.500      SLICE_X43Y96    puf_bd_i/axi_gpio_0/U0/ip2bus_data_i_D1_reg[24]/C
High Pulse Width  Slow    SRL16E/CLK  n/a            0.980         10.000      9.020      SLICE_X26Y82    puf_bd_i/axi_smc/inst/clk_map/psr_aclk/U0/EXT_LPF/POR_SRL_I/CLK
High Pulse Width  Fast    SRL16E/CLK  n/a            0.980         10.000      9.020      SLICE_X26Y82    puf_bd_i/axi_smc/inst/clk_map/psr_aclk/U0/EXT_LPF/POR_SRL_I/CLK
High Pulse Width  Slow    SRL16E/CLK  n/a            0.980         10.000      9.020      SLICE_X26Y77    puf_bd_i/rst_ps7_0_50M/U0/EXT_LPF/POR_SRL_I/CLK
High Pulse Width  Fast    SRL16E/CLK  n/a            0.980         10.000      9.020      SLICE_X26Y77    puf_bd_i/rst_ps7_0_50M/U0/EXT_LPF/POR_SRL_I/CLK
High Pulse Width  Slow    FDRE/C      n/a            0.500         10.000      9.500      SLICE_X43Y96    puf_bd_i/axi_gpio_0/U0/ip2bus_data_i_D1_reg[0]/C
High Pulse Width  Fast    FDRE/C      n/a            0.500         10.000      9.500      SLICE_X43Y96    puf_bd_i/axi_gpio_0/U0/ip2bus_data_i_D1_reg[0]/C
High Pulse Width  Slow    FDRE/C      n/a            0.500         10.000      9.500      SLICE_X42Y95    puf_bd_i/axi_gpio_0/U0/ip2bus_data_i_D1_reg[23]/C
High Pulse Width  Fast    FDRE/C      n/a            0.500         10.000      9.500      SLICE_X42Y95    puf_bd_i/axi_gpio_0/U0/ip2bus_data_i_D1_reg[23]/C
High Pulse Width  Slow    FDRE/C      n/a            0.500         10.000      9.500      SLICE_X43Y96    puf_bd_i/axi_gpio_0/U0/ip2bus_data_i_D1_reg[24]/C
High Pulse Width  Fast    FDRE/C      n/a            0.500         10.000      9.500      SLICE_X43Y96    puf_bd_i/axi_gpio_0/U0/ip2bus_data_i_D1_reg[24]/C



---------------------------------------------------------------------------------------------------
Path Group:  **async_default**
From Clock:  clk_fpga_0
  To Clock:  clk_fpga_0

Setup :            0  Failing Endpoints,  Worst Slack       14.131ns,  Total Violation        0.000ns
Hold  :            0  Failing Endpoints,  Worst Slack        0.855ns,  Total Violation        0.000ns
---------------------------------------------------------------------------------------------------


Max Delay Paths
--------------------------------------------------------------------------------------
Slack (MET) :             14.131ns  (required time - arrival time)
  Source:                 puf_bd_i/puf_top_0/inst/driver/cnt_reg[2]/C
                            (rising edge-triggered cell FDCE clocked by clk_fpga_0  {rise@0.000ns fall@10.000ns period=20.000ns})
  Destination:            puf_bd_i/puf_top_0/inst/array/cells[5].cell_inst/R_reg/CLR
                            (recovery check against rising-edge clock clk_fpga_0  {rise@0.000ns fall@10.000ns period=20.000ns})
  Path Group:             **async_default**
  Path Type:              Recovery (Max at Slow Process Corner)
  Requirement:            20.000ns  (clk_fpga_0 rise@20.000ns - clk_fpga_0 rise@0.000ns)
  Data Path Delay:        4.983ns  (logic 0.730ns (14.650%)  route 4.253ns (85.350%))
  Logic Levels:           2  (LUT4=2)
  Clock Path Skew:        -0.063ns (DCD - SCD + CPR)
    Destination Clock Delay (DCD):    2.652ns = ( 22.652 - 20.000 ) 
    Source Clock Delay      (SCD):    2.944ns
    Clock Pessimism Removal (CPR):    0.229ns
  Clock Uncertainty:      0.302ns  ((TSJ^2 + TIJ^2)^1/2 + DJ) / 2 + PE
    Total System Jitter     (TSJ):    0.071ns
    Total Input Jitter      (TIJ):    0.600ns
    Discrete Jitter          (DJ):    0.000ns
    Phase Error              (PE):    0.000ns

    Location             Delay type                Incr(ns)  Path(ns)    Netlist Resource(s)
  -------------------------------------------------------------------    -------------------
                         (clock clk_fpga_0 rise edge)
                                                      0.000     0.000 r  
    PS7_X0Y0             PS7                          0.000     0.000 r  puf_bd_i/processing_system7_0/inst/PS7_i/FCLKCLK[0]
                         net (fo=1, routed)           1.193     1.193    puf_bd_i/processing_system7_0/inst/FCLK_CLK_unbuffered[0]
    BUFGCTRL_X0Y16       BUFG (Prop_bufg_I_O)         0.101     1.294 r  puf_bd_i/processing_system7_0/inst/buffer_fclk_clk_0.FCLK_CLK_0_BUFG/O
                         net (fo=1424, routed)        1.650     2.944    puf_bd_i/puf_top_0/inst/driver/clk
    SLICE_X43Y91         FDCE                                         r  puf_bd_i/puf_top_0/inst/driver/cnt_reg[2]/C
  -------------------------------------------------------------------    -------------------
    SLICE_X43Y91         FDCE (Prop_fdce_C_Q)         0.456     3.400 r  puf_bd_i/puf_top_0/inst/driver/cnt_reg[2]/Q
                         net (fo=8, routed)           1.052     4.452    puf_bd_i/puf_top_0/inst/driver/cnt_reg_n_0_[2]
    SLICE_X45Y91         LUT4 (Prop_lut4_I0_O)        0.124     4.576 f  puf_bd_i/puf_top_0/inst/driver/R_i_14/O
                         net (fo=1, routed)           0.433     5.009    puf_bd_i/puf_top_0/inst/driver/R_i_14_n_0
    SLICE_X45Y91         LUT4 (Prop_lut4_I1_O)        0.150     5.159 f  puf_bd_i/puf_top_0/inst/driver/R_i_3/O
                         net (fo=520, routed)         2.768     7.927    puf_bd_i/puf_top_0/inst/array/cells[5].cell_inst/rst_dff
    SLICE_X46Y85         FDCE                                         f  puf_bd_i/puf_top_0/inst/array/cells[5].cell_inst/R_reg/CLR
  -------------------------------------------------------------------    -------------------

                         (clock clk_fpga_0 rise edge)
                                                     20.000    20.000 r  
    PS7_X0Y0             PS7                          0.000    20.000 r  puf_bd_i/processing_system7_0/inst/PS7_i/FCLKCLK[0]
                         net (fo=1, routed)           1.088    21.088    puf_bd_i/processing_system7_0/inst/FCLK_CLK_unbuffered[0]
    BUFGCTRL_X0Y16       BUFG (Prop_bufg_I_O)         0.091    21.179 r  puf_bd_i/processing_system7_0/inst/buffer_fclk_clk_0.FCLK_CLK_0_BUFG/O
                         net (fo=1424, routed)        1.473    22.652    puf_bd_i/puf_top_0/inst/array/cells[5].cell_inst/clk
    SLICE_X46Y85         FDCE                                         r  puf_bd_i/puf_top_0/inst/array/cells[5].cell_inst/R_reg/C
                         clock pessimism              0.229    22.881    
                         clock uncertainty           -0.302    22.579    
    SLICE_X46Y85         FDCE (Recov_fdce_C_CLR)     -0.521    22.058    puf_bd_i/puf_top_0/inst/array/cells[5].cell_inst/R_reg
  -------------------------------------------------------------------
                         required time                         22.058    
                         arrival time                          -7.927    
  -------------------------------------------------------------------
                         slack                                 14.131    

Slack (MET) :             14.753ns  (required time - arrival time)
  Source:                 puf_bd_i/puf_top_0/inst/driver/cnt_reg[2]/C
                            (rising edge-triggered cell FDCE clocked by clk_fpga_0  {rise@0.000ns fall@10.000ns period=20.000ns})
  Destination:            puf_bd_i/puf_top_0/inst/array/cells[6].cell_inst/R_reg/CLR
                            (recovery check against rising-edge clock clk_fpga_0  {rise@0.000ns fall@10.000ns period=20.000ns})
  Path Group:             **async_default**
  Path Type:              Recovery (Max at Slow Process Corner)
  Requirement:            20.000ns  (clk_fpga_0 rise@20.000ns - clk_fpga_0 rise@0.000ns)
  Data Path Delay:        4.441ns  (logic 0.730ns (16.436%)  route 3.711ns (83.564%))
  Logic Levels:           2  (LUT4=2)
  Clock Path Skew:        0.017ns (DCD - SCD + CPR)
    Destination Clock Delay (DCD):    2.832ns = ( 22.832 - 20.000 ) 
    Source Clock Delay      (SCD):    2.944ns
    Clock Pessimism Removal (CPR):    0.129ns
  Clock Uncertainty:      0.302ns  ((TSJ^2 + TIJ^2)^1/2 + DJ) / 2 + PE
    Total System Jitter     (TSJ):    0.071ns
    Total Input Jitter      (TIJ):    0.600ns
    Discrete Jitter          (DJ):    0.000ns
    Phase Error              (PE):    0.000ns

    Location             Delay type                Incr(ns)  Path(ns)    Netlist Resource(s)
  -------------------------------------------------------------------    -------------------
                         (clock clk_fpga_0 rise edge)
                                                      0.000     0.000 r  
    PS7_X0Y0             PS7                          0.000     0.000 r  puf_bd_i/processing_system7_0/inst/PS7_i/FCLKCLK[0]
                         net (fo=1, routed)           1.193     1.193    puf_bd_i/processing_system7_0/inst/FCLK_CLK_unbuffered[0]
    BUFGCTRL_X0Y16       BUFG (Prop_bufg_I_O)         0.101     1.294 r  puf_bd_i/processing_system7_0/inst/buffer_fclk_clk_0.FCLK_CLK_0_BUFG/O
                         net (fo=1424, routed)        1.650     2.944    puf_bd_i/puf_top_0/inst/driver/clk
    SLICE_X43Y91         FDCE                                         r  puf_bd_i/puf_top_0/inst/driver/cnt_reg[2]/C
  -------------------------------------------------------------------    -------------------
    SLICE_X43Y91         FDCE (Prop_fdce_C_Q)         0.456     3.400 r  puf_bd_i/puf_top_0/inst/driver/cnt_reg[2]/Q
                         net (fo=8, routed)           1.052     4.452    puf_bd_i/puf_top_0/inst/driver/cnt_reg_n_0_[2]
    SLICE_X45Y91         LUT4 (Prop_lut4_I0_O)        0.124     4.576 f  puf_bd_i/puf_top_0/inst/driver/R_i_14/O
                         net (fo=1, routed)           0.433     5.009    puf_bd_i/puf_top_0/inst/driver/R_i_14_n_0
    SLICE_X45Y91         LUT4 (Prop_lut4_I1_O)        0.150     5.159 f  puf_bd_i/puf_top_0/inst/driver/R_i_3/O
                         net (fo=520, routed)         2.227     7.385    puf_bd_i/puf_top_0/inst/array/cells[6].cell_inst/rst_dff
    SLICE_X42Y103        FDCE                                         f  puf_bd_i/puf_top_0/inst/array/cells[6].cell_inst/R_reg/CLR
  -------------------------------------------------------------------    -------------------

                         (clock clk_fpga_0 rise edge)
                                                     20.000    20.000 r  
    PS7_X0Y0             PS7                          0.000    20.000 r  puf_bd_i/processing_system7_0/inst/PS7_i/FCLKCLK[0]
                         net (fo=1, routed)           1.088    21.088    puf_bd_i/processing_system7_0/inst/FCLK_CLK_unbuffered[0]
    BUFGCTRL_X0Y16       BUFG (Prop_bufg_I_O)         0.091    21.179 r  puf_bd_i/processing_system7_0/inst/buffer_fclk_clk_0.FCLK_CLK_0_BUFG/O
                         net (fo=1424, routed)        1.653    22.832    puf_bd_i/puf_top_0/inst/array/cells[6].cell_inst/clk
    SLICE_X42Y103        FDCE                                         r  puf_bd_i/puf_top_0/inst/array/cells[6].cell_inst/R_reg/C
                         clock pessimism              0.129    22.961    
                         clock uncertainty           -0.302    22.659    
    SLICE_X42Y103        FDCE (Recov_fdce_C_CLR)     -0.521    22.138    puf_bd_i/puf_top_0/inst/array/cells[6].cell_inst/R_reg
  -------------------------------------------------------------------
                         required time                         22.138    
                         arrival time                          -7.385    
  -------------------------------------------------------------------
                         slack                                 14.753    

Slack (MET) :             14.785ns  (required time - arrival time)
  Source:                 puf_bd_i/puf_top_0/inst/driver/cnt_reg[2]/C
                            (rising edge-triggered cell FDCE clocked by clk_fpga_0  {rise@0.000ns fall@10.000ns period=20.000ns})
  Destination:            puf_bd_i/puf_top_0/inst/array/cells[1].cell_inst/R_reg/CLR
                            (recovery check against rising-edge clock clk_fpga_0  {rise@0.000ns fall@10.000ns period=20.000ns})
  Path Group:             **async_default**
  Path Type:              Recovery (Max at Slow Process Corner)
  Requirement:            20.000ns  (clk_fpga_0 rise@20.000ns - clk_fpga_0 rise@0.000ns)
  Data Path Delay:        4.397ns  (logic 0.730ns (16.604%)  route 3.667ns (83.396%))
  Logic Levels:           2  (LUT4=2)
  Clock Path Skew:        0.004ns (DCD - SCD + CPR)
    Destination Clock Delay (DCD):    2.819ns = ( 22.819 - 20.000 ) 
    Source Clock Delay      (SCD):    2.944ns
    Clock Pessimism Removal (CPR):    0.129ns
  Clock Uncertainty:      0.302ns  ((TSJ^2 + TIJ^2)^1/2 + DJ) / 2 + PE
    Total System Jitter     (TSJ):    0.071ns
    Total Input Jitter      (TIJ):    0.600ns
    Discrete Jitter          (DJ):    0.000ns
    Phase Error              (PE):    0.000ns

    Location             Delay type                Incr(ns)  Path(ns)    Netlist Resource(s)
  -------------------------------------------------------------------    -------------------
                         (clock clk_fpga_0 rise edge)
                                                      0.000     0.000 r  
    PS7_X0Y0             PS7                          0.000     0.000 r  puf_bd_i/processing_system7_0/inst/PS7_i/FCLKCLK[0]
                         net (fo=1, routed)           1.193     1.193    puf_bd_i/processing_system7_0/inst/FCLK_CLK_unbuffered[0]
    BUFGCTRL_X0Y16       BUFG (Prop_bufg_I_O)         0.101     1.294 r  puf_bd_i/processing_system7_0/inst/buffer_fclk_clk_0.FCLK_CLK_0_BUFG/O
                         net (fo=1424, routed)        1.650     2.944    puf_bd_i/puf_top_0/inst/driver/clk
    SLICE_X43Y91         FDCE                                         r  puf_bd_i/puf_top_0/inst/driver/cnt_reg[2]/C
  -------------------------------------------------------------------    -------------------
    SLICE_X43Y91         FDCE (Prop_fdce_C_Q)         0.456     3.400 r  puf_bd_i/puf_top_0/inst/driver/cnt_reg[2]/Q
                         net (fo=8, routed)           1.052     4.452    puf_bd_i/puf_top_0/inst/driver/cnt_reg_n_0_[2]
    SLICE_X45Y91         LUT4 (Prop_lut4_I0_O)        0.124     4.576 f  puf_bd_i/puf_top_0/inst/driver/R_i_14/O
                         net (fo=1, routed)           0.433     5.009    puf_bd_i/puf_top_0/inst/driver/R_i_14_n_0
    SLICE_X45Y91         LUT4 (Prop_lut4_I1_O)        0.150     5.159 f  puf_bd_i/puf_top_0/inst/driver/R_i_3/O
                         net (fo=520, routed)         2.182     7.341    puf_bd_i/puf_top_0/inst/array/cells[1].cell_inst/rst_dff
    SLICE_X50Y103        FDCE                                         f  puf_bd_i/puf_top_0/inst/array/cells[1].cell_inst/R_reg/CLR
  -------------------------------------------------------------------    -------------------

                         (clock clk_fpga_0 rise edge)
                                                     20.000    20.000 r  
    PS7_X0Y0             PS7                          0.000    20.000 r  puf_bd_i/processing_system7_0/inst/PS7_i/FCLKCLK[0]
                         net (fo=1, routed)           1.088    21.088    puf_bd_i/processing_system7_0/inst/FCLK_CLK_unbuffered[0]
    BUFGCTRL_X0Y16       BUFG (Prop_bufg_I_O)         0.091    21.179 r  puf_bd_i/processing_system7_0/inst/buffer_fclk_clk_0.FCLK_CLK_0_BUFG/O
                         net (fo=1424, routed)        1.640    22.819    puf_bd_i/puf_top_0/inst/array/cells[1].cell_inst/clk
    SLICE_X50Y103        FDCE                                         r  puf_bd_i/puf_top_0/inst/array/cells[1].cell_inst/R_reg/C
                         clock pessimism              0.129    22.948    
                         clock uncertainty           -0.302    22.646    
    SLICE_X50Y103        FDCE (Recov_fdce_C_CLR)     -0.521    22.125    puf_bd_i/puf_top_0/inst/array/cells[1].cell_inst/R_reg
  -------------------------------------------------------------------
                         required time                         22.125    
                         arrival time                          -7.341    
  -------------------------------------------------------------------
                         slack                                 14.785    

Slack (MET) :             14.786ns  (required time - arrival time)
  Source:                 puf_bd_i/puf_top_0/inst/driver/cnt_reg[2]/C
                            (rising edge-triggered cell FDCE clocked by clk_fpga_0  {rise@0.000ns fall@10.000ns period=20.000ns})
  Destination:            puf_bd_i/puf_top_0/inst/array/cells[2].cell_inst/R_reg/CLR
                            (recovery check against rising-edge clock clk_fpga_0  {rise@0.000ns fall@10.000ns period=20.000ns})
  Path Group:             **async_default**
  Path Type:              Recovery (Max at Slow Process Corner)
  Requirement:            20.000ns  (clk_fpga_0 rise@20.000ns - clk_fpga_0 rise@0.000ns)
  Data Path Delay:        4.407ns  (logic 0.730ns (16.566%)  route 3.677ns (83.434%))
  Logic Levels:           2  (LUT4=2)
  Clock Path Skew:        0.016ns (DCD - SCD + CPR)
    Destination Clock Delay (DCD):    2.831ns = ( 22.831 - 20.000 ) 
    Source Clock Delay      (SCD):    2.944ns
    Clock Pessimism Removal (CPR):    0.129ns
  Clock Uncertainty:      0.302ns  ((TSJ^2 + TIJ^2)^1/2 + DJ) / 2 + PE
    Total System Jitter     (TSJ):    0.071ns
    Total Input Jitter      (TIJ):    0.600ns
    Discrete Jitter          (DJ):    0.000ns
    Phase Error              (PE):    0.000ns

    Location             Delay type                Incr(ns)  Path(ns)    Netlist Resource(s)
  -------------------------------------------------------------------    -------------------
                         (clock clk_fpga_0 rise edge)
                                                      0.000     0.000 r  
    PS7_X0Y0             PS7                          0.000     0.000 r  puf_bd_i/processing_system7_0/inst/PS7_i/FCLKCLK[0]
                         net (fo=1, routed)           1.193     1.193    puf_bd_i/processing_system7_0/inst/FCLK_CLK_unbuffered[0]
    BUFGCTRL_X0Y16       BUFG (Prop_bufg_I_O)         0.101     1.294 r  puf_bd_i/processing_system7_0/inst/buffer_fclk_clk_0.FCLK_CLK_0_BUFG/O
                         net (fo=1424, routed)        1.650     2.944    puf_bd_i/puf_top_0/inst/driver/clk
    SLICE_X43Y91         FDCE                                         r  puf_bd_i/puf_top_0/inst/driver/cnt_reg[2]/C
  -------------------------------------------------------------------    -------------------
    SLICE_X43Y91         FDCE (Prop_fdce_C_Q)         0.456     3.400 r  puf_bd_i/puf_top_0/inst/driver/cnt_reg[2]/Q
                         net (fo=8, routed)           1.052     4.452    puf_bd_i/puf_top_0/inst/driver/cnt_reg_n_0_[2]
    SLICE_X45Y91         LUT4 (Prop_lut4_I0_O)        0.124     4.576 f  puf_bd_i/puf_top_0/inst/driver/R_i_14/O
                         net (fo=1, routed)           0.433     5.009    puf_bd_i/puf_top_0/inst/driver/R_i_14_n_0
    SLICE_X45Y91         LUT4 (Prop_lut4_I1_O)        0.150     5.159 f  puf_bd_i/puf_top_0/inst/driver/R_i_3/O
                         net (fo=520, routed)         2.192     7.351    puf_bd_i/puf_top_0/inst/array/cells[2].cell_inst/rst_dff
    SLICE_X38Y107        FDCE                                         f  puf_bd_i/puf_top_0/inst/array/cells[2].cell_inst/R_reg/CLR
  -------------------------------------------------------------------    -------------------

                         (clock clk_fpga_0 rise edge)
                                                     20.000    20.000 r  
    PS7_X0Y0             PS7                          0.000    20.000 r  puf_bd_i/processing_system7_0/inst/PS7_i/FCLKCLK[0]
                         net (fo=1, routed)           1.088    21.088    puf_bd_i/processing_system7_0/inst/FCLK_CLK_unbuffered[0]
    BUFGCTRL_X0Y16       BUFG (Prop_bufg_I_O)         0.091    21.179 r  puf_bd_i/processing_system7_0/inst/buffer_fclk_clk_0.FCLK_CLK_0_BUFG/O
                         net (fo=1424, routed)        1.652    22.831    puf_bd_i/puf_top_0/inst/array/cells[2].cell_inst/clk
    SLICE_X38Y107        FDCE                                         r  puf_bd_i/puf_top_0/inst/array/cells[2].cell_inst/R_reg/C
                         clock pessimism              0.129    22.960    
                         clock uncertainty           -0.302    22.658    
    SLICE_X38Y107        FDCE (Recov_fdce_C_CLR)     -0.521    22.137    puf_bd_i/puf_top_0/inst/array/cells[2].cell_inst/R_reg
  -------------------------------------------------------------------
                         required time                         22.137    
                         arrival time                          -7.351    
  -------------------------------------------------------------------
                         slack                                 14.786    

Slack (MET) :             14.915ns  (required time - arrival time)
  Source:                 puf_bd_i/puf_top_0/inst/driver/cnt_reg[2]/C
                            (rising edge-triggered cell FDCE clocked by clk_fpga_0  {rise@0.000ns fall@10.000ns period=20.000ns})
  Destination:            puf_bd_i/puf_top_0/inst/array/cells[3].cell_inst/R_reg/CLR
                            (recovery check against rising-edge clock clk_fpga_0  {rise@0.000ns fall@10.000ns period=20.000ns})
  Path Group:             **async_default**
  Path Type:              Recovery (Max at Slow Process Corner)
  Requirement:            20.000ns  (clk_fpga_0 rise@20.000ns - clk_fpga_0 rise@0.000ns)
  Data Path Delay:        4.192ns  (logic 0.730ns (17.416%)  route 3.462ns (82.584%))
  Logic Levels:           2  (LUT4=2)
  Clock Path Skew:        0.016ns (DCD - SCD + CPR)
    Destination Clock Delay (DCD):    2.831ns = ( 22.831 - 20.000 ) 
    Source Clock Delay      (SCD):    2.944ns
    Clock Pessimism Removal (CPR):    0.129ns
  Clock Uncertainty:      0.302ns  ((TSJ^2 + TIJ^2)^1/2 + DJ) / 2 + PE
    Total System Jitter     (TSJ):    0.071ns
    Total Input Jitter      (TIJ):    0.600ns
    Discrete Jitter          (DJ):    0.000ns
    Phase Error              (PE):    0.000ns

    Location             Delay type                Incr(ns)  Path(ns)    Netlist Resource(s)
  -------------------------------------------------------------------    -------------------
                         (clock clk_fpga_0 rise edge)
                                                      0.000     0.000 r  
    PS7_X0Y0             PS7                          0.000     0.000 r  puf_bd_i/processing_system7_0/inst/PS7_i/FCLKCLK[0]
                         net (fo=1, routed)           1.193     1.193    puf_bd_i/processing_system7_0/inst/FCLK_CLK_unbuffered[0]
    BUFGCTRL_X0Y16       BUFG (Prop_bufg_I_O)         0.101     1.294 r  puf_bd_i/processing_system7_0/inst/buffer_fclk_clk_0.FCLK_CLK_0_BUFG/O
                         net (fo=1424, routed)        1.650     2.944    puf_bd_i/puf_top_0/inst/driver/clk
    SLICE_X43Y91         FDCE                                         r  puf_bd_i/puf_top_0/inst/driver/cnt_reg[2]/C
  -------------------------------------------------------------------    -------------------
    SLICE_X43Y91         FDCE (Prop_fdce_C_Q)         0.456     3.400 r  puf_bd_i/puf_top_0/inst/driver/cnt_reg[2]/Q
                         net (fo=8, routed)           1.052     4.452    puf_bd_i/puf_top_0/inst/driver/cnt_reg_n_0_[2]
    SLICE_X45Y91         LUT4 (Prop_lut4_I0_O)        0.124     4.576 f  puf_bd_i/puf_top_0/inst/driver/R_i_14/O
                         net (fo=1, routed)           0.433     5.009    puf_bd_i/puf_top_0/inst/driver/R_i_14_n_0
    SLICE_X45Y91         LUT4 (Prop_lut4_I1_O)        0.150     5.159 f  puf_bd_i/puf_top_0/inst/driver/R_i_3/O
                         net (fo=520, routed)         1.977     7.136    puf_bd_i/puf_top_0/inst/array/cells[3].cell_inst/rst_dff
    SLICE_X47Y106        FDCE                                         f  puf_bd_i/puf_top_0/inst/array/cells[3].cell_inst/R_reg/CLR
  -------------------------------------------------------------------    -------------------

                         (clock clk_fpga_0 rise edge)
                                                     20.000    20.000 r  
    PS7_X0Y0             PS7                          0.000    20.000 r  puf_bd_i/processing_system7_0/inst/PS7_i/FCLKCLK[0]
                         net (fo=1, routed)           1.088    21.088    puf_bd_i/processing_system7_0/inst/FCLK_CLK_unbuffered[0]
    BUFGCTRL_X0Y16       BUFG (Prop_bufg_I_O)         0.091    21.179 r  puf_bd_i/processing_system7_0/inst/buffer_fclk_clk_0.FCLK_CLK_0_BUFG/O
                         net (fo=1424, routed)        1.652    22.831    puf_bd_i/puf_top_0/inst/array/cells[3].cell_inst/clk
    SLICE_X47Y106        FDCE                                         r  puf_bd_i/puf_top_0/inst/array/cells[3].cell_inst/R_reg/C
                         clock pessimism              0.129    22.960    
                         clock uncertainty           -0.302    22.658    
    SLICE_X47Y106        FDCE (Recov_fdce_C_CLR)     -0.607    22.051    puf_bd_i/puf_top_0/inst/array/cells[3].cell_inst/R_reg
  -------------------------------------------------------------------
                         required time                         22.051    
                         arrival time                          -7.136    
  -------------------------------------------------------------------
                         slack                                 14.915    

Slack (MET) :             15.096ns  (required time - arrival time)
  Source:                 puf_bd_i/rst_ps7_0_50M/U0/ACTIVE_LOW_PR_OUT_DFF[0].FDRE_PER_N/C
                            (rising edge-triggered cell FDRE clocked by clk_fpga_0  {rise@0.000ns fall@10.000ns period=20.000ns})
  Destination:            puf_bd_i/puf_top_0/inst/done_r_reg/CLR
                            (recovery check against rising-edge clock clk_fpga_0  {rise@0.000ns fall@10.000ns period=20.000ns})
  Path Group:             **async_default**
  Path Type:              Recovery (Max at Slow Process Corner)
  Requirement:            20.000ns  (clk_fpga_0 rise@20.000ns - clk_fpga_0 rise@0.000ns)
  Data Path Delay:        3.895ns  (logic 0.605ns (15.534%)  route 3.290ns (84.466%))
  Logic Levels:           1  (LUT1=1)
  Clock Path Skew:        -0.094ns (DCD - SCD + CPR)
    Destination Clock Delay (DCD):    2.656ns = ( 22.656 - 20.000 ) 
    Source Clock Delay      (SCD):    2.979ns
    Clock Pessimism Removal (CPR):    0.229ns
  Clock Uncertainty:      0.302ns  ((TSJ^2 + TIJ^2)^1/2 + DJ) / 2 + PE
    Total System Jitter     (TSJ):    0.071ns
    Total Input Jitter      (TIJ):    0.600ns
    Discrete Jitter          (DJ):    0.000ns
    Phase Error              (PE):    0.000ns

    Location             Delay type                Incr(ns)  Path(ns)    Netlist Resource(s)
  -------------------------------------------------------------------    -------------------
                         (clock clk_fpga_0 rise edge)
                                                      0.000     0.000 r  
    PS7_X0Y0             PS7                          0.000     0.000 r  puf_bd_i/processing_system7_0/inst/PS7_i/FCLKCLK[0]
                         net (fo=1, routed)           1.193     1.193    puf_bd_i/processing_system7_0/inst/FCLK_CLK_unbuffered[0]
    BUFGCTRL_X0Y16       BUFG (Prop_bufg_I_O)         0.101     1.294 r  puf_bd_i/processing_system7_0/inst/buffer_fclk_clk_0.FCLK_CLK_0_BUFG/O
                         net (fo=1424, routed)        1.685     2.979    puf_bd_i/rst_ps7_0_50M/U0/slowest_sync_clk
    SLICE_X28Y78         FDRE                                         r  puf_bd_i/rst_ps7_0_50M/U0/ACTIVE_LOW_PR_OUT_DFF[0].FDRE_PER_N/C
  -------------------------------------------------------------------    -------------------
    SLICE_X28Y78         FDRE (Prop_fdre_C_Q)         0.456     3.435 r  puf_bd_i/rst_ps7_0_50M/U0/ACTIVE_LOW_PR_OUT_DFF[0].FDRE_PER_N/Q
                         net (fo=8, routed)           2.243     5.678    puf_bd_i/puf_top_0/inst/driver/reset_n
    SLICE_X40Y96         LUT1 (Prop_lut1_I0_O)        0.149     5.827 f  puf_bd_i/puf_top_0/inst/driver/done_r_i_2/O
                         net (fo=11, routed)          1.047     6.874    puf_bd_i/puf_top_0/inst/driver_n_0
    SLICE_X45Y92         FDCE                                         f  puf_bd_i/puf_top_0/inst/done_r_reg/CLR
  -------------------------------------------------------------------    -------------------

                         (clock clk_fpga_0 rise edge)
                                                     20.000    20.000 r  
    PS7_X0Y0             PS7                          0.000    20.000 r  puf_bd_i/processing_system7_0/inst/PS7_i/FCLKCLK[0]
                         net (fo=1, routed)           1.088    21.088    puf_bd_i/processing_system7_0/inst/FCLK_CLK_unbuffered[0]
    BUFGCTRL_X0Y16       BUFG (Prop_bufg_I_O)         0.091    21.179 r  puf_bd_i/processing_system7_0/inst/buffer_fclk_clk_0.FCLK_CLK_0_BUFG/O
                         net (fo=1424, routed)        1.477    22.656    puf_bd_i/puf_top_0/inst/clk
    SLICE_X45Y92         FDCE                                         r  puf_bd_i/puf_top_0/inst/done_r_reg/C
                         clock pessimism              0.229    22.885    
                         clock uncertainty           -0.302    22.583    
    SLICE_X45Y92         FDCE (Recov_fdce_C_CLR)     -0.613    21.970    puf_bd_i/puf_top_0/inst/done_r_reg
  -------------------------------------------------------------------
                         required time                         21.970    
                         arrival time                          -6.874    
  -------------------------------------------------------------------
                         slack                                 15.096    

Slack (MET) :             15.096ns  (required time - arrival time)
  Source:                 puf_bd_i/rst_ps7_0_50M/U0/ACTIVE_LOW_PR_OUT_DFF[0].FDRE_PER_N/C
                            (rising edge-triggered cell FDRE clocked by clk_fpga_0  {rise@0.000ns fall@10.000ns period=20.000ns})
  Destination:            puf_bd_i/puf_top_0/inst/driver/running_reg/CLR
                            (recovery check against rising-edge clock clk_fpga_0  {rise@0.000ns fall@10.000ns period=20.000ns})
  Path Group:             **async_default**
  Path Type:              Recovery (Max at Slow Process Corner)
  Requirement:            20.000ns  (clk_fpga_0 rise@20.000ns - clk_fpga_0 rise@0.000ns)
  Data Path Delay:        3.895ns  (logic 0.605ns (15.534%)  route 3.290ns (84.466%))
  Logic Levels:           1  (LUT1=1)
  Clock Path Skew:        -0.094ns (DCD - SCD + CPR)
    Destination Clock Delay (DCD):    2.656ns = ( 22.656 - 20.000 ) 
    Source Clock Delay      (SCD):    2.979ns
    Clock Pessimism Removal (CPR):    0.229ns
  Clock Uncertainty:      0.302ns  ((TSJ^2 + TIJ^2)^1/2 + DJ) / 2 + PE
    Total System Jitter     (TSJ):    0.071ns
    Total Input Jitter      (TIJ):    0.600ns
    Discrete Jitter          (DJ):    0.000ns
    Phase Error              (PE):    0.000ns

    Location             Delay type                Incr(ns)  Path(ns)    Netlist Resource(s)
  -------------------------------------------------------------------    -------------------
                         (clock clk_fpga_0 rise edge)
                                                      0.000     0.000 r  
    PS7_X0Y0             PS7                          0.000     0.000 r  puf_bd_i/processing_system7_0/inst/PS7_i/FCLKCLK[0]
                         net (fo=1, routed)           1.193     1.193    puf_bd_i/processing_system7_0/inst/FCLK_CLK_unbuffered[0]
    BUFGCTRL_X0Y16       BUFG (Prop_bufg_I_O)         0.101     1.294 r  puf_bd_i/processing_system7_0/inst/buffer_fclk_clk_0.FCLK_CLK_0_BUFG/O
                         net (fo=1424, routed)        1.685     2.979    puf_bd_i/rst_ps7_0_50M/U0/slowest_sync_clk
    SLICE_X28Y78         FDRE                                         r  puf_bd_i/rst_ps7_0_50M/U0/ACTIVE_LOW_PR_OUT_DFF[0].FDRE_PER_N/C
  -------------------------------------------------------------------    -------------------
    SLICE_X28Y78         FDRE (Prop_fdre_C_Q)         0.456     3.435 r  puf_bd_i/rst_ps7_0_50M/U0/ACTIVE_LOW_PR_OUT_DFF[0].FDRE_PER_N/Q
                         net (fo=8, routed)           2.243     5.678    puf_bd_i/puf_top_0/inst/driver/reset_n
    SLICE_X40Y96         LUT1 (Prop_lut1_I0_O)        0.149     5.827 f  puf_bd_i/puf_top_0/inst/driver/done_r_i_2/O
                         net (fo=11, routed)          1.047     6.874    puf_bd_i/puf_top_0/inst/driver/reset_n_0
    SLICE_X45Y92         FDCE                                         f  puf_bd_i/puf_top_0/inst/driver/running_reg/CLR
  -------------------------------------------------------------------    -------------------

                         (clock clk_fpga_0 rise edge)
                                                     20.000    20.000 r  
    PS7_X0Y0             PS7                          0.000    20.000 r  puf_bd_i/processing_system7_0/inst/PS7_i/FCLKCLK[0]
                         net (fo=1, routed)           1.088    21.088    puf_bd_i/processing_system7_0/inst/FCLK_CLK_unbuffered[0]
    BUFGCTRL_X0Y16       BUFG (Prop_bufg_I_O)         0.091    21.179 r  puf_bd_i/processing_system7_0/inst/buffer_fclk_clk_0.FCLK_CLK_0_BUFG/O
                         net (fo=1424, routed)        1.477    22.656    puf_bd_i/puf_top_0/inst/driver/clk
    SLICE_X45Y92         FDCE                                         r  puf_bd_i/puf_top_0/inst/driver/running_reg/C
                         clock pessimism              0.229    22.885    
                         clock uncertainty           -0.302    22.583    
    SLICE_X45Y92         FDCE (Recov_fdce_C_CLR)     -0.613    21.970    puf_bd_i/puf_top_0/inst/driver/running_reg
  -------------------------------------------------------------------
                         required time                         21.970    
                         arrival time                          -6.874    
  -------------------------------------------------------------------
                         slack                                 15.096    

Slack (MET) :             15.096ns  (required time - arrival time)
  Source:                 puf_bd_i/rst_ps7_0_50M/U0/ACTIVE_LOW_PR_OUT_DFF[0].FDRE_PER_N/C
                            (rising edge-triggered cell FDRE clocked by clk_fpga_0  {rise@0.000ns fall@10.000ns period=20.000ns})
  Destination:            puf_bd_i/puf_top_0/inst/driver/start_meta_reg/CLR
                            (recovery check against rising-edge clock clk_fpga_0  {rise@0.000ns fall@10.000ns period=20.000ns})
  Path Group:             **async_default**
  Path Type:              Recovery (Max at Slow Process Corner)
  Requirement:            20.000ns  (clk_fpga_0 rise@20.000ns - clk_fpga_0 rise@0.000ns)
  Data Path Delay:        3.895ns  (logic 0.605ns (15.534%)  route 3.290ns (84.466%))
  Logic Levels:           1  (LUT1=1)
  Clock Path Skew:        -0.094ns (DCD - SCD + CPR)
    Destination Clock Delay (DCD):    2.656ns = ( 22.656 - 20.000 ) 
    Source Clock Delay      (SCD):    2.979ns
    Clock Pessimism Removal (CPR):    0.229ns
  Clock Uncertainty:      0.302ns  ((TSJ^2 + TIJ^2)^1/2 + DJ) / 2 + PE
    Total System Jitter     (TSJ):    0.071ns
    Total Input Jitter      (TIJ):    0.600ns
    Discrete Jitter          (DJ):    0.000ns
    Phase Error              (PE):    0.000ns

    Location             Delay type                Incr(ns)  Path(ns)    Netlist Resource(s)
  -------------------------------------------------------------------    -------------------
                         (clock clk_fpga_0 rise edge)
                                                      0.000     0.000 r  
    PS7_X0Y0             PS7                          0.000     0.000 r  puf_bd_i/processing_system7_0/inst/PS7_i/FCLKCLK[0]
                         net (fo=1, routed)           1.193     1.193    puf_bd_i/processing_system7_0/inst/FCLK_CLK_unbuffered[0]
    BUFGCTRL_X0Y16       BUFG (Prop_bufg_I_O)         0.101     1.294 r  puf_bd_i/processing_system7_0/inst/buffer_fclk_clk_0.FCLK_CLK_0_BUFG/O
                         net (fo=1424, routed)        1.685     2.979    puf_bd_i/rst_ps7_0_50M/U0/slowest_sync_clk
    SLICE_X28Y78         FDRE                                         r  puf_bd_i/rst_ps7_0_50M/U0/ACTIVE_LOW_PR_OUT_DFF[0].FDRE_PER_N/C
  -------------------------------------------------------------------    -------------------
    SLICE_X28Y78         FDRE (Prop_fdre_C_Q)         0.456     3.435 r  puf_bd_i/rst_ps7_0_50M/U0/ACTIVE_LOW_PR_OUT_DFF[0].FDRE_PER_N/Q
                         net (fo=8, routed)           2.243     5.678    puf_bd_i/puf_top_0/inst/driver/reset_n
    SLICE_X40Y96         LUT1 (Prop_lut1_I0_O)        0.149     5.827 f  puf_bd_i/puf_top_0/inst/driver/done_r_i_2/O
                         net (fo=11, routed)          1.047     6.874    puf_bd_i/puf_top_0/inst/driver/reset_n_0
    SLICE_X45Y92         FDCE                                         f  puf_bd_i/puf_top_0/inst/driver/start_meta_reg/CLR
  -------------------------------------------------------------------    -------------------

                         (clock clk_fpga_0 rise edge)
                                                     20.000    20.000 r  
    PS7_X0Y0             PS7                          0.000    20.000 r  puf_bd_i/processing_system7_0/inst/PS7_i/FCLKCLK[0]
                         net (fo=1, routed)           1.088    21.088    puf_bd_i/processing_system7_0/inst/FCLK_CLK_unbuffered[0]
    BUFGCTRL_X0Y16       BUFG (Prop_bufg_I_O)         0.091    21.179 r  puf_bd_i/processing_system7_0/inst/buffer_fclk_clk_0.FCLK_CLK_0_BUFG/O
                         net (fo=1424, routed)        1.477    22.656    puf_bd_i/puf_top_0/inst/driver/clk
    SLICE_X45Y92         FDCE                                         r  puf_bd_i/puf_top_0/inst/driver/start_meta_reg/C
                         clock pessimism              0.229    22.885    
                         clock uncertainty           -0.302    22.583    
    SLICE_X45Y92         FDCE (Recov_fdce_C_CLR)     -0.613    21.970    puf_bd_i/puf_top_0/inst/driver/start_meta_reg
  -------------------------------------------------------------------
                         required time                         21.970    
                         arrival time                          -6.874    
  -------------------------------------------------------------------
                         slack                                 15.096    

Slack (MET) :             15.096ns  (required time - arrival time)
  Source:                 puf_bd_i/rst_ps7_0_50M/U0/ACTIVE_LOW_PR_OUT_DFF[0].FDRE_PER_N/C
                            (rising edge-triggered cell FDRE clocked by clk_fpga_0  {rise@0.000ns fall@10.000ns period=20.000ns})
  Destination:            puf_bd_i/puf_top_0/inst/driver/start_prev_reg/CLR
                            (recovery check against rising-edge clock clk_fpga_0  {rise@0.000ns fall@10.000ns period=20.000ns})
  Path Group:             **async_default**
  Path Type:              Recovery (Max at Slow Process Corner)
  Requirement:            20.000ns  (clk_fpga_0 rise@20.000ns - clk_fpga_0 rise@0.000ns)
  Data Path Delay:        3.895ns  (logic 0.605ns (15.534%)  route 3.290ns (84.466%))
  Logic Levels:           1  (LUT1=1)
  Clock Path Skew:        -0.094ns (DCD - SCD + CPR)
    Destination Clock Delay (DCD):    2.656ns = ( 22.656 - 20.000 ) 
    Source Clock Delay      (SCD):    2.979ns
    Clock Pessimism Removal (CPR):    0.229ns
  Clock Uncertainty:      0.302ns  ((TSJ^2 + TIJ^2)^1/2 + DJ) / 2 + PE
    Total System Jitter     (TSJ):    0.071ns
    Total Input Jitter      (TIJ):    0.600ns
    Discrete Jitter          (DJ):    0.000ns
    Phase Error              (PE):    0.000ns

    Location             Delay type                Incr(ns)  Path(ns)    Netlist Resource(s)
  -------------------------------------------------------------------    -------------------
                         (clock clk_fpga_0 rise edge)
                                                      0.000     0.000 r  
    PS7_X0Y0             PS7                          0.000     0.000 r  puf_bd_i/processing_system7_0/inst/PS7_i/FCLKCLK[0]
                         net (fo=1, routed)           1.193     1.193    puf_bd_i/processing_system7_0/inst/FCLK_CLK_unbuffered[0]
    BUFGCTRL_X0Y16       BUFG (Prop_bufg_I_O)         0.101     1.294 r  puf_bd_i/processing_system7_0/inst/buffer_fclk_clk_0.FCLK_CLK_0_BUFG/O
                         net (fo=1424, routed)        1.685     2.979    puf_bd_i/rst_ps7_0_50M/U0/slowest_sync_clk
    SLICE_X28Y78         FDRE                                         r  puf_bd_i/rst_ps7_0_50M/U0/ACTIVE_LOW_PR_OUT_DFF[0].FDRE_PER_N/C
  -------------------------------------------------------------------    -------------------
    SLICE_X28Y78         FDRE (Prop_fdre_C_Q)         0.456     3.435 r  puf_bd_i/rst_ps7_0_50M/U0/ACTIVE_LOW_PR_OUT_DFF[0].FDRE_PER_N/Q
                         net (fo=8, routed)           2.243     5.678    puf_bd_i/puf_top_0/inst/driver/reset_n
    SLICE_X40Y96         LUT1 (Prop_lut1_I0_O)        0.149     5.827 f  puf_bd_i/puf_top_0/inst/driver/done_r_i_2/O
                         net (fo=11, routed)          1.047     6.874    puf_bd_i/puf_top_0/inst/driver/reset_n_0
    SLICE_X45Y92         FDCE                                         f  puf_bd_i/puf_top_0/inst/driver/start_prev_reg/CLR
  -------------------------------------------------------------------    -------------------

                         (clock clk_fpga_0 rise edge)
                                                     20.000    20.000 r  
    PS7_X0Y0             PS7                          0.000    20.000 r  puf_bd_i/processing_system7_0/inst/PS7_i/FCLKCLK[0]
                         net (fo=1, routed)           1.088    21.088    puf_bd_i/processing_system7_0/inst/FCLK_CLK_unbuffered[0]
    BUFGCTRL_X0Y16       BUFG (Prop_bufg_I_O)         0.091    21.179 r  puf_bd_i/processing_system7_0/inst/buffer_fclk_clk_0.FCLK_CLK_0_BUFG/O
                         net (fo=1424, routed)        1.477    22.656    puf_bd_i/puf_top_0/inst/driver/clk
    SLICE_X45Y92         FDCE                                         r  puf_bd_i/puf_top_0/inst/driver/start_prev_reg/C
                         clock pessimism              0.229    22.885    
                         clock uncertainty           -0.302    22.583    
    SLICE_X45Y92         FDCE (Recov_fdce_C_CLR)     -0.613    21.970    puf_bd_i/puf_top_0/inst/driver/start_prev_reg
  -------------------------------------------------------------------
                         required time                         21.970    
                         arrival time                          -6.874    
  -------------------------------------------------------------------
                         slack                                 15.096    

Slack (MET) :             15.096ns  (required time - arrival time)
  Source:                 puf_bd_i/rst_ps7_0_50M/U0/ACTIVE_LOW_PR_OUT_DFF[0].FDRE_PER_N/C
                            (rising edge-triggered cell FDRE clocked by clk_fpga_0  {rise@0.000ns fall@10.000ns period=20.000ns})
  Destination:            puf_bd_i/puf_top_0/inst/driver/start_sync_reg/CLR
                            (recovery check against rising-edge clock clk_fpga_0  {rise@0.000ns fall@10.000ns period=20.000ns})
  Path Group:             **async_default**
  Path Type:              Recovery (Max at Slow Process Corner)
  Requirement:            20.000ns  (clk_fpga_0 rise@20.000ns - clk_fpga_0 rise@0.000ns)
  Data Path Delay:        3.895ns  (logic 0.605ns (15.534%)  route 3.290ns (84.466%))
  Logic Levels:           1  (LUT1=1)
  Clock Path Skew:        -0.094ns (DCD - SCD + CPR)
    Destination Clock Delay (DCD):    2.656ns = ( 22.656 - 20.000 ) 
    Source Clock Delay      (SCD):    2.979ns
    Clock Pessimism Removal (CPR):    0.229ns
  Clock Uncertainty:      0.302ns  ((TSJ^2 + TIJ^2)^1/2 + DJ) / 2 + PE
    Total System Jitter     (TSJ):    0.071ns
    Total Input Jitter      (TIJ):    0.600ns
    Discrete Jitter          (DJ):    0.000ns
    Phase Error              (PE):    0.000ns

    Location             Delay type                Incr(ns)  Path(ns)    Netlist Resource(s)
  -------------------------------------------------------------------    -------------------
                         (clock clk_fpga_0 rise edge)
                                                      0.000     0.000 r  
    PS7_X0Y0             PS7                          0.000     0.000 r  puf_bd_i/processing_system7_0/inst/PS7_i/FCLKCLK[0]
                         net (fo=1, routed)           1.193     1.193    puf_bd_i/processing_system7_0/inst/FCLK_CLK_unbuffered[0]
    BUFGCTRL_X0Y16       BUFG (Prop_bufg_I_O)         0.101     1.294 r  puf_bd_i/processing_system7_0/inst/buffer_fclk_clk_0.FCLK_CLK_0_BUFG/O
                         net (fo=1424, routed)        1.685     2.979    puf_bd_i/rst_ps7_0_50M/U0/slowest_sync_clk
    SLICE_X28Y78         FDRE                                         r  puf_bd_i/rst_ps7_0_50M/U0/ACTIVE_LOW_PR_OUT_DFF[0].FDRE_PER_N/C
  -------------------------------------------------------------------    -------------------
    SLICE_X28Y78         FDRE (Prop_fdre_C_Q)         0.456     3.435 r  puf_bd_i/rst_ps7_0_50M/U0/ACTIVE_LOW_PR_OUT_DFF[0].FDRE_PER_N/Q
                         net (fo=8, routed)           2.243     5.678    puf_bd_i/puf_top_0/inst/driver/reset_n
    SLICE_X40Y96         LUT1 (Prop_lut1_I0_O)        0.149     5.827 f  puf_bd_i/puf_top_0/inst/driver/done_r_i_2/O
                         net (fo=11, routed)          1.047     6.874    puf_bd_i/puf_top_0/inst/driver/reset_n_0
    SLICE_X45Y92         FDCE                                         f  puf_bd_i/puf_top_0/inst/driver/start_sync_reg/CLR
  -------------------------------------------------------------------    -------------------

                         (clock clk_fpga_0 rise edge)
                                                     20.000    20.000 r  
    PS7_X0Y0             PS7                          0.000    20.000 r  puf_bd_i/processing_system7_0/inst/PS7_i/FCLKCLK[0]
                         net (fo=1, routed)           1.088    21.088    puf_bd_i/processing_system7_0/inst/FCLK_CLK_unbuffered[0]
    BUFGCTRL_X0Y16       BUFG (Prop_bufg_I_O)         0.091    21.179 r  puf_bd_i/processing_system7_0/inst/buffer_fclk_clk_0.FCLK_CLK_0_BUFG/O
                         net (fo=1424, routed)        1.477    22.656    puf_bd_i/puf_top_0/inst/driver/clk
    SLICE_X45Y92         FDCE                                         r  puf_bd_i/puf_top_0/inst/driver/start_sync_reg/C
                         clock pessimism              0.229    22.885    
                         clock uncertainty           -0.302    22.583    
    SLICE_X45Y92         FDCE (Recov_fdce_C_CLR)     -0.613    21.970    puf_bd_i/puf_top_0/inst/driver/start_sync_reg
  -------------------------------------------------------------------
                         required time                         21.970    
                         arrival time                          -6.874    
  -------------------------------------------------------------------
                         slack                                 15.096    





Min Delay Paths
--------------------------------------------------------------------------------------
Slack (MET) :             0.855ns  (arrival time - required time)
  Source:                 puf_bd_i/puf_top_0/inst/driver/cnt_reg[4]/C
                            (rising edge-triggered cell FDCE clocked by clk_fpga_0  {rise@0.000ns fall@10.000ns period=20.000ns})
  Destination:            puf_bd_i/puf_top_0/inst/array/cells[0].cell_inst/R_reg/CLR
                            (removal check against rising-edge clock clk_fpga_0  {rise@0.000ns fall@10.000ns period=20.000ns})
  Path Group:             **async_default**
  Path Type:              Removal (Min at Fast Process Corner)
  Requirement:            0.000ns  (clk_fpga_0 rise@0.000ns - clk_fpga_0 rise@0.000ns)
  Data Path Delay:        0.734ns  (logic 0.189ns (25.737%)  route 0.545ns (74.263%))
  Logic Levels:           1  (LUT4=1)
  Clock Path Skew:        0.033ns (DCD - SCD - CPR)
    Destination Clock Delay (DCD):    1.188ns
    Source Clock Delay      (SCD):    0.891ns
    Clock Pessimism Removal (CPR):    0.264ns

    Location             Delay type                Incr(ns)  Path(ns)    Netlist Resource(s)
  -------------------------------------------------------------------    -------------------
                         (clock clk_fpga_0 rise edge)
                                                      0.000     0.000 r  
    PS7_X0Y0             PS7                          0.000     0.000 r  puf_bd_i/processing_system7_0/inst/PS7_i/FCLKCLK[0]
                         net (fo=1, routed)           0.310     0.310    puf_bd_i/processing_system7_0/inst/FCLK_CLK_unbuffered[0]
    BUFGCTRL_X0Y16       BUFG (Prop_bufg_I_O)         0.026     0.336 r  puf_bd_i/processing_system7_0/inst/buffer_fclk_clk_0.FCLK_CLK_0_BUFG/O
                         net (fo=1424, routed)        0.555     0.891    puf_bd_i/puf_top_0/inst/driver/clk
    SLICE_X44Y91         FDCE                                         r  puf_bd_i/puf_top_0/inst/driver/cnt_reg[4]/C
  -------------------------------------------------------------------    -------------------
    SLICE_X44Y91         FDCE (Prop_fdce_C_Q)         0.141     1.032 r  puf_bd_i/puf_top_0/inst/driver/cnt_reg[4]/Q
                         net (fo=6, routed)           0.120     1.152    puf_bd_i/puf_top_0/inst/driver/cnt_reg_n_0_[4]
    SLICE_X45Y91         LUT4 (Prop_lut4_I0_O)        0.048     1.200 f  puf_bd_i/puf_top_0/inst/driver/R_i_3/O
                         net (fo=520, routed)         0.425     1.625    puf_bd_i/puf_top_0/inst/array/cells[0].cell_inst/rst_dff
    SLICE_X49Y89         FDCE                                         f  puf_bd_i/puf_top_0/inst/array/cells[0].cell_inst/R_reg/CLR
  -------------------------------------------------------------------    -------------------

                         (clock clk_fpga_0 rise edge)
                                                      0.000     0.000 r  
    PS7_X0Y0             PS7                          0.000     0.000 r  puf_bd_i/processing_system7_0/inst/PS7_i/FCLKCLK[0]
                         net (fo=1, routed)           0.337     0.337    puf_bd_i/processing_system7_0/inst/FCLK_CLK_unbuffered[0]
    BUFGCTRL_X0Y16       BUFG (Prop_bufg_I_O)         0.029     0.366 r  puf_bd_i/processing_system7_0/inst/buffer_fclk_clk_0.FCLK_CLK_0_BUFG/O
                         net (fo=1424, routed)        0.822     1.188    puf_bd_i/puf_top_0/inst/array/cells[0].cell_inst/clk
    SLICE_X49Y89         FDCE                                         r  puf_bd_i/puf_top_0/inst/array/cells[0].cell_inst/R_reg/C
                         clock pessimism             -0.264     0.924    
    SLICE_X49Y89         FDCE (Remov_fdce_C_CLR)     -0.154     0.770    puf_bd_i/puf_top_0/inst/array/cells[0].cell_inst/R_reg
  -------------------------------------------------------------------
                         required time                         -0.770    
                         arrival time                           1.625    
  -------------------------------------------------------------------
                         slack                                  0.855    

Slack (MET) :             0.933ns  (arrival time - required time)
  Source:                 puf_bd_i/puf_top_0/inst/driver/cnt_reg[4]/C
                            (rising edge-triggered cell FDCE clocked by clk_fpga_0  {rise@0.000ns fall@10.000ns period=20.000ns})
  Destination:            puf_bd_i/puf_top_0/inst/array/cells[7].cell_inst/R_reg/CLR
                            (removal check against rising-edge clock clk_fpga_0  {rise@0.000ns fall@10.000ns period=20.000ns})
  Path Group:             **async_default**
  Path Type:              Removal (Min at Fast Process Corner)
  Requirement:            0.000ns  (clk_fpga_0 rise@0.000ns - clk_fpga_0 rise@0.000ns)
  Data Path Delay:        0.814ns  (logic 0.189ns (23.222%)  route 0.625ns (76.778%))
  Logic Levels:           1  (LUT4=1)
  Clock Path Skew:        0.035ns (DCD - SCD - CPR)
    Destination Clock Delay (DCD):    1.190ns
    Source Clock Delay      (SCD):    0.891ns
    Clock Pessimism Removal (CPR):    0.264ns

    Location             Delay type                Incr(ns)  Path(ns)    Netlist Resource(s)
  -------------------------------------------------------------------    -------------------
                         (clock clk_fpga_0 rise edge)
                                                      0.000     0.000 r  
    PS7_X0Y0             PS7                          0.000     0.000 r  puf_bd_i/processing_system7_0/inst/PS7_i/FCLKCLK[0]
                         net (fo=1, routed)           0.310     0.310    puf_bd_i/processing_system7_0/inst/FCLK_CLK_unbuffered[0]
    BUFGCTRL_X0Y16       BUFG (Prop_bufg_I_O)         0.026     0.336 r  puf_bd_i/processing_system7_0/inst/buffer_fclk_clk_0.FCLK_CLK_0_BUFG/O
                         net (fo=1424, routed)        0.555     0.891    puf_bd_i/puf_top_0/inst/driver/clk
    SLICE_X44Y91         FDCE                                         r  puf_bd_i/puf_top_0/inst/driver/cnt_reg[4]/C
  -------------------------------------------------------------------    -------------------
    SLICE_X44Y91         FDCE (Prop_fdce_C_Q)         0.141     1.032 r  puf_bd_i/puf_top_0/inst/driver/cnt_reg[4]/Q
                         net (fo=6, routed)           0.120     1.152    puf_bd_i/puf_top_0/inst/driver/cnt_reg_n_0_[4]
    SLICE_X45Y91         LUT4 (Prop_lut4_I0_O)        0.048     1.200 f  puf_bd_i/puf_top_0/inst/driver/R_i_3/O
                         net (fo=520, routed)         0.505     1.704    puf_bd_i/puf_top_0/inst/array/cells[7].cell_inst/rst_dff
    SLICE_X49Y96         FDCE                                         f  puf_bd_i/puf_top_0/inst/array/cells[7].cell_inst/R_reg/CLR
  -------------------------------------------------------------------    -------------------

                         (clock clk_fpga_0 rise edge)
                                                      0.000     0.000 r  
    PS7_X0Y0             PS7                          0.000     0.000 r  puf_bd_i/processing_system7_0/inst/PS7_i/FCLKCLK[0]
                         net (fo=1, routed)           0.337     0.337    puf_bd_i/processing_system7_0/inst/FCLK_CLK_unbuffered[0]
    BUFGCTRL_X0Y16       BUFG (Prop_bufg_I_O)         0.029     0.366 r  puf_bd_i/processing_system7_0/inst/buffer_fclk_clk_0.FCLK_CLK_0_BUFG/O
                         net (fo=1424, routed)        0.824     1.190    puf_bd_i/puf_top_0/inst/array/cells[7].cell_inst/clk
    SLICE_X49Y96         FDCE                                         r  puf_bd_i/puf_top_0/inst/array/cells[7].cell_inst/R_reg/C
                         clock pessimism             -0.264     0.926    
    SLICE_X49Y96         FDCE (Remov_fdce_C_CLR)     -0.154     0.772    puf_bd_i/puf_top_0/inst/array/cells[7].cell_inst/R_reg
  -------------------------------------------------------------------
                         required time                         -0.772    
                         arrival time                           1.704    
  -------------------------------------------------------------------
                         slack                                  0.933    

Slack (MET) :             0.960ns  (arrival time - required time)
  Source:                 puf_bd_i/puf_top_0/inst/driver/cnt_reg[4]/C
                            (rising edge-triggered cell FDCE clocked by clk_fpga_0  {rise@0.000ns fall@10.000ns period=20.000ns})
  Destination:            puf_bd_i/puf_top_0/inst/array/cells[4].cell_inst/R_reg/CLR
                            (removal check against rising-edge clock clk_fpga_0  {rise@0.000ns fall@10.000ns period=20.000ns})
  Path Group:             **async_default**
  Path Type:              Removal (Min at Fast Process Corner)
  Requirement:            0.000ns  (clk_fpga_0 rise@0.000ns - clk_fpga_0 rise@0.000ns)
  Data Path Delay:        0.862ns  (logic 0.189ns (21.928%)  route 0.673ns (78.072%))
  Logic Levels:           1  (LUT4=1)
  Clock Path Skew:        0.031ns (DCD - SCD - CPR)
    Destination Clock Delay (DCD):    1.186ns
    Source Clock Delay      (SCD):    0.891ns
    Clock Pessimism Removal (CPR):    0.264ns

    Location             Delay type                Incr(ns)  Path(ns)    Netlist Resource(s)
  -------------------------------------------------------------------    -------------------
                         (clock clk_fpga_0 rise edge)
                                                      0.000     0.000 r  
    PS7_X0Y0             PS7                          0.000     0.000 r  puf_bd_i/processing_system7_0/inst/PS7_i/FCLKCLK[0]
                         net (fo=1, routed)           0.310     0.310    puf_bd_i/processing_system7_0/inst/FCLK_CLK_unbuffered[0]
    BUFGCTRL_X0Y16       BUFG (Prop_bufg_I_O)         0.026     0.336 r  puf_bd_i/processing_system7_0/inst/buffer_fclk_clk_0.FCLK_CLK_0_BUFG/O
                         net (fo=1424, routed)        0.555     0.891    puf_bd_i/puf_top_0/inst/driver/clk
    SLICE_X44Y91         FDCE                                         r  puf_bd_i/puf_top_0/inst/driver/cnt_reg[4]/C
  -------------------------------------------------------------------    -------------------
    SLICE_X44Y91         FDCE (Prop_fdce_C_Q)         0.141     1.032 r  puf_bd_i/puf_top_0/inst/driver/cnt_reg[4]/Q
                         net (fo=6, routed)           0.120     1.152    puf_bd_i/puf_top_0/inst/driver/cnt_reg_n_0_[4]
    SLICE_X45Y91         LUT4 (Prop_lut4_I0_O)        0.048     1.200 f  puf_bd_i/puf_top_0/inst/driver/R_i_3/O
                         net (fo=520, routed)         0.553     1.753    puf_bd_i/puf_top_0/inst/array/cells[4].cell_inst/rst_dff
    SLICE_X36Y87         FDCE                                         f  puf_bd_i/puf_top_0/inst/array/cells[4].cell_inst/R_reg/CLR
  -------------------------------------------------------------------    -------------------

                         (clock clk_fpga_0 rise edge)
                                                      0.000     0.000 r  
    PS7_X0Y0             PS7                          0.000     0.000 r  puf_bd_i/processing_system7_0/inst/PS7_i/FCLKCLK[0]
                         net (fo=1, routed)           0.337     0.337    puf_bd_i/processing_system7_0/inst/FCLK_CLK_unbuffered[0]
    BUFGCTRL_X0Y16       BUFG (Prop_bufg_I_O)         0.029     0.366 r  puf_bd_i/processing_system7_0/inst/buffer_fclk_clk_0.FCLK_CLK_0_BUFG/O
                         net (fo=1424, routed)        0.820     1.186    puf_bd_i/puf_top_0/inst/array/cells[4].cell_inst/clk
    SLICE_X36Y87         FDCE                                         r  puf_bd_i/puf_top_0/inst/array/cells[4].cell_inst/R_reg/C
                         clock pessimism             -0.264     0.922    
    SLICE_X36Y87         FDCE (Remov_fdce_C_CLR)     -0.129     0.793    puf_bd_i/puf_top_0/inst/array/cells[4].cell_inst/R_reg
  -------------------------------------------------------------------
                         required time                         -0.793    
                         arrival time                           1.753    
  -------------------------------------------------------------------
                         slack                                  0.960    

Slack (MET) :             0.983ns  (arrival time - required time)
  Source:                 puf_bd_i/puf_top_0/inst/driver/cnt_reg[4]/C
                            (rising edge-triggered cell FDCE clocked by clk_fpga_0  {rise@0.000ns fall@10.000ns period=20.000ns})
  Destination:            puf_bd_i/puf_top_0/inst/array/cells[3].cell_inst/R_reg/CLR
                            (removal check against rising-edge clock clk_fpga_0  {rise@0.000ns fall@10.000ns period=20.000ns})
  Path Group:             **async_default**
  Path Type:              Removal (Min at Fast Process Corner)
  Requirement:            0.000ns  (clk_fpga_0 rise@0.000ns - clk_fpga_0 rise@0.000ns)
  Data Path Delay:        1.180ns  (logic 0.189ns (16.021%)  route 0.991ns (83.979%))
  Logic Levels:           1  (LUT4=1)
  Clock Path Skew:        0.350ns (DCD - SCD - CPR)
    Destination Clock Delay (DCD):    1.276ns
    Source Clock Delay      (SCD):    0.891ns
    Clock Pessimism Removal (CPR):    0.035ns

    Location             Delay type                Incr(ns)  Path(ns)    Netlist Resource(s)
  -------------------------------------------------------------------    -------------------
                         (clock clk_fpga_0 rise edge)
                                                      0.000     0.000 r  
    PS7_X0Y0             PS7                          0.000     0.000 r  puf_bd_i/processing_system7_0/inst/PS7_i/FCLKCLK[0]
                         net (fo=1, routed)           0.310     0.310    puf_bd_i/processing_system7_0/inst/FCLK_CLK_unbuffered[0]
    BUFGCTRL_X0Y16       BUFG (Prop_bufg_I_O)         0.026     0.336 r  puf_bd_i/processing_system7_0/inst/buffer_fclk_clk_0.FCLK_CLK_0_BUFG/O
                         net (fo=1424, routed)        0.555     0.891    puf_bd_i/puf_top_0/inst/driver/clk
    SLICE_X44Y91         FDCE                                         r  puf_bd_i/puf_top_0/inst/driver/cnt_reg[4]/C
  -------------------------------------------------------------------    -------------------
    SLICE_X44Y91         FDCE (Prop_fdce_C_Q)         0.141     1.032 r  puf_bd_i/puf_top_0/inst/driver/cnt_reg[4]/Q
                         net (fo=6, routed)           0.120     1.152    puf_bd_i/puf_top_0/inst/driver/cnt_reg_n_0_[4]
    SLICE_X45Y91         LUT4 (Prop_lut4_I0_O)        0.048     1.200 f  puf_bd_i/puf_top_0/inst/driver/R_i_3/O
                         net (fo=520, routed)         0.871     2.070    puf_bd_i/puf_top_0/inst/array/cells[3].cell_inst/rst_dff
    SLICE_X47Y106        FDCE                                         f  puf_bd_i/puf_top_0/inst/array/cells[3].cell_inst/R_reg/CLR
  -------------------------------------------------------------------    -------------------

                         (clock clk_fpga_0 rise edge)
                                                      0.000     0.000 r  
    PS7_X0Y0             PS7                          0.000     0.000 r  puf_bd_i/processing_system7_0/inst/PS7_i/FCLKCLK[0]
                         net (fo=1, routed)           0.337     0.337    puf_bd_i/processing_system7_0/inst/FCLK_CLK_unbuffered[0]
    BUFGCTRL_X0Y16       BUFG (Prop_bufg_I_O)         0.029     0.366 r  puf_bd_i/processing_system7_0/inst/buffer_fclk_clk_0.FCLK_CLK_0_BUFG/O
                         net (fo=1424, routed)        0.910     1.276    puf_bd_i/puf_top_0/inst/array/cells[3].cell_inst/clk
    SLICE_X47Y106        FDCE                                         r  puf_bd_i/puf_top_0/inst/array/cells[3].cell_inst/R_reg/C
                         clock pessimism             -0.035     1.241    
    SLICE_X47Y106        FDCE (Remov_fdce_C_CLR)     -0.154     1.087    puf_bd_i/puf_top_0/inst/array/cells[3].cell_inst/R_reg
  -------------------------------------------------------------------
                         required time                         -1.087    
                         arrival time                           2.070    
  -------------------------------------------------------------------
                         slack                                  0.983    

Slack (MET) :             1.029ns  (arrival time - required time)
  Source:                 puf_bd_i/puf_top_0/inst/driver/cnt_reg[4]/C
                            (rising edge-triggered cell FDCE clocked by clk_fpga_0  {rise@0.000ns fall@10.000ns period=20.000ns})
  Destination:            puf_bd_i/puf_top_0/inst/array/cells[1].cell_inst/R_reg/CLR
                            (removal check against rising-edge clock clk_fpga_0  {rise@0.000ns fall@10.000ns period=20.000ns})
  Path Group:             **async_default**
  Path Type:              Removal (Min at Fast Process Corner)
  Requirement:            0.000ns  (clk_fpga_0 rise@0.000ns - clk_fpga_0 rise@0.000ns)
  Data Path Delay:        1.247ns  (logic 0.189ns (15.162%)  route 1.058ns (84.838%))
  Logic Levels:           1  (LUT4=1)
  Clock Path Skew:        0.346ns (DCD - SCD - CPR)
    Destination Clock Delay (DCD):    1.272ns
    Source Clock Delay      (SCD):    0.891ns
    Clock Pessimism Removal (CPR):    0.035ns

    Location             Delay type                Incr(ns)  Path(ns)    Netlist Resource(s)
  -------------------------------------------------------------------    -------------------
                         (clock clk_fpga_0 rise edge)
                                                      0.000     0.000 r  
    PS7_X0Y0             PS7                          0.000     0.000 r  puf_bd_i/processing_system7_0/inst/PS7_i/FCLKCLK[0]
                         net (fo=1, routed)           0.310     0.310    puf_bd_i/processing_system7_0/inst/FCLK_CLK_unbuffered[0]
    BUFGCTRL_X0Y16       BUFG (Prop_bufg_I_O)         0.026     0.336 r  puf_bd_i/processing_system7_0/inst/buffer_fclk_clk_0.FCLK_CLK_0_BUFG/O
                         net (fo=1424, routed)        0.555     0.891    puf_bd_i/puf_top_0/inst/driver/clk
    SLICE_X44Y91         FDCE                                         r  puf_bd_i/puf_top_0/inst/driver/cnt_reg[4]/C
  -------------------------------------------------------------------    -------------------
    SLICE_X44Y91         FDCE (Prop_fdce_C_Q)         0.141     1.032 r  puf_bd_i/puf_top_0/inst/driver/cnt_reg[4]/Q
                         net (fo=6, routed)           0.120     1.152    puf_bd_i/puf_top_0/inst/driver/cnt_reg_n_0_[4]
    SLICE_X45Y91         LUT4 (Prop_lut4_I0_O)        0.048     1.200 f  puf_bd_i/puf_top_0/inst/driver/R_i_3/O
                         net (fo=520, routed)         0.938     2.137    puf_bd_i/puf_top_0/inst/array/cells[1].cell_inst/rst_dff
    SLICE_X50Y103        FDCE                                         f  puf_bd_i/puf_top_0/inst/array/cells[1].cell_inst/R_reg/CLR
  -------------------------------------------------------------------    -------------------

                         (clock clk_fpga_0 rise edge)
                                                      0.000     0.000 r  
    PS7_X0Y0             PS7                          0.000     0.000 r  puf_bd_i/processing_system7_0/inst/PS7_i/FCLKCLK[0]
                         net (fo=1, routed)           0.337     0.337    puf_bd_i/processing_system7_0/inst/FCLK_CLK_unbuffered[0]
    BUFGCTRL_X0Y16       BUFG (Prop_bufg_I_O)         0.029     0.366 r  puf_bd_i/processing_system7_0/inst/buffer_fclk_clk_0.FCLK_CLK_0_BUFG/O
                         net (fo=1424, routed)        0.906     1.272    puf_bd_i/puf_top_0/inst/array/cells[1].cell_inst/clk
    SLICE_X50Y103        FDCE                                         r  puf_bd_i/puf_top_0/inst/array/cells[1].cell_inst/R_reg/C
                         clock pessimism             -0.035     1.237    
    SLICE_X50Y103        FDCE (Remov_fdce_C_CLR)     -0.129     1.108    puf_bd_i/puf_top_0/inst/array/cells[1].cell_inst/R_reg
  -------------------------------------------------------------------
                         required time                         -1.108    
                         arrival time                           2.137    
  -------------------------------------------------------------------
                         slack                                  1.029    

Slack (MET) :             1.048ns  (arrival time - required time)
  Source:                 puf_bd_i/puf_top_0/inst/driver/cnt_reg[4]/C
                            (rising edge-triggered cell FDCE clocked by clk_fpga_0  {rise@0.000ns fall@10.000ns period=20.000ns})
  Destination:            puf_bd_i/puf_top_0/inst/array/cells[6].cell_inst/R_reg/CLR
                            (removal check against rising-edge clock clk_fpga_0  {rise@0.000ns fall@10.000ns period=20.000ns})
  Path Group:             **async_default**
  Path Type:              Removal (Min at Fast Process Corner)
  Requirement:            0.000ns  (clk_fpga_0 rise@0.000ns - clk_fpga_0 rise@0.000ns)
  Data Path Delay:        1.270ns  (logic 0.189ns (14.887%)  route 1.081ns (85.113%))
  Logic Levels:           1  (LUT4=1)
  Clock Path Skew:        0.350ns (DCD - SCD - CPR)
    Destination Clock Delay (DCD):    1.276ns
    Source Clock Delay      (SCD):    0.891ns
    Clock Pessimism Removal (CPR):    0.035ns

    Location             Delay type                Incr(ns)  Path(ns)    Netlist Resource(s)
  -------------------------------------------------------------------    -------------------
                         (clock clk_fpga_0 rise edge)
                                                      0.000     0.000 r  
    PS7_X0Y0             PS7                          0.000     0.000 r  puf_bd_i/processing_system7_0/inst/PS7_i/FCLKCLK[0]
                         net (fo=1, routed)           0.310     0.310    puf_bd_i/processing_system7_0/inst/FCLK_CLK_unbuffered[0]
    BUFGCTRL_X0Y16       BUFG (Prop_bufg_I_O)         0.026     0.336 r  puf_bd_i/processing_system7_0/inst/buffer_fclk_clk_0.FCLK_CLK_0_BUFG/O
                         net (fo=1424, routed)        0.555     0.891    puf_bd_i/puf_top_0/inst/driver/clk
    SLICE_X44Y91         FDCE                                         r  puf_bd_i/puf_top_0/inst/driver/cnt_reg[4]/C
  -------------------------------------------------------------------    -------------------
    SLICE_X44Y91         FDCE (Prop_fdce_C_Q)         0.141     1.032 r  puf_bd_i/puf_top_0/inst/driver/cnt_reg[4]/Q
                         net (fo=6, routed)           0.120     1.152    puf_bd_i/puf_top_0/inst/driver/cnt_reg_n_0_[4]
    SLICE_X45Y91         LUT4 (Prop_lut4_I0_O)        0.048     1.200 f  puf_bd_i/puf_top_0/inst/driver/R_i_3/O
                         net (fo=520, routed)         0.961     2.160    puf_bd_i/puf_top_0/inst/array/cells[6].cell_inst/rst_dff
    SLICE_X42Y103        FDCE                                         f  puf_bd_i/puf_top_0/inst/array/cells[6].cell_inst/R_reg/CLR
  -------------------------------------------------------------------    -------------------

                         (clock clk_fpga_0 rise edge)
                                                      0.000     0.000 r  
    PS7_X0Y0             PS7                          0.000     0.000 r  puf_bd_i/processing_system7_0/inst/PS7_i/FCLKCLK[0]
                         net (fo=1, routed)           0.337     0.337    puf_bd_i/processing_system7_0/inst/FCLK_CLK_unbuffered[0]
    BUFGCTRL_X0Y16       BUFG (Prop_bufg_I_O)         0.029     0.366 r  puf_bd_i/processing_system7_0/inst/buffer_fclk_clk_0.FCLK_CLK_0_BUFG/O
                         net (fo=1424, routed)        0.910     1.276    puf_bd_i/puf_top_0/inst/array/cells[6].cell_inst/clk
    SLICE_X42Y103        FDCE                                         r  puf_bd_i/puf_top_0/inst/array/cells[6].cell_inst/R_reg/C
                         clock pessimism             -0.035     1.241    
    SLICE_X42Y103        FDCE (Remov_fdce_C_CLR)     -0.129     1.112    puf_bd_i/puf_top_0/inst/array/cells[6].cell_inst/R_reg
  -------------------------------------------------------------------
                         required time                         -1.112    
                         arrival time                           2.160    
  -------------------------------------------------------------------
                         slack                                  1.048    

Slack (MET) :             1.050ns  (arrival time - required time)
  Source:                 puf_bd_i/puf_top_0/inst/driver/cnt_reg[4]/C
                            (rising edge-triggered cell FDCE clocked by clk_fpga_0  {rise@0.000ns fall@10.000ns period=20.000ns})
  Destination:            puf_bd_i/puf_top_0/inst/array/cells[2].cell_inst/R_reg/CLR
                            (removal check against rising-edge clock clk_fpga_0  {rise@0.000ns fall@10.000ns period=20.000ns})
  Path Group:             **async_default**
  Path Type:              Removal (Min at Fast Process Corner)
  Requirement:            0.000ns  (clk_fpga_0 rise@0.000ns - clk_fpga_0 rise@0.000ns)
  Data Path Delay:        1.271ns  (logic 0.189ns (14.875%)  route 1.082ns (85.125%))
  Logic Levels:           1  (LUT4=1)
  Clock Path Skew:        0.349ns (DCD - SCD - CPR)
    Destination Clock Delay (DCD):    1.275ns
    Source Clock Delay      (SCD):    0.891ns
    Clock Pessimism Removal (CPR):    0.035ns

    Location             Delay type                Incr(ns)  Path(ns)    Netlist Resource(s)
  -------------------------------------------------------------------    -------------------
                         (clock clk_fpga_0 rise edge)
                                                      0.000     0.000 r  
    PS7_X0Y0             PS7                          0.000     0.000 r  puf_bd_i/processing_system7_0/inst/PS7_i/FCLKCLK[0]
                         net (fo=1, routed)           0.310     0.310    puf_bd_i/processing_system7_0/inst/FCLK_CLK_unbuffered[0]
    BUFGCTRL_X0Y16       BUFG (Prop_bufg_I_O)         0.026     0.336 r  puf_bd_i/processing_system7_0/inst/buffer_fclk_clk_0.FCLK_CLK_0_BUFG/O
                         net (fo=1424, routed)        0.555     0.891    puf_bd_i/puf_top_0/inst/driver/clk
    SLICE_X44Y91         FDCE                                         r  puf_bd_i/puf_top_0/inst/driver/cnt_reg[4]/C
  -------------------------------------------------------------------    -------------------
    SLICE_X44Y91         FDCE (Prop_fdce_C_Q)         0.141     1.032 r  puf_bd_i/puf_top_0/inst/driver/cnt_reg[4]/Q
                         net (fo=6, routed)           0.120     1.152    puf_bd_i/puf_top_0/inst/driver/cnt_reg_n_0_[4]
    SLICE_X45Y91         LUT4 (Prop_lut4_I0_O)        0.048     1.200 f  puf_bd_i/puf_top_0/inst/driver/R_i_3/O
                         net (fo=520, routed)         0.962     2.161    puf_bd_i/puf_top_0/inst/array/cells[2].cell_inst/rst_dff
    SLICE_X38Y107        FDCE                                         f  puf_bd_i/puf_top_0/inst/array/cells[2].cell_inst/R_reg/CLR
  -------------------------------------------------------------------    -------------------

                         (clock clk_fpga_0 rise edge)
                                                      0.000     0.000 r  
    PS7_X0Y0             PS7                          0.000     0.000 r  puf_bd_i/processing_system7_0/inst/PS7_i/FCLKCLK[0]
                         net (fo=1, routed)           0.337     0.337    puf_bd_i/processing_system7_0/inst/FCLK_CLK_unbuffered[0]
    BUFGCTRL_X0Y16       BUFG (Prop_bufg_I_O)         0.029     0.366 r  puf_bd_i/processing_system7_0/inst/buffer_fclk_clk_0.FCLK_CLK_0_BUFG/O
                         net (fo=1424, routed)        0.909     1.275    puf_bd_i/puf_top_0/inst/array/cells[2].cell_inst/clk
    SLICE_X38Y107        FDCE                                         r  puf_bd_i/puf_top_0/inst/array/cells[2].cell_inst/R_reg/C
                         clock pessimism             -0.035     1.240    
    SLICE_X38Y107        FDCE (Remov_fdce_C_CLR)     -0.129     1.111    puf_bd_i/puf_top_0/inst/array/cells[2].cell_inst/R_reg
  -------------------------------------------------------------------
                         required time                         -1.111    
                         arrival time                           2.161    
  -------------------------------------------------------------------
                         slack                                  1.050    

Slack (MET) :             1.508ns  (arrival time - required time)
  Source:                 puf_bd_i/rst_ps7_0_50M/U0/ACTIVE_LOW_PR_OUT_DFF[0].FDRE_PER_N/C
                            (rising edge-triggered cell FDRE clocked by clk_fpga_0  {rise@0.000ns fall@10.000ns period=20.000ns})
  Destination:            puf_bd_i/puf_top_0/inst/driver/cnt_reg[0]/CLR
                            (removal check against rising-edge clock clk_fpga_0  {rise@0.000ns fall@10.000ns period=20.000ns})
  Path Group:             **async_default**
  Path Type:              Removal (Min at Fast Process Corner)
  Requirement:            0.000ns  (clk_fpga_0 rise@0.000ns - clk_fpga_0 rise@0.000ns)
  Data Path Delay:        1.372ns  (logic 0.185ns (13.487%)  route 1.187ns (86.513%))
  Logic Levels:           1  (LUT1=1)
  Clock Path Skew:        0.023ns (DCD - SCD - CPR)
    Destination Clock Delay (DCD):    1.189ns
    Source Clock Delay      (SCD):    0.902ns
    Clock Pessimism Removal (CPR):    0.264ns

    Location             Delay type                Incr(ns)  Path(ns)    Netlist Resource(s)
  -------------------------------------------------------------------    -------------------
                         (clock clk_fpga_0 rise edge)
                                                      0.000     0.000 r  
    PS7_X0Y0             PS7                          0.000     0.000 r  puf_bd_i/processing_system7_0/inst/PS7_i/FCLKCLK[0]
                         net (fo=1, routed)           0.310     0.310    puf_bd_i/processing_system7_0/inst/FCLK_CLK_unbuffered[0]
    BUFGCTRL_X0Y16       BUFG (Prop_bufg_I_O)         0.026     0.336 r  puf_bd_i/processing_system7_0/inst/buffer_fclk_clk_0.FCLK_CLK_0_BUFG/O
                         net (fo=1424, routed)        0.566     0.902    puf_bd_i/rst_ps7_0_50M/U0/slowest_sync_clk
    SLICE_X28Y78         FDRE                                         r  puf_bd_i/rst_ps7_0_50M/U0/ACTIVE_LOW_PR_OUT_DFF[0].FDRE_PER_N/C
  -------------------------------------------------------------------    -------------------
    SLICE_X28Y78         FDRE (Prop_fdre_C_Q)         0.141     1.043 r  puf_bd_i/rst_ps7_0_50M/U0/ACTIVE_LOW_PR_OUT_DFF[0].FDRE_PER_N/Q
                         net (fo=8, routed)           0.920     1.962    puf_bd_i/puf_top_0/inst/driver/reset_n
    SLICE_X40Y96         LUT1 (Prop_lut1_I0_O)        0.044     2.006 f  puf_bd_i/puf_top_0/inst/driver/done_r_i_2/O
                         net (fo=11, routed)          0.267     2.273    puf_bd_i/puf_top_0/inst/driver/reset_n_0
    SLICE_X43Y91         FDCE                                         f  puf_bd_i/puf_top_0/inst/driver/cnt_reg[0]/CLR
  -------------------------------------------------------------------    -------------------

                         (clock clk_fpga_0 rise edge)
                                                      0.000     0.000 r  
    PS7_X0Y0             PS7                          0.000     0.000 r  puf_bd_i/processing_system7_0/inst/PS7_i/FCLKCLK[0]
                         net (fo=1, routed)           0.337     0.337    puf_bd_i/processing_system7_0/inst/FCLK_CLK_unbuffered[0]
    BUFGCTRL_X0Y16       BUFG (Prop_bufg_I_O)         0.029     0.366 r  puf_bd_i/processing_system7_0/inst/buffer_fclk_clk_0.FCLK_CLK_0_BUFG/O
                         net (fo=1424, routed)        0.823     1.189    puf_bd_i/puf_top_0/inst/driver/clk
    SLICE_X43Y91         FDCE                                         r  puf_bd_i/puf_top_0/inst/driver/cnt_reg[0]/C
                         clock pessimism             -0.264     0.925    
    SLICE_X43Y91         FDCE (Remov_fdce_C_CLR)     -0.159     0.766    puf_bd_i/puf_top_0/inst/driver/cnt_reg[0]
  -------------------------------------------------------------------
                         required time                         -0.766    
                         arrival time                           2.273    
  -------------------------------------------------------------------
                         slack                                  1.508    

Slack (MET) :             1.508ns  (arrival time - required time)
  Source:                 puf_bd_i/rst_ps7_0_50M/U0/ACTIVE_LOW_PR_OUT_DFF[0].FDRE_PER_N/C
                            (rising edge-triggered cell FDRE clocked by clk_fpga_0  {rise@0.000ns fall@10.000ns period=20.000ns})
  Destination:            puf_bd_i/puf_top_0/inst/driver/cnt_reg[1]/CLR
                            (removal check against rising-edge clock clk_fpga_0  {rise@0.000ns fall@10.000ns period=20.000ns})
  Path Group:             **async_default**
  Path Type:              Removal (Min at Fast Process Corner)
  Requirement:            0.000ns  (clk_fpga_0 rise@0.000ns - clk_fpga_0 rise@0.000ns)
  Data Path Delay:        1.372ns  (logic 0.185ns (13.487%)  route 1.187ns (86.513%))
  Logic Levels:           1  (LUT1=1)
  Clock Path Skew:        0.023ns (DCD - SCD - CPR)
    Destination Clock Delay (DCD):    1.189ns
    Source Clock Delay      (SCD):    0.902ns
    Clock Pessimism Removal (CPR):    0.264ns

    Location             Delay type                Incr(ns)  Path(ns)    Netlist Resource(s)
  -------------------------------------------------------------------    -------------------
                         (clock clk_fpga_0 rise edge)
                                                      0.000     0.000 r  
    PS7_X0Y0             PS7                          0.000     0.000 r  puf_bd_i/processing_system7_0/inst/PS7_i/FCLKCLK[0]
                         net (fo=1, routed)           0.310     0.310    puf_bd_i/processing_system7_0/inst/FCLK_CLK_unbuffered[0]
    BUFGCTRL_X0Y16       BUFG (Prop_bufg_I_O)         0.026     0.336 r  puf_bd_i/processing_system7_0/inst/buffer_fclk_clk_0.FCLK_CLK_0_BUFG/O
                         net (fo=1424, routed)        0.566     0.902    puf_bd_i/rst_ps7_0_50M/U0/slowest_sync_clk
    SLICE_X28Y78         FDRE                                         r  puf_bd_i/rst_ps7_0_50M/U0/ACTIVE_LOW_PR_OUT_DFF[0].FDRE_PER_N/C
  -------------------------------------------------------------------    -------------------
    SLICE_X28Y78         FDRE (Prop_fdre_C_Q)         0.141     1.043 r  puf_bd_i/rst_ps7_0_50M/U0/ACTIVE_LOW_PR_OUT_DFF[0].FDRE_PER_N/Q
                         net (fo=8, routed)           0.920     1.962    puf_bd_i/puf_top_0/inst/driver/reset_n
    SLICE_X40Y96         LUT1 (Prop_lut1_I0_O)        0.044     2.006 f  puf_bd_i/puf_top_0/inst/driver/done_r_i_2/O
                         net (fo=11, routed)          0.267     2.273    puf_bd_i/puf_top_0/inst/driver/reset_n_0
    SLICE_X43Y91         FDCE                                         f  puf_bd_i/puf_top_0/inst/driver/cnt_reg[1]/CLR
  -------------------------------------------------------------------    -------------------

                         (clock clk_fpga_0 rise edge)
                                                      0.000     0.000 r  
    PS7_X0Y0             PS7                          0.000     0.000 r  puf_bd_i/processing_system7_0/inst/PS7_i/FCLKCLK[0]
                         net (fo=1, routed)           0.337     0.337    puf_bd_i/processing_system7_0/inst/FCLK_CLK_unbuffered[0]
    BUFGCTRL_X0Y16       BUFG (Prop_bufg_I_O)         0.029     0.366 r  puf_bd_i/processing_system7_0/inst/buffer_fclk_clk_0.FCLK_CLK_0_BUFG/O
                         net (fo=1424, routed)        0.823     1.189    puf_bd_i/puf_top_0/inst/driver/clk
    SLICE_X43Y91         FDCE                                         r  puf_bd_i/puf_top_0/inst/driver/cnt_reg[1]/C
                         clock pessimism             -0.264     0.925    
    SLICE_X43Y91         FDCE (Remov_fdce_C_CLR)     -0.159     0.766    puf_bd_i/puf_top_0/inst/driver/cnt_reg[1]
  -------------------------------------------------------------------
                         required time                         -0.766    
                         arrival time                           2.273    
  -------------------------------------------------------------------
                         slack                                  1.508    

Slack (MET) :             1.508ns  (arrival time - required time)
  Source:                 puf_bd_i/rst_ps7_0_50M/U0/ACTIVE_LOW_PR_OUT_DFF[0].FDRE_PER_N/C
                            (rising edge-triggered cell FDRE clocked by clk_fpga_0  {rise@0.000ns fall@10.000ns period=20.000ns})
  Destination:            puf_bd_i/puf_top_0/inst/driver/cnt_reg[2]/CLR
                            (removal check against rising-edge clock clk_fpga_0  {rise@0.000ns fall@10.000ns period=20.000ns})
  Path Group:             **async_default**
  Path Type:              Removal (Min at Fast Process Corner)
  Requirement:            0.000ns  (clk_fpga_0 rise@0.000ns - clk_fpga_0 rise@0.000ns)
  Data Path Delay:        1.372ns  (logic 0.185ns (13.487%)  route 1.187ns (86.513%))
  Logic Levels:           1  (LUT1=1)
  Clock Path Skew:        0.023ns (DCD - SCD - CPR)
    Destination Clock Delay (DCD):    1.189ns
    Source Clock Delay      (SCD):    0.902ns
    Clock Pessimism Removal (CPR):    0.264ns

    Location             Delay type                Incr(ns)  Path(ns)    Netlist Resource(s)
  -------------------------------------------------------------------    -------------------
                         (clock clk_fpga_0 rise edge)
                                                      0.000     0.000 r  
    PS7_X0Y0             PS7                          0.000     0.000 r  puf_bd_i/processing_system7_0/inst/PS7_i/FCLKCLK[0]
                         net (fo=1, routed)           0.310     0.310    puf_bd_i/processing_system7_0/inst/FCLK_CLK_unbuffered[0]
    BUFGCTRL_X0Y16       BUFG (Prop_bufg_I_O)         0.026     0.336 r  puf_bd_i/processing_system7_0/inst/buffer_fclk_clk_0.FCLK_CLK_0_BUFG/O
                         net (fo=1424, routed)        0.566     0.902    puf_bd_i/rst_ps7_0_50M/U0/slowest_sync_clk
    SLICE_X28Y78         FDRE                                         r  puf_bd_i/rst_ps7_0_50M/U0/ACTIVE_LOW_PR_OUT_DFF[0].FDRE_PER_N/C
  -------------------------------------------------------------------    -------------------
    SLICE_X28Y78         FDRE (Prop_fdre_C_Q)         0.141     1.043 r  puf_bd_i/rst_ps7_0_50M/U0/ACTIVE_LOW_PR_OUT_DFF[0].FDRE_PER_N/Q
                         net (fo=8, routed)           0.920     1.962    puf_bd_i/puf_top_0/inst/driver/reset_n
    SLICE_X40Y96         LUT1 (Prop_lut1_I0_O)        0.044     2.006 f  puf_bd_i/puf_top_0/inst/driver/done_r_i_2/O
                         net (fo=11, routed)          0.267     2.273    puf_bd_i/puf_top_0/inst/driver/reset_n_0
    SLICE_X43Y91         FDCE                                         f  puf_bd_i/puf_top_0/inst/driver/cnt_reg[2]/CLR
  -------------------------------------------------------------------    -------------------

                         (clock clk_fpga_0 rise edge)
                                                      0.000     0.000 r  
    PS7_X0Y0             PS7                          0.000     0.000 r  puf_bd_i/processing_system7_0/inst/PS7_i/FCLKCLK[0]
                         net (fo=1, routed)           0.337     0.337    puf_bd_i/processing_system7_0/inst/FCLK_CLK_unbuffered[0]
    BUFGCTRL_X0Y16       BUFG (Prop_bufg_I_O)         0.029     0.366 r  puf_bd_i/processing_system7_0/inst/buffer_fclk_clk_0.FCLK_CLK_0_BUFG/O
                         net (fo=1424, routed)        0.823     1.189    puf_bd_i/puf_top_0/inst/driver/clk
    SLICE_X43Y91         FDCE                                         r  puf_bd_i/puf_top_0/inst/driver/cnt_reg[2]/C
                         clock pessimism             -0.264     0.925    
    SLICE_X43Y91         FDCE (Remov_fdce_C_CLR)     -0.159     0.766    puf_bd_i/puf_top_0/inst/driver/cnt_reg[2]
  -------------------------------------------------------------------
                         required time                         -0.766    
                         arrival time                           2.273    
  -------------------------------------------------------------------
                         slack                                  1.508    





--------------------------------------------------------------------------------------
Path Group:  (none)
From Clock:  
  To Clock:  clk_fpga_0

Max Delay             1 Endpoint
Min Delay             1 Endpoint
--------------------------------------------------------------------------------------


Max Delay Paths
--------------------------------------------------------------------------------------
Slack:                    inf
  Source:                 puf_bd_i/processing_system7_0/inst/PS7_i/FCLKRESETN[0]
                            (internal pin)
  Destination:            puf_bd_i/rst_ps7_0_50M/U0/EXT_LPF/ACTIVE_LOW_EXT.ACT_LO_EXT/syncstages_ff_reg[0]/D
                            (rising edge-triggered cell FDRE clocked by clk_fpga_0  {rise@0.000ns fall@10.000ns period=20.000ns})
  Path Group:             (none)
  Path Type:              Setup (Max at Slow Process Corner)
  Data Path Delay:        1.537ns  (logic 0.124ns (8.066%)  route 1.413ns (91.934%))
  Logic Levels:           1  (LUT1=1)
  Clock Uncertainty:      0.301ns  ((TSJ^2 + TIJ^2)^1/2 + DJ) / 2 + PE
    Total System Jitter     (TSJ):    0.050ns
    Total Input Jitter      (TIJ):    0.600ns
    Discrete Jitter          (DJ):    0.000ns
    Phase Error              (PE):    0.000ns
  Timing Exception:       False Path

    Location             Delay type                Incr(ns)  Path(ns)    Netlist Resource(s)
  -------------------------------------------------------------------    -------------------
    PS7_X0Y0             PS7                          0.000     0.000 f  puf_bd_i/processing_system7_0/inst/PS7_i/FCLKRESETN[0]
                         net (fo=1, routed)           1.413     1.413    puf_bd_i/rst_ps7_0_50M/U0/EXT_LPF/ext_reset_in
    SLICE_X28Y77         LUT1 (Prop_lut1_I0_O)        0.124     1.537 r  puf_bd_i/rst_ps7_0_50M/U0/EXT_LPF/ACTIVE_LOW_EXT.ACT_LO_EXT_i_1/O
                         net (fo=1, routed)           0.000     1.537    puf_bd_i/rst_ps7_0_50M/U0/EXT_LPF/ACTIVE_LOW_EXT.ACT_LO_EXT/src_in
    SLICE_X28Y77         FDRE                                         r  puf_bd_i/rst_ps7_0_50M/U0/EXT_LPF/ACTIVE_LOW_EXT.ACT_LO_EXT/syncstages_ff_reg[0]/D
  -------------------------------------------------------------------    -------------------

                         (clock clk_fpga_0 rise edge)
                                                      0.000     0.000 r  
    PS7_X0Y0             PS7                          0.000     0.000 r  puf_bd_i/processing_system7_0/inst/PS7_i/FCLKCLK[0]
                         net (fo=1, routed)           1.088     1.088    puf_bd_i/processing_system7_0/inst/FCLK_CLK_unbuffered[0]
    BUFGCTRL_X0Y16       BUFG (Prop_bufg_I_O)         0.091     1.179 r  puf_bd_i/processing_system7_0/inst/buffer_fclk_clk_0.FCLK_CLK_0_BUFG/O
                         net (fo=1424, routed)        1.511     2.690    puf_bd_i/rst_ps7_0_50M/U0/EXT_LPF/ACTIVE_LOW_EXT.ACT_LO_EXT/dest_clk
    SLICE_X28Y77         FDRE                                         r  puf_bd_i/rst_ps7_0_50M/U0/EXT_LPF/ACTIVE_LOW_EXT.ACT_LO_EXT/syncstages_ff_reg[0]/C





Min Delay Paths
--------------------------------------------------------------------------------------
Slack:                    inf
  Source:                 puf_bd_i/processing_system7_0/inst/PS7_i/FCLKRESETN[0]
                            (internal pin)
  Destination:            puf_bd_i/rst_ps7_0_50M/U0/EXT_LPF/ACTIVE_LOW_EXT.ACT_LO_EXT/syncstages_ff_reg[0]/D
                            (rising edge-triggered cell FDRE clocked by clk_fpga_0  {rise@0.000ns fall@10.000ns period=20.000ns})
  Path Group:             (none)
  Path Type:              Hold (Min at Fast Process Corner)
  Data Path Delay:        0.565ns  (logic 0.045ns (7.961%)  route 0.520ns (92.039%))
  Logic Levels:           1  (LUT1=1)
  Clock Uncertainty:      0.301ns  ((TSJ^2 + TIJ^2)^1/2 + DJ) / 2 + PE
    Total System Jitter     (TSJ):    0.050ns
    Total Input Jitter      (TIJ):    0.600ns
    Discrete Jitter          (DJ):    0.000ns
    Phase Error              (PE):    0.000ns
  Timing Exception:       False Path

    Location             Delay type                Incr(ns)  Path(ns)    Netlist Resource(s)
  -------------------------------------------------------------------    -------------------
    PS7_X0Y0             PS7                          0.000     0.000 f  puf_bd_i/processing_system7_0/inst/PS7_i/FCLKRESETN[0]
                         net (fo=1, routed)           0.520     0.520    puf_bd_i/rst_ps7_0_50M/U0/EXT_LPF/ext_reset_in
    SLICE_X28Y77         LUT1 (Prop_lut1_I0_O)        0.045     0.565 r  puf_bd_i/rst_ps7_0_50M/U0/EXT_LPF/ACTIVE_LOW_EXT.ACT_LO_EXT_i_1/O
                         net (fo=1, routed)           0.000     0.565    puf_bd_i/rst_ps7_0_50M/U0/EXT_LPF/ACTIVE_LOW_EXT.ACT_LO_EXT/src_in
    SLICE_X28Y77         FDRE                                         r  puf_bd_i/rst_ps7_0_50M/U0/EXT_LPF/ACTIVE_LOW_EXT.ACT_LO_EXT/syncstages_ff_reg[0]/D
  -------------------------------------------------------------------    -------------------

                         (clock clk_fpga_0 rise edge)
                                                      0.000     0.000 r  
    PS7_X0Y0             PS7                          0.000     0.000 r  puf_bd_i/processing_system7_0/inst/PS7_i/FCLKCLK[0]
                         net (fo=1, routed)           0.337     0.337    puf_bd_i/processing_system7_0/inst/FCLK_CLK_unbuffered[0]
    BUFGCTRL_X0Y16       BUFG (Prop_bufg_I_O)         0.029     0.366 r  puf_bd_i/processing_system7_0/inst/buffer_fclk_clk_0.FCLK_CLK_0_BUFG/O
                         net (fo=1424, routed)        0.831     1.197    puf_bd_i/rst_ps7_0_50M/U0/EXT_LPF/ACTIVE_LOW_EXT.ACT_LO_EXT/dest_clk
    SLICE_X28Y77         FDRE                                         r  puf_bd_i/rst_ps7_0_50M/U0/EXT_LPF/ACTIVE_LOW_EXT.ACT_LO_EXT/syncstages_ff_reg[0]/C





--------------------------------------------------------------------------------------
Path Group:  (none)
From Clock:  clk_fpga_0
  To Clock:  clk_fpga_0

Max Delay            85 Endpoints
Min Delay            85 Endpoints
--------------------------------------------------------------------------------------


Max Delay Paths
--------------------------------------------------------------------------------------
Slack:                    inf
  Source:                 puf_bd_i/axi_smc/inst/clk_map/psr_aclk/U0/ACTIVE_LOW_BSR_OUT_DFF[0].FDRE_BSR_N/C
                            (rising edge-triggered cell FDRE clocked by clk_fpga_0  {rise@0.000ns fall@10.000ns period=20.000ns})
  Destination:            <hidden>
                            (recovery check against rising-edge clock clk_fpga_0  {rise@0.000ns fall@10.000ns period=20.000ns})
  Path Group:             (none)
  Path Type:              Recovery (Max at Slow Process Corner)
  Data Path Delay:        4.283ns  (logic 0.642ns (14.990%)  route 3.641ns (85.010%))
  Logic Levels:           1  (LUT1=1)
  Clock Path Skew:        -0.150ns (DCD - SCD + CPR)
    Destination Clock Delay (DCD):    2.834ns
    Source Clock Delay      (SCD):    2.984ns
    Clock Pessimism Removal (CPR):    0.000ns
  Clock Uncertainty:      0.302ns  ((TSJ^2 + TIJ^2)^1/2 + DJ) / 2 + PE
    Total System Jitter     (TSJ):    0.071ns
    Total Input Jitter      (TIJ):    0.600ns
    Discrete Jitter          (DJ):    0.000ns
    Phase Error              (PE):    0.000ns
  Timing Exception:       False Path

    Location             Delay type                Incr(ns)  Path(ns)    Netlist Resource(s)
  -------------------------------------------------------------------    -------------------
                         (clock clk_fpga_0 rise edge)
                                                      0.000     0.000 r  
    PS7_X0Y0             PS7                          0.000     0.000 r  puf_bd_i/processing_system7_0/inst/PS7_i/FCLKCLK[0]
                         net (fo=1, routed)           1.193     1.193    puf_bd_i/processing_system7_0/inst/FCLK_CLK_unbuffered[0]
    BUFGCTRL_X0Y16       BUFG (Prop_bufg_I_O)         0.101     1.294 r  puf_bd_i/processing_system7_0/inst/buffer_fclk_clk_0.FCLK_CLK_0_BUFG/O
                         net (fo=1424, routed)        1.690     2.984    puf_bd_i/axi_smc/inst/clk_map/psr_aclk/U0/aclk
    SLICE_X26Y86         FDRE                                         r  puf_bd_i/axi_smc/inst/clk_map/psr_aclk/U0/ACTIVE_LOW_BSR_OUT_DFF[0].FDRE_BSR_N/C
  -------------------------------------------------------------------    -------------------
    SLICE_X26Y86         FDRE (Prop_fdre_C_Q)         0.518     3.502 r  puf_bd_i/axi_smc/inst/clk_map/psr_aclk/U0/ACTIVE_LOW_BSR_OUT_DFF[0].FDRE_BSR_N/Q
                         net (fo=25, routed)          2.973     6.475    <hidden>
    SLICE_X32Y101        LUT1 (Prop_lut1_I0_O)        0.124     6.599 f  <hidden>
                         net (fo=3, routed)           0.668     7.267    <hidden>
    SLICE_X34Y102        FDCE                                         f  <hidden>
  -------------------------------------------------------------------    -------------------

                         (clock clk_fpga_0 rise edge)
                                                      0.000     0.000 r  
    PS7_X0Y0             PS7                          0.000     0.000 r  puf_bd_i/processing_system7_0/inst/PS7_i/FCLKCLK[0]
                         net (fo=1, routed)           1.088     1.088    puf_bd_i/processing_system7_0/inst/FCLK_CLK_unbuffered[0]
    BUFGCTRL_X0Y16       BUFG (Prop_bufg_I_O)         0.091     1.179 r  puf_bd_i/processing_system7_0/inst/buffer_fclk_clk_0.FCLK_CLK_0_BUFG/O
                         net (fo=1424, routed)        1.655     2.834    <hidden>
    SLICE_X34Y102        FDCE                                         r  <hidden>

Slack:                    inf
  Source:                 puf_bd_i/axi_smc/inst/clk_map/psr_aclk/U0/ACTIVE_LOW_BSR_OUT_DFF[0].FDRE_BSR_N/C
                            (rising edge-triggered cell FDRE clocked by clk_fpga_0  {rise@0.000ns fall@10.000ns period=20.000ns})
  Destination:            <hidden>
                            (recovery check against rising-edge clock clk_fpga_0  {rise@0.000ns fall@10.000ns period=20.000ns})
  Path Group:             (none)
  Path Type:              Recovery (Max at Slow Process Corner)
  Data Path Delay:        4.283ns  (logic 0.642ns (14.990%)  route 3.641ns (85.010%))
  Logic Levels:           1  (LUT1=1)
  Clock Path Skew:        -0.150ns (DCD - SCD + CPR)
    Destination Clock Delay (DCD):    2.834ns
    Source Clock Delay      (SCD):    2.984ns
    Clock Pessimism Removal (CPR):    0.000ns
  Clock Uncertainty:      0.302ns  ((TSJ^2 + TIJ^2)^1/2 + DJ) / 2 + PE
    Total System Jitter     (TSJ):    0.071ns
    Total Input Jitter      (TIJ):    0.600ns
    Discrete Jitter          (DJ):    0.000ns
    Phase Error              (PE):    0.000ns
  Timing Exception:       False Path

    Location             Delay type                Incr(ns)  Path(ns)    Netlist Resource(s)
  -------------------------------------------------------------------    -------------------
                         (clock clk_fpga_0 rise edge)
                                                      0.000     0.000 r  
    PS7_X0Y0             PS7                          0.000     0.000 r  puf_bd_i/processing_system7_0/inst/PS7_i/FCLKCLK[0]
                         net (fo=1, routed)           1.193     1.193    puf_bd_i/processing_system7_0/inst/FCLK_CLK_unbuffered[0]
    BUFGCTRL_X0Y16       BUFG (Prop_bufg_I_O)         0.101     1.294 r  puf_bd_i/processing_system7_0/inst/buffer_fclk_clk_0.FCLK_CLK_0_BUFG/O
                         net (fo=1424, routed)        1.690     2.984    puf_bd_i/axi_smc/inst/clk_map/psr_aclk/U0/aclk
    SLICE_X26Y86         FDRE                                         r  puf_bd_i/axi_smc/inst/clk_map/psr_aclk/U0/ACTIVE_LOW_BSR_OUT_DFF[0].FDRE_BSR_N/C
  -------------------------------------------------------------------    -------------------
    SLICE_X26Y86         FDRE (Prop_fdre_C_Q)         0.518     3.502 r  puf_bd_i/axi_smc/inst/clk_map/psr_aclk/U0/ACTIVE_LOW_BSR_OUT_DFF[0].FDRE_BSR_N/Q
                         net (fo=25, routed)          2.973     6.475    <hidden>
    SLICE_X32Y101        LUT1 (Prop_lut1_I0_O)        0.124     6.599 f  <hidden>
                         net (fo=3, routed)           0.668     7.267    <hidden>
    SLICE_X34Y102        FDCE                                         f  <hidden>
  -------------------------------------------------------------------    -------------------

                         (clock clk_fpga_0 rise edge)
                                                      0.000     0.000 r  
    PS7_X0Y0             PS7                          0.000     0.000 r  puf_bd_i/processing_system7_0/inst/PS7_i/FCLKCLK[0]
                         net (fo=1, routed)           1.088     1.088    puf_bd_i/processing_system7_0/inst/FCLK_CLK_unbuffered[0]
    BUFGCTRL_X0Y16       BUFG (Prop_bufg_I_O)         0.091     1.179 r  puf_bd_i/processing_system7_0/inst/buffer_fclk_clk_0.FCLK_CLK_0_BUFG/O
                         net (fo=1424, routed)        1.655     2.834    <hidden>
    SLICE_X34Y102        FDCE                                         r  <hidden>

Slack:                    inf
  Source:                 puf_bd_i/axi_smc/inst/clk_map/psr_aclk/U0/ACTIVE_LOW_BSR_OUT_DFF[0].FDRE_BSR_N/C
                            (rising edge-triggered cell FDRE clocked by clk_fpga_0  {rise@0.000ns fall@10.000ns period=20.000ns})
  Destination:            <hidden>
                            (recovery check against rising-edge clock clk_fpga_0  {rise@0.000ns fall@10.000ns period=20.000ns})
  Path Group:             (none)
  Path Type:              Recovery (Max at Slow Process Corner)
  Data Path Delay:        4.283ns  (logic 0.642ns (14.990%)  route 3.641ns (85.010%))
  Logic Levels:           1  (LUT1=1)
  Clock Path Skew:        -0.150ns (DCD - SCD + CPR)
    Destination Clock Delay (DCD):    2.834ns
    Source Clock Delay      (SCD):    2.984ns
    Clock Pessimism Removal (CPR):    0.000ns
  Clock Uncertainty:      0.302ns  ((TSJ^2 + TIJ^2)^1/2 + DJ) / 2 + PE
    Total System Jitter     (TSJ):    0.071ns
    Total Input Jitter      (TIJ):    0.600ns
    Discrete Jitter          (DJ):    0.000ns
    Phase Error              (PE):    0.000ns
  Timing Exception:       False Path

    Location             Delay type                Incr(ns)  Path(ns)    Netlist Resource(s)
  -------------------------------------------------------------------    -------------------
                         (clock clk_fpga_0 rise edge)
                                                      0.000     0.000 r  
    PS7_X0Y0             PS7                          0.000     0.000 r  puf_bd_i/processing_system7_0/inst/PS7_i/FCLKCLK[0]
                         net (fo=1, routed)           1.193     1.193    puf_bd_i/processing_system7_0/inst/FCLK_CLK_unbuffered[0]
    BUFGCTRL_X0Y16       BUFG (Prop_bufg_I_O)         0.101     1.294 r  puf_bd_i/processing_system7_0/inst/buffer_fclk_clk_0.FCLK_CLK_0_BUFG/O
                         net (fo=1424, routed)        1.690     2.984    puf_bd_i/axi_smc/inst/clk_map/psr_aclk/U0/aclk
    SLICE_X26Y86         FDRE                                         r  puf_bd_i/axi_smc/inst/clk_map/psr_aclk/U0/ACTIVE_LOW_BSR_OUT_DFF[0].FDRE_BSR_N/C
  -------------------------------------------------------------------    -------------------
    SLICE_X26Y86         FDRE (Prop_fdre_C_Q)         0.518     3.502 r  puf_bd_i/axi_smc/inst/clk_map/psr_aclk/U0/ACTIVE_LOW_BSR_OUT_DFF[0].FDRE_BSR_N/Q
                         net (fo=25, routed)          2.973     6.475    <hidden>
    SLICE_X32Y101        LUT1 (Prop_lut1_I0_O)        0.124     6.599 f  <hidden>
                         net (fo=3, routed)           0.668     7.267    <hidden>
    SLICE_X34Y102        FDCE                                         f  <hidden>
  -------------------------------------------------------------------    -------------------

                         (clock clk_fpga_0 rise edge)
                                                      0.000     0.000 r  
    PS7_X0Y0             PS7                          0.000     0.000 r  puf_bd_i/processing_system7_0/inst/PS7_i/FCLKCLK[0]
                         net (fo=1, routed)           1.088     1.088    puf_bd_i/processing_system7_0/inst/FCLK_CLK_unbuffered[0]
    BUFGCTRL_X0Y16       BUFG (Prop_bufg_I_O)         0.091     1.179 r  puf_bd_i/processing_system7_0/inst/buffer_fclk_clk_0.FCLK_CLK_0_BUFG/O
                         net (fo=1424, routed)        1.655     2.834    <hidden>
    SLICE_X34Y102        FDCE                                         r  <hidden>

Slack:                    inf
  Source:                 puf_bd_i/axi_smc/inst/clk_map/psr_aclk/U0/ACTIVE_LOW_BSR_OUT_DFF[0].FDRE_BSR_N/C
                            (rising edge-triggered cell FDRE clocked by clk_fpga_0  {rise@0.000ns fall@10.000ns period=20.000ns})
  Destination:            <hidden>
                            (recovery check against rising-edge clock clk_fpga_0  {rise@0.000ns fall@10.000ns period=20.000ns})
  Path Group:             (none)
  Path Type:              Recovery (Max at Slow Process Corner)
  Data Path Delay:        4.140ns  (logic 0.635ns (15.340%)  route 3.505ns (84.660%))
  Logic Levels:           1  (LUT1=1)
  Clock Path Skew:        -0.151ns (DCD - SCD + CPR)
    Destination Clock Delay (DCD):    2.833ns
    Source Clock Delay      (SCD):    2.984ns
    Clock Pessimism Removal (CPR):    0.000ns
  Clock Uncertainty:      0.302ns  ((TSJ^2 + TIJ^2)^1/2 + DJ) / 2 + PE
    Total System Jitter     (TSJ):    0.071ns
    Total Input Jitter      (TIJ):    0.600ns
    Discrete Jitter          (DJ):    0.000ns
    Phase Error              (PE):    0.000ns
  Timing Exception:       False Path

    Location             Delay type                Incr(ns)  Path(ns)    Netlist Resource(s)
  -------------------------------------------------------------------    -------------------
                         (clock clk_fpga_0 rise edge)
                                                      0.000     0.000 r  
    PS7_X0Y0             PS7                          0.000     0.000 r  puf_bd_i/processing_system7_0/inst/PS7_i/FCLKCLK[0]
                         net (fo=1, routed)           1.193     1.193    puf_bd_i/processing_system7_0/inst/FCLK_CLK_unbuffered[0]
    BUFGCTRL_X0Y16       BUFG (Prop_bufg_I_O)         0.101     1.294 r  puf_bd_i/processing_system7_0/inst/buffer_fclk_clk_0.FCLK_CLK_0_BUFG/O
                         net (fo=1424, routed)        1.690     2.984    puf_bd_i/axi_smc/inst/clk_map/psr_aclk/U0/aclk
    SLICE_X26Y86         FDRE                                         r  puf_bd_i/axi_smc/inst/clk_map/psr_aclk/U0/ACTIVE_LOW_BSR_OUT_DFF[0].FDRE_BSR_N/C
  -------------------------------------------------------------------    -------------------
    SLICE_X26Y86         FDRE (Prop_fdre_C_Q)         0.518     3.502 r  puf_bd_i/axi_smc/inst/clk_map/psr_aclk/U0/ACTIVE_LOW_BSR_OUT_DFF[0].FDRE_BSR_N/Q
                         net (fo=25, routed)          2.973     6.475    <hidden>
    SLICE_X32Y101        LUT1 (Prop_lut1_I0_O)        0.117     6.592 f  <hidden>
                         net (fo=3, routed)           0.532     7.124    <hidden>
    SLICE_X32Y101        FDCE                                         f  <hidden>
  -------------------------------------------------------------------    -------------------

                         (clock clk_fpga_0 rise edge)
                                                      0.000     0.000 r  
    PS7_X0Y0             PS7                          0.000     0.000 r  puf_bd_i/processing_system7_0/inst/PS7_i/FCLKCLK[0]
                         net (fo=1, routed)           1.088     1.088    puf_bd_i/processing_system7_0/inst/FCLK_CLK_unbuffered[0]
    BUFGCTRL_X0Y16       BUFG (Prop_bufg_I_O)         0.091     1.179 r  puf_bd_i/processing_system7_0/inst/buffer_fclk_clk_0.FCLK_CLK_0_BUFG/O
                         net (fo=1424, routed)        1.654     2.833    <hidden>
    SLICE_X32Y101        FDCE                                         r  <hidden>

Slack:                    inf
  Source:                 puf_bd_i/axi_smc/inst/clk_map/psr_aclk/U0/ACTIVE_LOW_BSR_OUT_DFF[0].FDRE_BSR_N/C
                            (rising edge-triggered cell FDRE clocked by clk_fpga_0  {rise@0.000ns fall@10.000ns period=20.000ns})
  Destination:            <hidden>
                            (recovery check against rising-edge clock clk_fpga_0  {rise@0.000ns fall@10.000ns period=20.000ns})
  Path Group:             (none)
  Path Type:              Recovery (Max at Slow Process Corner)
  Data Path Delay:        4.140ns  (logic 0.635ns (15.340%)  route 3.505ns (84.660%))
  Logic Levels:           1  (LUT1=1)
  Clock Path Skew:        -0.151ns (DCD - SCD + CPR)
    Destination Clock Delay (DCD):    2.833ns
    Source Clock Delay      (SCD):    2.984ns
    Clock Pessimism Removal (CPR):    0.000ns
  Clock Uncertainty:      0.302ns  ((TSJ^2 + TIJ^2)^1/2 + DJ) / 2 + PE
    Total System Jitter     (TSJ):    0.071ns
    Total Input Jitter      (TIJ):    0.600ns
    Discrete Jitter          (DJ):    0.000ns
    Phase Error              (PE):    0.000ns
  Timing Exception:       False Path

    Location             Delay type                Incr(ns)  Path(ns)    Netlist Resource(s)
  -------------------------------------------------------------------    -------------------
                         (clock clk_fpga_0 rise edge)
                                                      0.000     0.000 r  
    PS7_X0Y0             PS7                          0.000     0.000 r  puf_bd_i/processing_system7_0/inst/PS7_i/FCLKCLK[0]
                         net (fo=1, routed)           1.193     1.193    puf_bd_i/processing_system7_0/inst/FCLK_CLK_unbuffered[0]
    BUFGCTRL_X0Y16       BUFG (Prop_bufg_I_O)         0.101     1.294 r  puf_bd_i/processing_system7_0/inst/buffer_fclk_clk_0.FCLK_CLK_0_BUFG/O
                         net (fo=1424, routed)        1.690     2.984    puf_bd_i/axi_smc/inst/clk_map/psr_aclk/U0/aclk
    SLICE_X26Y86         FDRE                                         r  puf_bd_i/axi_smc/inst/clk_map/psr_aclk/U0/ACTIVE_LOW_BSR_OUT_DFF[0].FDRE_BSR_N/C
  -------------------------------------------------------------------    -------------------
    SLICE_X26Y86         FDRE (Prop_fdre_C_Q)         0.518     3.502 r  puf_bd_i/axi_smc/inst/clk_map/psr_aclk/U0/ACTIVE_LOW_BSR_OUT_DFF[0].FDRE_BSR_N/Q
                         net (fo=25, routed)          2.973     6.475    <hidden>
    SLICE_X32Y101        LUT1 (Prop_lut1_I0_O)        0.117     6.592 f  <hidden>
                         net (fo=3, routed)           0.532     7.124    <hidden>
    SLICE_X32Y101        FDCE                                         f  <hidden>
  -------------------------------------------------------------------    -------------------

                         (clock clk_fpga_0 rise edge)
                                                      0.000     0.000 r  
    PS7_X0Y0             PS7                          0.000     0.000 r  puf_bd_i/processing_system7_0/inst/PS7_i/FCLKCLK[0]
                         net (fo=1, routed)           1.088     1.088    puf_bd_i/processing_system7_0/inst/FCLK_CLK_unbuffered[0]
    BUFGCTRL_X0Y16       BUFG (Prop_bufg_I_O)         0.091     1.179 r  puf_bd_i/processing_system7_0/inst/buffer_fclk_clk_0.FCLK_CLK_0_BUFG/O
                         net (fo=1424, routed)        1.654     2.833    <hidden>
    SLICE_X32Y101        FDCE                                         r  <hidden>

Slack:                    inf
  Source:                 puf_bd_i/axi_smc/inst/clk_map/psr_aclk/U0/ACTIVE_LOW_BSR_OUT_DFF[0].FDRE_BSR_N/C
                            (rising edge-triggered cell FDRE clocked by clk_fpga_0  {rise@0.000ns fall@10.000ns period=20.000ns})
  Destination:            <hidden>
                            (recovery check against rising-edge clock clk_fpga_0  {rise@0.000ns fall@10.000ns period=20.000ns})
  Path Group:             (none)
  Path Type:              Recovery (Max at Slow Process Corner)
  Data Path Delay:        4.140ns  (logic 0.635ns (15.340%)  route 3.505ns (84.660%))
  Logic Levels:           1  (LUT1=1)
  Clock Path Skew:        -0.151ns (DCD - SCD + CPR)
    Destination Clock Delay (DCD):    2.833ns
    Source Clock Delay      (SCD):    2.984ns
    Clock Pessimism Removal (CPR):    0.000ns
  Clock Uncertainty:      0.302ns  ((TSJ^2 + TIJ^2)^1/2 + DJ) / 2 + PE
    Total System Jitter     (TSJ):    0.071ns
    Total Input Jitter      (TIJ):    0.600ns
    Discrete Jitter          (DJ):    0.000ns
    Phase Error              (PE):    0.000ns
  Timing Exception:       False Path

    Location             Delay type                Incr(ns)  Path(ns)    Netlist Resource(s)
  -------------------------------------------------------------------    -------------------
                         (clock clk_fpga_0 rise edge)
                                                      0.000     0.000 r  
    PS7_X0Y0             PS7                          0.000     0.000 r  puf_bd_i/processing_system7_0/inst/PS7_i/FCLKCLK[0]
                         net (fo=1, routed)           1.193     1.193    puf_bd_i/processing_system7_0/inst/FCLK_CLK_unbuffered[0]
    BUFGCTRL_X0Y16       BUFG (Prop_bufg_I_O)         0.101     1.294 r  puf_bd_i/processing_system7_0/inst/buffer_fclk_clk_0.FCLK_CLK_0_BUFG/O
                         net (fo=1424, routed)        1.690     2.984    puf_bd_i/axi_smc/inst/clk_map/psr_aclk/U0/aclk
    SLICE_X26Y86         FDRE                                         r  puf_bd_i/axi_smc/inst/clk_map/psr_aclk/U0/ACTIVE_LOW_BSR_OUT_DFF[0].FDRE_BSR_N/C
  -------------------------------------------------------------------    -------------------
    SLICE_X26Y86         FDRE (Prop_fdre_C_Q)         0.518     3.502 r  puf_bd_i/axi_smc/inst/clk_map/psr_aclk/U0/ACTIVE_LOW_BSR_OUT_DFF[0].FDRE_BSR_N/Q
                         net (fo=25, routed)          2.973     6.475    <hidden>
    SLICE_X32Y101        LUT1 (Prop_lut1_I0_O)        0.117     6.592 f  <hidden>
                         net (fo=3, routed)           0.532     7.124    <hidden>
    SLICE_X32Y101        FDCE                                         f  <hidden>
  -------------------------------------------------------------------    -------------------

                         (clock clk_fpga_0 rise edge)
                                                      0.000     0.000 r  
    PS7_X0Y0             PS7                          0.000     0.000 r  puf_bd_i/processing_system7_0/inst/PS7_i/FCLKCLK[0]
                         net (fo=1, routed)           1.088     1.088    puf_bd_i/processing_system7_0/inst/FCLK_CLK_unbuffered[0]
    BUFGCTRL_X0Y16       BUFG (Prop_bufg_I_O)         0.091     1.179 r  puf_bd_i/processing_system7_0/inst/buffer_fclk_clk_0.FCLK_CLK_0_BUFG/O
                         net (fo=1424, routed)        1.654     2.833    <hidden>
    SLICE_X32Y101        FDCE                                         r  <hidden>

Slack:                    inf
  Source:                 puf_bd_i/axi_smc/inst/clk_map/psr_aclk/U0/ACTIVE_LOW_BSR_OUT_DFF[0].FDRE_BSR_N/C
                            (rising edge-triggered cell FDRE clocked by clk_fpga_0  {rise@0.000ns fall@10.000ns period=20.000ns})
  Destination:            <hidden>
                            (recovery check against rising-edge clock clk_fpga_0  {rise@0.000ns fall@10.000ns period=20.000ns})
  Path Group:             (none)
  Path Type:              Recovery (Max at Slow Process Corner)
  Data Path Delay:        4.093ns  (logic 0.635ns (15.516%)  route 3.458ns (84.484%))
  Logic Levels:           1  (LUT1=1)
  Clock Path Skew:        -0.106ns (DCD - SCD + CPR)
    Destination Clock Delay (DCD):    2.878ns
    Source Clock Delay      (SCD):    2.984ns
    Clock Pessimism Removal (CPR):    0.000ns
  Clock Uncertainty:      0.302ns  ((TSJ^2 + TIJ^2)^1/2 + DJ) / 2 + PE
    Total System Jitter     (TSJ):    0.071ns
    Total Input Jitter      (TIJ):    0.600ns
    Discrete Jitter          (DJ):    0.000ns
    Phase Error              (PE):    0.000ns
  Timing Exception:       False Path

    Location             Delay type                Incr(ns)  Path(ns)    Netlist Resource(s)
  -------------------------------------------------------------------    -------------------
                         (clock clk_fpga_0 rise edge)
                                                      0.000     0.000 r  
    PS7_X0Y0             PS7                          0.000     0.000 r  puf_bd_i/processing_system7_0/inst/PS7_i/FCLKCLK[0]
                         net (fo=1, routed)           1.193     1.193    puf_bd_i/processing_system7_0/inst/FCLK_CLK_unbuffered[0]
    BUFGCTRL_X0Y16       BUFG (Prop_bufg_I_O)         0.101     1.294 r  puf_bd_i/processing_system7_0/inst/buffer_fclk_clk_0.FCLK_CLK_0_BUFG/O
                         net (fo=1424, routed)        1.690     2.984    puf_bd_i/axi_smc/inst/clk_map/psr_aclk/U0/aclk
    SLICE_X26Y86         FDRE                                         r  puf_bd_i/axi_smc/inst/clk_map/psr_aclk/U0/ACTIVE_LOW_BSR_OUT_DFF[0].FDRE_BSR_N/C
  -------------------------------------------------------------------    -------------------
    SLICE_X26Y86         FDRE (Prop_fdre_C_Q)         0.518     3.502 r  puf_bd_i/axi_smc/inst/clk_map/psr_aclk/U0/ACTIVE_LOW_BSR_OUT_DFF[0].FDRE_BSR_N/Q
                         net (fo=25, routed)          2.926     6.428    <hidden>
    SLICE_X30Y104        LUT1 (Prop_lut1_I0_O)        0.117     6.545 f  <hidden>
                         net (fo=3, routed)           0.532     7.077    <hidden>
    SLICE_X30Y104        FDCE                                         f  <hidden>
  -------------------------------------------------------------------    -------------------

                         (clock clk_fpga_0 rise edge)
                                                      0.000     0.000 r  
    PS7_X0Y0             PS7                          0.000     0.000 r  puf_bd_i/processing_system7_0/inst/PS7_i/FCLKCLK[0]
                         net (fo=1, routed)           1.088     1.088    puf_bd_i/processing_system7_0/inst/FCLK_CLK_unbuffered[0]
    BUFGCTRL_X0Y16       BUFG (Prop_bufg_I_O)         0.091     1.179 r  puf_bd_i/processing_system7_0/inst/buffer_fclk_clk_0.FCLK_CLK_0_BUFG/O
                         net (fo=1424, routed)        1.699     2.878    <hidden>
    SLICE_X30Y104        FDCE                                         r  <hidden>

Slack:                    inf
  Source:                 puf_bd_i/axi_smc/inst/clk_map/psr_aclk/U0/ACTIVE_LOW_BSR_OUT_DFF[0].FDRE_BSR_N/C
                            (rising edge-triggered cell FDRE clocked by clk_fpga_0  {rise@0.000ns fall@10.000ns period=20.000ns})
  Destination:            <hidden>
                            (recovery check against rising-edge clock clk_fpga_0  {rise@0.000ns fall@10.000ns period=20.000ns})
  Path Group:             (none)
  Path Type:              Recovery (Max at Slow Process Corner)
  Data Path Delay:        4.093ns  (logic 0.635ns (15.516%)  route 3.458ns (84.484%))
  Logic Levels:           1  (LUT1=1)
  Clock Path Skew:        -0.106ns (DCD - SCD + CPR)
    Destination Clock Delay (DCD):    2.878ns
    Source Clock Delay      (SCD):    2.984ns
    Clock Pessimism Removal (CPR):    0.000ns
  Clock Uncertainty:      0.302ns  ((TSJ^2 + TIJ^2)^1/2 + DJ) / 2 + PE
    Total System Jitter     (TSJ):    0.071ns
    Total Input Jitter      (TIJ):    0.600ns
    Discrete Jitter          (DJ):    0.000ns
    Phase Error              (PE):    0.000ns
  Timing Exception:       False Path

    Location             Delay type                Incr(ns)  Path(ns)    Netlist Resource(s)
  -------------------------------------------------------------------    -------------------
                         (clock clk_fpga_0 rise edge)
                                                      0.000     0.000 r  
    PS7_X0Y0             PS7                          0.000     0.000 r  puf_bd_i/processing_system7_0/inst/PS7_i/FCLKCLK[0]
                         net (fo=1, routed)           1.193     1.193    puf_bd_i/processing_system7_0/inst/FCLK_CLK_unbuffered[0]
    BUFGCTRL_X0Y16       BUFG (Prop_bufg_I_O)         0.101     1.294 r  puf_bd_i/processing_system7_0/inst/buffer_fclk_clk_0.FCLK_CLK_0_BUFG/O
                         net (fo=1424, routed)        1.690     2.984    puf_bd_i/axi_smc/inst/clk_map/psr_aclk/U0/aclk
    SLICE_X26Y86         FDRE                                         r  puf_bd_i/axi_smc/inst/clk_map/psr_aclk/U0/ACTIVE_LOW_BSR_OUT_DFF[0].FDRE_BSR_N/C
  -------------------------------------------------------------------    -------------------
    SLICE_X26Y86         FDRE (Prop_fdre_C_Q)         0.518     3.502 r  puf_bd_i/axi_smc/inst/clk_map/psr_aclk/U0/ACTIVE_LOW_BSR_OUT_DFF[0].FDRE_BSR_N/Q
                         net (fo=25, routed)          2.926     6.428    <hidden>
    SLICE_X30Y104        LUT1 (Prop_lut1_I0_O)        0.117     6.545 f  <hidden>
                         net (fo=3, routed)           0.532     7.077    <hidden>
    SLICE_X30Y104        FDCE                                         f  <hidden>
  -------------------------------------------------------------------    -------------------

                         (clock clk_fpga_0 rise edge)
                                                      0.000     0.000 r  
    PS7_X0Y0             PS7                          0.000     0.000 r  puf_bd_i/processing_system7_0/inst/PS7_i/FCLKCLK[0]
                         net (fo=1, routed)           1.088     1.088    puf_bd_i/processing_system7_0/inst/FCLK_CLK_unbuffered[0]
    BUFGCTRL_X0Y16       BUFG (Prop_bufg_I_O)         0.091     1.179 r  puf_bd_i/processing_system7_0/inst/buffer_fclk_clk_0.FCLK_CLK_0_BUFG/O
                         net (fo=1424, routed)        1.699     2.878    <hidden>
    SLICE_X30Y104        FDCE                                         r  <hidden>

Slack:                    inf
  Source:                 puf_bd_i/axi_smc/inst/clk_map/psr_aclk/U0/ACTIVE_LOW_BSR_OUT_DFF[0].FDRE_BSR_N/C
                            (rising edge-triggered cell FDRE clocked by clk_fpga_0  {rise@0.000ns fall@10.000ns period=20.000ns})
  Destination:            <hidden>
                            (recovery check against rising-edge clock clk_fpga_0  {rise@0.000ns fall@10.000ns period=20.000ns})
  Path Group:             (none)
  Path Type:              Recovery (Max at Slow Process Corner)
  Data Path Delay:        4.093ns  (logic 0.635ns (15.516%)  route 3.458ns (84.484%))
  Logic Levels:           1  (LUT1=1)
  Clock Path Skew:        -0.106ns (DCD - SCD + CPR)
    Destination Clock Delay (DCD):    2.878ns
    Source Clock Delay      (SCD):    2.984ns
    Clock Pessimism Removal (CPR):    0.000ns
  Clock Uncertainty:      0.302ns  ((TSJ^2 + TIJ^2)^1/2 + DJ) / 2 + PE
    Total System Jitter     (TSJ):    0.071ns
    Total Input Jitter      (TIJ):    0.600ns
    Discrete Jitter          (DJ):    0.000ns
    Phase Error              (PE):    0.000ns
  Timing Exception:       False Path

    Location             Delay type                Incr(ns)  Path(ns)    Netlist Resource(s)
  -------------------------------------------------------------------    -------------------
                         (clock clk_fpga_0 rise edge)
                                                      0.000     0.000 r  
    PS7_X0Y0             PS7                          0.000     0.000 r  puf_bd_i/processing_system7_0/inst/PS7_i/FCLKCLK[0]
                         net (fo=1, routed)           1.193     1.193    puf_bd_i/processing_system7_0/inst/FCLK_CLK_unbuffered[0]
    BUFGCTRL_X0Y16       BUFG (Prop_bufg_I_O)         0.101     1.294 r  puf_bd_i/processing_system7_0/inst/buffer_fclk_clk_0.FCLK_CLK_0_BUFG/O
                         net (fo=1424, routed)        1.690     2.984    puf_bd_i/axi_smc/inst/clk_map/psr_aclk/U0/aclk
    SLICE_X26Y86         FDRE                                         r  puf_bd_i/axi_smc/inst/clk_map/psr_aclk/U0/ACTIVE_LOW_BSR_OUT_DFF[0].FDRE_BSR_N/C
  -------------------------------------------------------------------    -------------------
    SLICE_X26Y86         FDRE (Prop_fdre_C_Q)         0.518     3.502 r  puf_bd_i/axi_smc/inst/clk_map/psr_aclk/U0/ACTIVE_LOW_BSR_OUT_DFF[0].FDRE_BSR_N/Q
                         net (fo=25, routed)          2.926     6.428    <hidden>
    SLICE_X30Y104        LUT1 (Prop_lut1_I0_O)        0.117     6.545 f  <hidden>
                         net (fo=3, routed)           0.532     7.077    <hidden>
    SLICE_X30Y104        FDCE                                         f  <hidden>
  -------------------------------------------------------------------    -------------------

                         (clock clk_fpga_0 rise edge)
                                                      0.000     0.000 r  
    PS7_X0Y0             PS7                          0.000     0.000 r  puf_bd_i/processing_system7_0/inst/PS7_i/FCLKCLK[0]
                         net (fo=1, routed)           1.088     1.088    puf_bd_i/processing_system7_0/inst/FCLK_CLK_unbuffered[0]
    BUFGCTRL_X0Y16       BUFG (Prop_bufg_I_O)         0.091     1.179 r  puf_bd_i/processing_system7_0/inst/buffer_fclk_clk_0.FCLK_CLK_0_BUFG/O
                         net (fo=1424, routed)        1.699     2.878    <hidden>
    SLICE_X30Y104        FDCE                                         r  <hidden>

Slack:                    inf
  Source:                 puf_bd_i/axi_smc/inst/clk_map/psr_aclk/U0/ACTIVE_LOW_BSR_OUT_DFF[0].FDRE_BSR_N/C
                            (rising edge-triggered cell FDRE clocked by clk_fpga_0  {rise@0.000ns fall@10.000ns period=20.000ns})
  Destination:            <hidden>
                            (recovery check against rising-edge clock clk_fpga_0  {rise@0.000ns fall@10.000ns period=20.000ns})
  Path Group:             (none)
  Path Type:              Recovery (Max at Slow Process Corner)
  Data Path Delay:        3.907ns  (logic 0.642ns (16.432%)  route 3.265ns (83.568%))
  Logic Levels:           1  (LUT1=1)
  Clock Path Skew:        -0.106ns (DCD - SCD + CPR)
    Destination Clock Delay (DCD):    2.878ns
    Source Clock Delay      (SCD):    2.984ns
    Clock Pessimism Removal (CPR):    0.000ns
  Clock Uncertainty:      0.302ns  ((TSJ^2 + TIJ^2)^1/2 + DJ) / 2 + PE
    Total System Jitter     (TSJ):    0.071ns
    Total Input Jitter      (TIJ):    0.600ns
    Discrete Jitter          (DJ):    0.000ns
    Phase Error              (PE):    0.000ns
  Timing Exception:       False Path

    Location             Delay type                Incr(ns)  Path(ns)    Netlist Resource(s)
  -------------------------------------------------------------------    -------------------
                         (clock clk_fpga_0 rise edge)
                                                      0.000     0.000 r  
    PS7_X0Y0             PS7                          0.000     0.000 r  puf_bd_i/processing_system7_0/inst/PS7_i/FCLKCLK[0]
                         net (fo=1, routed)           1.193     1.193    puf_bd_i/processing_system7_0/inst/FCLK_CLK_unbuffered[0]
    BUFGCTRL_X0Y16       BUFG (Prop_bufg_I_O)         0.101     1.294 r  puf_bd_i/processing_system7_0/inst/buffer_fclk_clk_0.FCLK_CLK_0_BUFG/O
                         net (fo=1424, routed)        1.690     2.984    puf_bd_i/axi_smc/inst/clk_map/psr_aclk/U0/aclk
    SLICE_X26Y86         FDRE                                         r  puf_bd_i/axi_smc/inst/clk_map/psr_aclk/U0/ACTIVE_LOW_BSR_OUT_DFF[0].FDRE_BSR_N/C
  -------------------------------------------------------------------    -------------------
    SLICE_X26Y86         FDRE (Prop_fdre_C_Q)         0.518     3.502 r  puf_bd_i/axi_smc/inst/clk_map/psr_aclk/U0/ACTIVE_LOW_BSR_OUT_DFF[0].FDRE_BSR_N/Q
                         net (fo=25, routed)          2.926     6.428    <hidden>
    SLICE_X30Y104        LUT1 (Prop_lut1_I0_O)        0.124     6.552 f  <hidden>
                         net (fo=3, routed)           0.339     6.891    <hidden>
    SLICE_X30Y105        FDCE                                         f  <hidden>
  -------------------------------------------------------------------    -------------------

                         (clock clk_fpga_0 rise edge)
                                                      0.000     0.000 r  
    PS7_X0Y0             PS7                          0.000     0.000 r  puf_bd_i/processing_system7_0/inst/PS7_i/FCLKCLK[0]
                         net (fo=1, routed)           1.088     1.088    puf_bd_i/processing_system7_0/inst/FCLK_CLK_unbuffered[0]
    BUFGCTRL_X0Y16       BUFG (Prop_bufg_I_O)         0.091     1.179 r  puf_bd_i/processing_system7_0/inst/buffer_fclk_clk_0.FCLK_CLK_0_BUFG/O
                         net (fo=1424, routed)        1.699     2.878    <hidden>
    SLICE_X30Y105        FDCE                                         r  <hidden>





Min Delay Paths
--------------------------------------------------------------------------------------
Slack:                    inf
  Source:                 puf_bd_i/puf_top_0/inst/array/cells[7].cell_inst/R_reg/C
                            (rising edge-triggered cell FDCE clocked by clk_fpga_0  {rise@0.000ns fall@10.000ns period=20.000ns})
  Destination:            puf_bd_i/axi_gpio_1/U0/gpio_core_1/Not_Dual.INPUT_DOUBLE_REGS3/syncstages_ff_reg[0][7]/D
                            (rising edge-triggered cell FDRE clocked by clk_fpga_0  {rise@0.000ns fall@10.000ns period=20.000ns})
  Path Group:             (none)
  Path Type:              Hold (Min at Fast Process Corner)
  Data Path Delay:        0.254ns  (logic 0.141ns (55.610%)  route 0.113ns (44.390%))
  Logic Levels:           0  
  Clock Path Skew:        0.300ns (DCD - SCD - CPR)
    Destination Clock Delay (DCD):    1.191ns
    Source Clock Delay      (SCD):    0.891ns
    Clock Pessimism Removal (CPR):    -0.000ns
  Clock Uncertainty:      0.302ns  ((TSJ^2 + TIJ^2)^1/2 + DJ) / 2 + PE
    Total System Jitter     (TSJ):    0.071ns
    Total Input Jitter      (TIJ):    0.600ns
    Discrete Jitter          (DJ):    0.000ns
    Phase Error              (PE):    0.000ns
  Timing Exception:       False Path

    Location             Delay type                Incr(ns)  Path(ns)    Netlist Resource(s)
  -------------------------------------------------------------------    -------------------
                         (clock clk_fpga_0 rise edge)
                                                      0.000     0.000 r  
    PS7_X0Y0             PS7                          0.000     0.000 r  puf_bd_i/processing_system7_0/inst/PS7_i/FCLKCLK[0]
                         net (fo=1, routed)           0.310     0.310    puf_bd_i/processing_system7_0/inst/FCLK_CLK_unbuffered[0]
    BUFGCTRL_X0Y16       BUFG (Prop_bufg_I_O)         0.026     0.336 r  puf_bd_i/processing_system7_0/inst/buffer_fclk_clk_0.FCLK_CLK_0_BUFG/O
                         net (fo=1424, routed)        0.555     0.891    puf_bd_i/puf_top_0/inst/array/cells[7].cell_inst/clk
    SLICE_X49Y96         FDCE                                         r  puf_bd_i/puf_top_0/inst/array/cells[7].cell_inst/R_reg/C
  -------------------------------------------------------------------    -------------------
    SLICE_X49Y96         FDCE (Prop_fdce_C_Q)         0.141     1.032 r  puf_bd_i/puf_top_0/inst/array/cells[7].cell_inst/R_reg/Q
                         net (fo=1, routed)           0.113     1.144    puf_bd_i/axi_gpio_1/U0/gpio_core_1/Not_Dual.INPUT_DOUBLE_REGS3/async_path_bit[7]
    SLICE_X48Y97         FDRE                                         r  puf_bd_i/axi_gpio_1/U0/gpio_core_1/Not_Dual.INPUT_DOUBLE_REGS3/syncstages_ff_reg[0][7]/D
  -------------------------------------------------------------------    -------------------

                         (clock clk_fpga_0 rise edge)
                                                      0.000     0.000 r  
    PS7_X0Y0             PS7                          0.000     0.000 r  puf_bd_i/processing_system7_0/inst/PS7_i/FCLKCLK[0]
                         net (fo=1, routed)           0.337     0.337    puf_bd_i/processing_system7_0/inst/FCLK_CLK_unbuffered[0]
    BUFGCTRL_X0Y16       BUFG (Prop_bufg_I_O)         0.029     0.366 r  puf_bd_i/processing_system7_0/inst/buffer_fclk_clk_0.FCLK_CLK_0_BUFG/O
                         net (fo=1424, routed)        0.825     1.191    puf_bd_i/axi_gpio_1/U0/gpio_core_1/Not_Dual.INPUT_DOUBLE_REGS3/dest_clk
    SLICE_X48Y97         FDRE                                         r  puf_bd_i/axi_gpio_1/U0/gpio_core_1/Not_Dual.INPUT_DOUBLE_REGS3/syncstages_ff_reg[0][7]/C

Slack:                    inf
  Source:                 puf_bd_i/puf_top_0/inst/array/cells[4].cell_inst/R_reg/C
                            (rising edge-triggered cell FDCE clocked by clk_fpga_0  {rise@0.000ns fall@10.000ns period=20.000ns})
  Destination:            puf_bd_i/axi_gpio_1/U0/gpio_core_1/Not_Dual.INPUT_DOUBLE_REGS3/syncstages_ff_reg[0][4]/D
                            (rising edge-triggered cell FDRE clocked by clk_fpga_0  {rise@0.000ns fall@10.000ns period=20.000ns})
  Path Group:             (none)
  Path Type:              Hold (Min at Fast Process Corner)
  Data Path Delay:        0.316ns  (logic 0.164ns (51.891%)  route 0.152ns (48.109%))
  Logic Levels:           0  
  Clock Path Skew:        0.299ns (DCD - SCD - CPR)
    Destination Clock Delay (DCD):    1.188ns
    Source Clock Delay      (SCD):    0.889ns
    Clock Pessimism Removal (CPR):    -0.000ns
  Clock Uncertainty:      0.302ns  ((TSJ^2 + TIJ^2)^1/2 + DJ) / 2 + PE
    Total System Jitter     (TSJ):    0.071ns
    Total Input Jitter      (TIJ):    0.600ns
    Discrete Jitter          (DJ):    0.000ns
    Phase Error              (PE):    0.000ns
  Timing Exception:       False Path

    Location             Delay type                Incr(ns)  Path(ns)    Netlist Resource(s)
  -------------------------------------------------------------------    -------------------
                         (clock clk_fpga_0 rise edge)
                                                      0.000     0.000 r  
    PS7_X0Y0             PS7                          0.000     0.000 r  puf_bd_i/processing_system7_0/inst/PS7_i/FCLKCLK[0]
                         net (fo=1, routed)           0.310     0.310    puf_bd_i/processing_system7_0/inst/FCLK_CLK_unbuffered[0]
    BUFGCTRL_X0Y16       BUFG (Prop_bufg_I_O)         0.026     0.336 r  puf_bd_i/processing_system7_0/inst/buffer_fclk_clk_0.FCLK_CLK_0_BUFG/O
                         net (fo=1424, routed)        0.553     0.889    puf_bd_i/puf_top_0/inst/array/cells[4].cell_inst/clk
    SLICE_X36Y87         FDCE                                         r  puf_bd_i/puf_top_0/inst/array/cells[4].cell_inst/R_reg/C
  -------------------------------------------------------------------    -------------------
    SLICE_X36Y87         FDCE (Prop_fdce_C_Q)         0.164     1.053 r  puf_bd_i/puf_top_0/inst/array/cells[4].cell_inst/R_reg/Q
                         net (fo=1, routed)           0.152     1.205    puf_bd_i/axi_gpio_1/U0/gpio_core_1/Not_Dual.INPUT_DOUBLE_REGS3/async_path_bit[4]
    SLICE_X39Y88         FDRE                                         r  puf_bd_i/axi_gpio_1/U0/gpio_core_1/Not_Dual.INPUT_DOUBLE_REGS3/syncstages_ff_reg[0][4]/D
  -------------------------------------------------------------------    -------------------

                         (clock clk_fpga_0 rise edge)
                                                      0.000     0.000 r  
    PS7_X0Y0             PS7                          0.000     0.000 r  puf_bd_i/processing_system7_0/inst/PS7_i/FCLKCLK[0]
                         net (fo=1, routed)           0.337     0.337    puf_bd_i/processing_system7_0/inst/FCLK_CLK_unbuffered[0]
    BUFGCTRL_X0Y16       BUFG (Prop_bufg_I_O)         0.029     0.366 r  puf_bd_i/processing_system7_0/inst/buffer_fclk_clk_0.FCLK_CLK_0_BUFG/O
                         net (fo=1424, routed)        0.822     1.188    puf_bd_i/axi_gpio_1/U0/gpio_core_1/Not_Dual.INPUT_DOUBLE_REGS3/dest_clk
    SLICE_X39Y88         FDRE                                         r  puf_bd_i/axi_gpio_1/U0/gpio_core_1/Not_Dual.INPUT_DOUBLE_REGS3/syncstages_ff_reg[0][4]/C

Slack:                    inf
  Source:                 puf_bd_i/puf_top_0/inst/array/cells[0].cell_inst/R_reg/C
                            (rising edge-triggered cell FDCE clocked by clk_fpga_0  {rise@0.000ns fall@10.000ns period=20.000ns})
  Destination:            puf_bd_i/axi_gpio_1/U0/gpio_core_1/Not_Dual.INPUT_DOUBLE_REGS3/syncstages_ff_reg[0][0]/D
                            (rising edge-triggered cell FDRE clocked by clk_fpga_0  {rise@0.000ns fall@10.000ns period=20.000ns})
  Path Group:             (none)
  Path Type:              Hold (Min at Fast Process Corner)
  Data Path Delay:        0.341ns  (logic 0.141ns (41.334%)  route 0.200ns (58.666%))
  Logic Levels:           0  
  Clock Path Skew:        0.301ns (DCD - SCD - CPR)
    Destination Clock Delay (DCD):    1.190ns
    Source Clock Delay      (SCD):    0.889ns
    Clock Pessimism Removal (CPR):    -0.000ns
  Clock Uncertainty:      0.302ns  ((TSJ^2 + TIJ^2)^1/2 + DJ) / 2 + PE
    Total System Jitter     (TSJ):    0.071ns
    Total Input Jitter      (TIJ):    0.600ns
    Discrete Jitter          (DJ):    0.000ns
    Phase Error              (PE):    0.000ns
  Timing Exception:       False Path

    Location             Delay type                Incr(ns)  Path(ns)    Netlist Resource(s)
  -------------------------------------------------------------------    -------------------
                         (clock clk_fpga_0 rise edge)
                                                      0.000     0.000 r  
    PS7_X0Y0             PS7                          0.000     0.000 r  puf_bd_i/processing_system7_0/inst/PS7_i/FCLKCLK[0]
                         net (fo=1, routed)           0.310     0.310    puf_bd_i/processing_system7_0/inst/FCLK_CLK_unbuffered[0]
    BUFGCTRL_X0Y16       BUFG (Prop_bufg_I_O)         0.026     0.336 r  puf_bd_i/processing_system7_0/inst/buffer_fclk_clk_0.FCLK_CLK_0_BUFG/O
                         net (fo=1424, routed)        0.553     0.889    puf_bd_i/puf_top_0/inst/array/cells[0].cell_inst/clk
    SLICE_X49Y89         FDCE                                         r  puf_bd_i/puf_top_0/inst/array/cells[0].cell_inst/R_reg/C
  -------------------------------------------------------------------    -------------------
    SLICE_X49Y89         FDCE (Prop_fdce_C_Q)         0.141     1.030 r  puf_bd_i/puf_top_0/inst/array/cells[0].cell_inst/R_reg/Q
                         net (fo=1, routed)           0.200     1.230    puf_bd_i/axi_gpio_1/U0/gpio_core_1/Not_Dual.INPUT_DOUBLE_REGS3/async_path_bit[0]
    SLICE_X45Y95         FDRE                                         r  puf_bd_i/axi_gpio_1/U0/gpio_core_1/Not_Dual.INPUT_DOUBLE_REGS3/syncstages_ff_reg[0][0]/D
  -------------------------------------------------------------------    -------------------

                         (clock clk_fpga_0 rise edge)
                                                      0.000     0.000 r  
    PS7_X0Y0             PS7                          0.000     0.000 r  puf_bd_i/processing_system7_0/inst/PS7_i/FCLKCLK[0]
                         net (fo=1, routed)           0.337     0.337    puf_bd_i/processing_system7_0/inst/FCLK_CLK_unbuffered[0]
    BUFGCTRL_X0Y16       BUFG (Prop_bufg_I_O)         0.029     0.366 r  puf_bd_i/processing_system7_0/inst/buffer_fclk_clk_0.FCLK_CLK_0_BUFG/O
                         net (fo=1424, routed)        0.824     1.190    puf_bd_i/axi_gpio_1/U0/gpio_core_1/Not_Dual.INPUT_DOUBLE_REGS3/dest_clk
    SLICE_X45Y95         FDRE                                         r  puf_bd_i/axi_gpio_1/U0/gpio_core_1/Not_Dual.INPUT_DOUBLE_REGS3/syncstages_ff_reg[0][0]/C

Slack:                    inf
  Source:                 puf_bd_i/puf_top_0/inst/done_r_reg/C
                            (rising edge-triggered cell FDCE clocked by clk_fpga_0  {rise@0.000ns fall@10.000ns period=20.000ns})
  Destination:            puf_bd_i/axi_gpio_1/U0/gpio_core_1/Not_Dual.INPUT_DOUBLE_REGS3/syncstages_ff_reg[0][8]/D
                            (rising edge-triggered cell FDRE clocked by clk_fpga_0  {rise@0.000ns fall@10.000ns period=20.000ns})
  Path Group:             (none)
  Path Type:              Hold (Min at Fast Process Corner)
  Data Path Delay:        0.374ns  (logic 0.141ns (37.694%)  route 0.233ns (62.306%))
  Logic Levels:           0  
  Clock Path Skew:        0.299ns (DCD - SCD - CPR)
    Destination Clock Delay (DCD):    1.190ns
    Source Clock Delay      (SCD):    0.891ns
    Clock Pessimism Removal (CPR):    -0.000ns
  Clock Uncertainty:      0.302ns  ((TSJ^2 + TIJ^2)^1/2 + DJ) / 2 + PE
    Total System Jitter     (TSJ):    0.071ns
    Total Input Jitter      (TIJ):    0.600ns
    Discrete Jitter          (DJ):    0.000ns
    Phase Error              (PE):    0.000ns
  Timing Exception:       False Path

    Location             Delay type                Incr(ns)  Path(ns)    Netlist Resource(s)
  -------------------------------------------------------------------    -------------------
                         (clock clk_fpga_0 rise edge)
                                                      0.000     0.000 r  
    PS7_X0Y0             PS7                          0.000     0.000 r  puf_bd_i/processing_system7_0/inst/PS7_i/FCLKCLK[0]
                         net (fo=1, routed)           0.310     0.310    puf_bd_i/processing_system7_0/inst/FCLK_CLK_unbuffered[0]
    BUFGCTRL_X0Y16       BUFG (Prop_bufg_I_O)         0.026     0.336 r  puf_bd_i/processing_system7_0/inst/buffer_fclk_clk_0.FCLK_CLK_0_BUFG/O
                         net (fo=1424, routed)        0.555     0.891    puf_bd_i/puf_top_0/inst/clk
    SLICE_X45Y92         FDCE                                         r  puf_bd_i/puf_top_0/inst/done_r_reg/C
  -------------------------------------------------------------------    -------------------
    SLICE_X45Y92         FDCE (Prop_fdce_C_Q)         0.141     1.032 r  puf_bd_i/puf_top_0/inst/done_r_reg/Q
                         net (fo=2, routed)           0.233     1.265    puf_bd_i/axi_gpio_1/U0/gpio_core_1/Not_Dual.INPUT_DOUBLE_REGS3/async_path_bit[8]
    SLICE_X43Y94         FDRE                                         r  puf_bd_i/axi_gpio_1/U0/gpio_core_1/Not_Dual.INPUT_DOUBLE_REGS3/syncstages_ff_reg[0][8]/D
  -------------------------------------------------------------------    -------------------

                         (clock clk_fpga_0 rise edge)
                                                      0.000     0.000 r  
    PS7_X0Y0             PS7                          0.000     0.000 r  puf_bd_i/processing_system7_0/inst/PS7_i/FCLKCLK[0]
                         net (fo=1, routed)           0.337     0.337    puf_bd_i/processing_system7_0/inst/FCLK_CLK_unbuffered[0]
    BUFGCTRL_X0Y16       BUFG (Prop_bufg_I_O)         0.029     0.366 r  puf_bd_i/processing_system7_0/inst/buffer_fclk_clk_0.FCLK_CLK_0_BUFG/O
                         net (fo=1424, routed)        0.824     1.190    puf_bd_i/axi_gpio_1/U0/gpio_core_1/Not_Dual.INPUT_DOUBLE_REGS3/dest_clk
    SLICE_X43Y94         FDRE                                         r  puf_bd_i/axi_gpio_1/U0/gpio_core_1/Not_Dual.INPUT_DOUBLE_REGS3/syncstages_ff_reg[0][8]/C

Slack:                    inf
  Source:                 puf_bd_i/puf_top_0/inst/array/cells[6].cell_inst/R_reg/C
                            (rising edge-triggered cell FDCE clocked by clk_fpga_0  {rise@0.000ns fall@10.000ns period=20.000ns})
  Destination:            puf_bd_i/axi_gpio_1/U0/gpio_core_1/Not_Dual.INPUT_DOUBLE_REGS3/syncstages_ff_reg[0][6]/D
                            (rising edge-triggered cell FDRE clocked by clk_fpga_0  {rise@0.000ns fall@10.000ns period=20.000ns})
  Path Group:             (none)
  Path Type:              Hold (Min at Fast Process Corner)
  Data Path Delay:        0.326ns  (logic 0.164ns (50.306%)  route 0.162ns (49.694%))
  Logic Levels:           0  
  Clock Path Skew:        0.303ns (DCD - SCD - CPR)
    Destination Clock Delay (DCD):    1.277ns
    Source Clock Delay      (SCD):    0.974ns
    Clock Pessimism Removal (CPR):    -0.000ns
  Clock Uncertainty:      0.302ns  ((TSJ^2 + TIJ^2)^1/2 + DJ) / 2 + PE
    Total System Jitter     (TSJ):    0.071ns
    Total Input Jitter      (TIJ):    0.600ns
    Discrete Jitter          (DJ):    0.000ns
    Phase Error              (PE):    0.000ns
  Timing Exception:       False Path

    Location             Delay type                Incr(ns)  Path(ns)    Netlist Resource(s)
  -------------------------------------------------------------------    -------------------
                         (clock clk_fpga_0 rise edge)
                                                      0.000     0.000 r  
    PS7_X0Y0             PS7                          0.000     0.000 r  puf_bd_i/processing_system7_0/inst/PS7_i/FCLKCLK[0]
                         net (fo=1, routed)           0.310     0.310    puf_bd_i/processing_system7_0/inst/FCLK_CLK_unbuffered[0]
    BUFGCTRL_X0Y16       BUFG (Prop_bufg_I_O)         0.026     0.336 r  puf_bd_i/processing_system7_0/inst/buffer_fclk_clk_0.FCLK_CLK_0_BUFG/O
                         net (fo=1424, routed)        0.638     0.974    puf_bd_i/puf_top_0/inst/array/cells[6].cell_inst/clk
    SLICE_X42Y103        FDCE                                         r  puf_bd_i/puf_top_0/inst/array/cells[6].cell_inst/R_reg/C
  -------------------------------------------------------------------    -------------------
    SLICE_X42Y103        FDCE (Prop_fdce_C_Q)         0.164     1.138 r  puf_bd_i/puf_top_0/inst/array/cells[6].cell_inst/R_reg/Q
                         net (fo=1, routed)           0.162     1.300    puf_bd_i/axi_gpio_1/U0/gpio_core_1/Not_Dual.INPUT_DOUBLE_REGS3/async_path_bit[6]
    SLICE_X45Y102        FDRE                                         r  puf_bd_i/axi_gpio_1/U0/gpio_core_1/Not_Dual.INPUT_DOUBLE_REGS3/syncstages_ff_reg[0][6]/D
  -------------------------------------------------------------------    -------------------

                         (clock clk_fpga_0 rise edge)
                                                      0.000     0.000 r  
    PS7_X0Y0             PS7                          0.000     0.000 r  puf_bd_i/processing_system7_0/inst/PS7_i/FCLKCLK[0]
                         net (fo=1, routed)           0.337     0.337    puf_bd_i/processing_system7_0/inst/FCLK_CLK_unbuffered[0]
    BUFGCTRL_X0Y16       BUFG (Prop_bufg_I_O)         0.029     0.366 r  puf_bd_i/processing_system7_0/inst/buffer_fclk_clk_0.FCLK_CLK_0_BUFG/O
                         net (fo=1424, routed)        0.911     1.277    puf_bd_i/axi_gpio_1/U0/gpio_core_1/Not_Dual.INPUT_DOUBLE_REGS3/dest_clk
    SLICE_X45Y102        FDRE                                         r  puf_bd_i/axi_gpio_1/U0/gpio_core_1/Not_Dual.INPUT_DOUBLE_REGS3/syncstages_ff_reg[0][6]/C

Slack:                    inf
  Source:                 puf_bd_i/puf_top_0/inst/array/cells[5].cell_inst/R_reg/C
                            (rising edge-triggered cell FDCE clocked by clk_fpga_0  {rise@0.000ns fall@10.000ns period=20.000ns})
  Destination:            puf_bd_i/axi_gpio_1/U0/gpio_core_1/Not_Dual.INPUT_DOUBLE_REGS3/syncstages_ff_reg[0][5]/D
                            (rising edge-triggered cell FDRE clocked by clk_fpga_0  {rise@0.000ns fall@10.000ns period=20.000ns})
  Path Group:             (none)
  Path Type:              Hold (Min at Fast Process Corner)
  Data Path Delay:        0.417ns  (logic 0.164ns (39.293%)  route 0.253ns (60.707%))
  Logic Levels:           0  
  Clock Path Skew:        0.297ns (DCD - SCD - CPR)
    Destination Clock Delay (DCD):    1.185ns
    Source Clock Delay      (SCD):    0.888ns
    Clock Pessimism Removal (CPR):    -0.000ns
  Clock Uncertainty:      0.302ns  ((TSJ^2 + TIJ^2)^1/2 + DJ) / 2 + PE
    Total System Jitter     (TSJ):    0.071ns
    Total Input Jitter      (TIJ):    0.600ns
    Discrete Jitter          (DJ):    0.000ns
    Phase Error              (PE):    0.000ns
  Timing Exception:       False Path

    Location             Delay type                Incr(ns)  Path(ns)    Netlist Resource(s)
  -------------------------------------------------------------------    -------------------
                         (clock clk_fpga_0 rise edge)
                                                      0.000     0.000 r  
    PS7_X0Y0             PS7                          0.000     0.000 r  puf_bd_i/processing_system7_0/inst/PS7_i/FCLKCLK[0]
                         net (fo=1, routed)           0.310     0.310    puf_bd_i/processing_system7_0/inst/FCLK_CLK_unbuffered[0]
    BUFGCTRL_X0Y16       BUFG (Prop_bufg_I_O)         0.026     0.336 r  puf_bd_i/processing_system7_0/inst/buffer_fclk_clk_0.FCLK_CLK_0_BUFG/O
                         net (fo=1424, routed)        0.552     0.888    puf_bd_i/puf_top_0/inst/array/cells[5].cell_inst/clk
    SLICE_X46Y85         FDCE                                         r  puf_bd_i/puf_top_0/inst/array/cells[5].cell_inst/R_reg/C
  -------------------------------------------------------------------    -------------------
    SLICE_X46Y85         FDCE (Prop_fdce_C_Q)         0.164     1.052 r  puf_bd_i/puf_top_0/inst/array/cells[5].cell_inst/R_reg/Q
                         net (fo=1, routed)           0.253     1.305    puf_bd_i/axi_gpio_1/U0/gpio_core_1/Not_Dual.INPUT_DOUBLE_REGS3/async_path_bit[5]
    SLICE_X40Y86         FDRE                                         r  puf_bd_i/axi_gpio_1/U0/gpio_core_1/Not_Dual.INPUT_DOUBLE_REGS3/syncstages_ff_reg[0][5]/D
  -------------------------------------------------------------------    -------------------

                         (clock clk_fpga_0 rise edge)
                                                      0.000     0.000 r  
    PS7_X0Y0             PS7                          0.000     0.000 r  puf_bd_i/processing_system7_0/inst/PS7_i/FCLKCLK[0]
                         net (fo=1, routed)           0.337     0.337    puf_bd_i/processing_system7_0/inst/FCLK_CLK_unbuffered[0]
    BUFGCTRL_X0Y16       BUFG (Prop_bufg_I_O)         0.029     0.366 r  puf_bd_i/processing_system7_0/inst/buffer_fclk_clk_0.FCLK_CLK_0_BUFG/O
                         net (fo=1424, routed)        0.819     1.185    puf_bd_i/axi_gpio_1/U0/gpio_core_1/Not_Dual.INPUT_DOUBLE_REGS3/dest_clk
    SLICE_X40Y86         FDRE                                         r  puf_bd_i/axi_gpio_1/U0/gpio_core_1/Not_Dual.INPUT_DOUBLE_REGS3/syncstages_ff_reg[0][5]/C

Slack:                    inf
  Source:                 puf_bd_i/puf_top_0/inst/array/cells[2].cell_inst/R_reg/C
                            (rising edge-triggered cell FDCE clocked by clk_fpga_0  {rise@0.000ns fall@10.000ns period=20.000ns})
  Destination:            puf_bd_i/axi_gpio_1/U0/gpio_core_1/Not_Dual.INPUT_DOUBLE_REGS3/syncstages_ff_reg[0][2]/D
                            (rising edge-triggered cell FDRE clocked by clk_fpga_0  {rise@0.000ns fall@10.000ns period=20.000ns})
  Path Group:             (none)
  Path Type:              Hold (Min at Fast Process Corner)
  Data Path Delay:        0.335ns  (logic 0.164ns (48.996%)  route 0.171ns (51.004%))
  Logic Levels:           0  
  Clock Path Skew:        0.303ns (DCD - SCD - CPR)
    Destination Clock Delay (DCD):    1.276ns
    Source Clock Delay      (SCD):    0.973ns
    Clock Pessimism Removal (CPR):    -0.000ns
  Clock Uncertainty:      0.302ns  ((TSJ^2 + TIJ^2)^1/2 + DJ) / 2 + PE
    Total System Jitter     (TSJ):    0.071ns
    Total Input Jitter      (TIJ):    0.600ns
    Discrete Jitter          (DJ):    0.000ns
    Phase Error              (PE):    0.000ns
  Timing Exception:       False Path

    Location             Delay type                Incr(ns)  Path(ns)    Netlist Resource(s)
  -------------------------------------------------------------------    -------------------
                         (clock clk_fpga_0 rise edge)
                                                      0.000     0.000 r  
    PS7_X0Y0             PS7                          0.000     0.000 r  puf_bd_i/processing_system7_0/inst/PS7_i/FCLKCLK[0]
                         net (fo=1, routed)           0.310     0.310    puf_bd_i/processing_system7_0/inst/FCLK_CLK_unbuffered[0]
    BUFGCTRL_X0Y16       BUFG (Prop_bufg_I_O)         0.026     0.336 r  puf_bd_i/processing_system7_0/inst/buffer_fclk_clk_0.FCLK_CLK_0_BUFG/O
                         net (fo=1424, routed)        0.637     0.973    puf_bd_i/puf_top_0/inst/array/cells[2].cell_inst/clk
    SLICE_X38Y107        FDCE                                         r  puf_bd_i/puf_top_0/inst/array/cells[2].cell_inst/R_reg/C
  -------------------------------------------------------------------    -------------------
    SLICE_X38Y107        FDCE (Prop_fdce_C_Q)         0.164     1.137 r  puf_bd_i/puf_top_0/inst/array/cells[2].cell_inst/R_reg/Q
                         net (fo=1, routed)           0.171     1.308    puf_bd_i/axi_gpio_1/U0/gpio_core_1/Not_Dual.INPUT_DOUBLE_REGS3/async_path_bit[2]
    SLICE_X39Y105        FDRE                                         r  puf_bd_i/axi_gpio_1/U0/gpio_core_1/Not_Dual.INPUT_DOUBLE_REGS3/syncstages_ff_reg[0][2]/D
  -------------------------------------------------------------------    -------------------

                         (clock clk_fpga_0 rise edge)
                                                      0.000     0.000 r  
    PS7_X0Y0             PS7                          0.000     0.000 r  puf_bd_i/processing_system7_0/inst/PS7_i/FCLKCLK[0]
                         net (fo=1, routed)           0.337     0.337    puf_bd_i/processing_system7_0/inst/FCLK_CLK_unbuffered[0]
    BUFGCTRL_X0Y16       BUFG (Prop_bufg_I_O)         0.029     0.366 r  puf_bd_i/processing_system7_0/inst/buffer_fclk_clk_0.FCLK_CLK_0_BUFG/O
                         net (fo=1424, routed)        0.910     1.276    puf_bd_i/axi_gpio_1/U0/gpio_core_1/Not_Dual.INPUT_DOUBLE_REGS3/dest_clk
    SLICE_X39Y105        FDRE                                         r  puf_bd_i/axi_gpio_1/U0/gpio_core_1/Not_Dual.INPUT_DOUBLE_REGS3/syncstages_ff_reg[0][2]/C

Slack:                    inf
  Source:                 puf_bd_i/puf_top_0/inst/array/cells[3].cell_inst/R_reg/C
                            (rising edge-triggered cell FDCE clocked by clk_fpga_0  {rise@0.000ns fall@10.000ns period=20.000ns})
  Destination:            puf_bd_i/axi_gpio_1/U0/gpio_core_1/Not_Dual.INPUT_DOUBLE_REGS3/syncstages_ff_reg[0][3]/D
                            (rising edge-triggered cell FDRE clocked by clk_fpga_0  {rise@0.000ns fall@10.000ns period=20.000ns})
  Path Group:             (none)
  Path Type:              Hold (Min at Fast Process Corner)
  Data Path Delay:        0.354ns  (logic 0.141ns (39.789%)  route 0.213ns (60.211%))
  Logic Levels:           0  
  Clock Path Skew:        0.302ns (DCD - SCD - CPR)
    Destination Clock Delay (DCD):    1.276ns
    Source Clock Delay      (SCD):    0.974ns
    Clock Pessimism Removal (CPR):    -0.000ns
  Clock Uncertainty:      0.302ns  ((TSJ^2 + TIJ^2)^1/2 + DJ) / 2 + PE
    Total System Jitter     (TSJ):    0.071ns
    Total Input Jitter      (TIJ):    0.600ns
    Discrete Jitter          (DJ):    0.000ns
    Phase Error              (PE):    0.000ns
  Timing Exception:       False Path

    Location             Delay type                Incr(ns)  Path(ns)    Netlist Resource(s)
  -------------------------------------------------------------------    -------------------
                         (clock clk_fpga_0 rise edge)
                                                      0.000     0.000 r  
    PS7_X0Y0             PS7                          0.000     0.000 r  puf_bd_i/processing_system7_0/inst/PS7_i/FCLKCLK[0]
                         net (fo=1, routed)           0.310     0.310    puf_bd_i/processing_system7_0/inst/FCLK_CLK_unbuffered[0]
    BUFGCTRL_X0Y16       BUFG (Prop_bufg_I_O)         0.026     0.336 r  puf_bd_i/processing_system7_0/inst/buffer_fclk_clk_0.FCLK_CLK_0_BUFG/O
                         net (fo=1424, routed)        0.638     0.974    puf_bd_i/puf_top_0/inst/array/cells[3].cell_inst/clk
    SLICE_X47Y106        FDCE                                         r  puf_bd_i/puf_top_0/inst/array/cells[3].cell_inst/R_reg/C
  -------------------------------------------------------------------    -------------------
    SLICE_X47Y106        FDCE (Prop_fdce_C_Q)         0.141     1.115 r  puf_bd_i/puf_top_0/inst/array/cells[3].cell_inst/R_reg/Q
                         net (fo=1, routed)           0.213     1.328    puf_bd_i/axi_gpio_1/U0/gpio_core_1/Not_Dual.INPUT_DOUBLE_REGS3/async_path_bit[3]
    SLICE_X42Y105        FDRE                                         r  puf_bd_i/axi_gpio_1/U0/gpio_core_1/Not_Dual.INPUT_DOUBLE_REGS3/syncstages_ff_reg[0][3]/D
  -------------------------------------------------------------------    -------------------

                         (clock clk_fpga_0 rise edge)
                                                      0.000     0.000 r  
    PS7_X0Y0             PS7                          0.000     0.000 r  puf_bd_i/processing_system7_0/inst/PS7_i/FCLKCLK[0]
                         net (fo=1, routed)           0.337     0.337    puf_bd_i/processing_system7_0/inst/FCLK_CLK_unbuffered[0]
    BUFGCTRL_X0Y16       BUFG (Prop_bufg_I_O)         0.029     0.366 r  puf_bd_i/processing_system7_0/inst/buffer_fclk_clk_0.FCLK_CLK_0_BUFG/O
                         net (fo=1424, routed)        0.910     1.276    puf_bd_i/axi_gpio_1/U0/gpio_core_1/Not_Dual.INPUT_DOUBLE_REGS3/dest_clk
    SLICE_X42Y105        FDRE                                         r  puf_bd_i/axi_gpio_1/U0/gpio_core_1/Not_Dual.INPUT_DOUBLE_REGS3/syncstages_ff_reg[0][3]/C

Slack:                    inf
  Source:                 puf_bd_i/rst_ps7_0_50M/U0/ACTIVE_LOW_PR_OUT_DFF[0].FDRE_PER_N/C
                            (rising edge-triggered cell FDRE clocked by clk_fpga_0  {rise@0.000ns fall@10.000ns period=20.000ns})
  Destination:            puf_bd_i/axi_smc/inst/clk_map/psr_aclk/U0/EXT_LPF/ACTIVE_LOW_AUX.ACT_LO_AUX/syncstages_ff_reg[0]/D
                            (rising edge-triggered cell FDRE clocked by clk_fpga_0  {rise@0.000ns fall@10.000ns period=20.000ns})
  Path Group:             (none)
  Path Type:              Hold (Min at Fast Process Corner)
  Data Path Delay:        0.459ns  (logic 0.186ns (40.517%)  route 0.273ns (59.483%))
  Logic Levels:           1  (LUT1=1)
  Clock Path Skew:        0.300ns (DCD - SCD - CPR)
    Destination Clock Delay (DCD):    1.202ns
    Source Clock Delay      (SCD):    0.902ns
    Clock Pessimism Removal (CPR):    -0.000ns
  Clock Uncertainty:      0.302ns  ((TSJ^2 + TIJ^2)^1/2 + DJ) / 2 + PE
    Total System Jitter     (TSJ):    0.071ns
    Total Input Jitter      (TIJ):    0.600ns
    Discrete Jitter          (DJ):    0.000ns
    Phase Error              (PE):    0.000ns
  Timing Exception:       False Path

    Location             Delay type                Incr(ns)  Path(ns)    Netlist Resource(s)
  -------------------------------------------------------------------    -------------------
                         (clock clk_fpga_0 rise edge)
                                                      0.000     0.000 r  
    PS7_X0Y0             PS7                          0.000     0.000 r  puf_bd_i/processing_system7_0/inst/PS7_i/FCLKCLK[0]
                         net (fo=1, routed)           0.310     0.310    puf_bd_i/processing_system7_0/inst/FCLK_CLK_unbuffered[0]
    BUFGCTRL_X0Y16       BUFG (Prop_bufg_I_O)         0.026     0.336 r  puf_bd_i/processing_system7_0/inst/buffer_fclk_clk_0.FCLK_CLK_0_BUFG/O
                         net (fo=1424, routed)        0.566     0.902    puf_bd_i/rst_ps7_0_50M/U0/slowest_sync_clk
    SLICE_X28Y78         FDRE                                         r  puf_bd_i/rst_ps7_0_50M/U0/ACTIVE_LOW_PR_OUT_DFF[0].FDRE_PER_N/C
  -------------------------------------------------------------------    -------------------
    SLICE_X28Y78         FDRE (Prop_fdre_C_Q)         0.141     1.043 f  puf_bd_i/rst_ps7_0_50M/U0/ACTIVE_LOW_PR_OUT_DFF[0].FDRE_PER_N/Q
                         net (fo=8, routed)           0.273     1.316    puf_bd_i/axi_smc/inst/clk_map/psr_aclk/U0/EXT_LPF/aresetn
    SLICE_X26Y83         LUT1 (Prop_lut1_I0_O)        0.045     1.361 r  puf_bd_i/axi_smc/inst/clk_map/psr_aclk/U0/EXT_LPF/ACTIVE_LOW_AUX.ACT_LO_AUX_i_1/O
                         net (fo=1, routed)           0.000     1.361    puf_bd_i/axi_smc/inst/clk_map/psr_aclk/U0/EXT_LPF/ACTIVE_LOW_AUX.ACT_LO_AUX/src_in
    SLICE_X26Y83         FDRE                                         r  puf_bd_i/axi_smc/inst/clk_map/psr_aclk/U0/EXT_LPF/ACTIVE_LOW_AUX.ACT_LO_AUX/syncstages_ff_reg[0]/D
  -------------------------------------------------------------------    -------------------

                         (clock clk_fpga_0 rise edge)
                                                      0.000     0.000 r  
    PS7_X0Y0             PS7                          0.000     0.000 r  puf_bd_i/processing_system7_0/inst/PS7_i/FCLKCLK[0]
                         net (fo=1, routed)           0.337     0.337    puf_bd_i/processing_system7_0/inst/FCLK_CLK_unbuffered[0]
    BUFGCTRL_X0Y16       BUFG (Prop_bufg_I_O)         0.029     0.366 r  puf_bd_i/processing_system7_0/inst/buffer_fclk_clk_0.FCLK_CLK_0_BUFG/O
                         net (fo=1424, routed)        0.836     1.202    puf_bd_i/axi_smc/inst/clk_map/psr_aclk/U0/EXT_LPF/ACTIVE_LOW_AUX.ACT_LO_AUX/dest_clk
    SLICE_X26Y83         FDRE                                         r  puf_bd_i/axi_smc/inst/clk_map/psr_aclk/U0/EXT_LPF/ACTIVE_LOW_AUX.ACT_LO_AUX/syncstages_ff_reg[0]/C

Slack:                    inf
  Source:                 puf_bd_i/puf_top_0/inst/array/cells[1].cell_inst/R_reg/C
                            (rising edge-triggered cell FDCE clocked by clk_fpga_0  {rise@0.000ns fall@10.000ns period=20.000ns})
  Destination:            puf_bd_i/axi_gpio_1/U0/gpio_core_1/Not_Dual.INPUT_DOUBLE_REGS3/syncstages_ff_reg[0][1]/D
                            (rising edge-triggered cell FDRE clocked by clk_fpga_0  {rise@0.000ns fall@10.000ns period=20.000ns})
  Path Group:             (none)
  Path Type:              Hold (Min at Fast Process Corner)
  Data Path Delay:        0.417ns  (logic 0.164ns (39.306%)  route 0.253ns (60.694%))
  Logic Levels:           0  
  Clock Path Skew:        0.307ns (DCD - SCD - CPR)
    Destination Clock Delay (DCD):    1.277ns
    Source Clock Delay      (SCD):    0.970ns
    Clock Pessimism Removal (CPR):    -0.000ns
  Clock Uncertainty:      0.302ns  ((TSJ^2 + TIJ^2)^1/2 + DJ) / 2 + PE
    Total System Jitter     (TSJ):    0.071ns
    Total Input Jitter      (TIJ):    0.600ns
    Discrete Jitter          (DJ):    0.000ns
    Phase Error              (PE):    0.000ns
  Timing Exception:       False Path

    Location             Delay type                Incr(ns)  Path(ns)    Netlist Resource(s)
  -------------------------------------------------------------------    -------------------
                         (clock clk_fpga_0 rise edge)
                                                      0.000     0.000 r  
    PS7_X0Y0             PS7                          0.000     0.000 r  puf_bd_i/processing_system7_0/inst/PS7_i/FCLKCLK[0]
                         net (fo=1, routed)           0.310     0.310    puf_bd_i/processing_system7_0/inst/FCLK_CLK_unbuffered[0]
    BUFGCTRL_X0Y16       BUFG (Prop_bufg_I_O)         0.026     0.336 r  puf_bd_i/processing_system7_0/inst/buffer_fclk_clk_0.FCLK_CLK_0_BUFG/O
                         net (fo=1424, routed)        0.634     0.970    puf_bd_i/puf_top_0/inst/array/cells[1].cell_inst/clk
    SLICE_X50Y103        FDCE                                         r  puf_bd_i/puf_top_0/inst/array/cells[1].cell_inst/R_reg/C
  -------------------------------------------------------------------    -------------------
    SLICE_X50Y103        FDCE (Prop_fdce_C_Q)         0.164     1.134 r  puf_bd_i/puf_top_0/inst/array/cells[1].cell_inst/R_reg/Q
                         net (fo=1, routed)           0.253     1.387    puf_bd_i/axi_gpio_1/U0/gpio_core_1/Not_Dual.INPUT_DOUBLE_REGS3/async_path_bit[1]
    SLICE_X44Y101        FDRE                                         r  puf_bd_i/axi_gpio_1/U0/gpio_core_1/Not_Dual.INPUT_DOUBLE_REGS3/syncstages_ff_reg[0][1]/D
  -------------------------------------------------------------------    -------------------

                         (clock clk_fpga_0 rise edge)
                                                      0.000     0.000 r  
    PS7_X0Y0             PS7                          0.000     0.000 r  puf_bd_i/processing_system7_0/inst/PS7_i/FCLKCLK[0]
                         net (fo=1, routed)           0.337     0.337    puf_bd_i/processing_system7_0/inst/FCLK_CLK_unbuffered[0]
    BUFGCTRL_X0Y16       BUFG (Prop_bufg_I_O)         0.029     0.366 r  puf_bd_i/processing_system7_0/inst/buffer_fclk_clk_0.FCLK_CLK_0_BUFG/O
                         net (fo=1424, routed)        0.911     1.277    puf_bd_i/axi_gpio_1/U0/gpio_core_1/Not_Dual.INPUT_DOUBLE_REGS3/dest_clk
    SLICE_X44Y101        FDRE                                         r  puf_bd_i/axi_gpio_1/U0/gpio_core_1/Not_Dual.INPUT_DOUBLE_REGS3/syncstages_ff_reg[0][1]/C





--------------------------------------------------------------------------------------
Path Group:  (none)
From Clock:  
  To Clock:  

Max Delay           512 Endpoints
Min Delay           512 Endpoints
--------------------------------------------------------------------------------------


Max Delay Paths
--------------------------------------------------------------------------------------
Slack:                    inf
  Source:                 puf_bd_i/puf_top_0/inst/array/cells[1].cell_inst/cnt1_reg[6]/C
                            (rising edge-triggered cell FDCE)
  Destination:            puf_bd_i/puf_top_0/inst/array/cells[1].cell_inst/cnt1_reg[13]/D
  Path Group:             (none)
  Path Type:              Max at Slow Process Corner
  Data Path Delay:        2.698ns  (logic 1.654ns (61.312%)  route 1.044ns (38.688%))
  Logic Levels:           4  (CARRY4=3 FDCE=1)

    Location             Delay type                Incr(ns)  Path(ns)    Netlist Resource(s)
  -------------------------------------------------------------------    -------------------
    SLICE_X54Y104        FDCE                         0.000     0.000 r  puf_bd_i/puf_top_0/inst/array/cells[1].cell_inst/cnt1_reg[6]/C
    SLICE_X54Y104        FDCE (Prop_fdce_C_Q)         0.710     0.710 r  puf_bd_i/puf_top_0/inst/array/cells[1].cell_inst/cnt1_reg[6]/Q
                         net (fo=2, routed)           1.044     1.754    puf_bd_i/puf_top_0/inst/array/cells[1].cell_inst/cnt1_reg[6]
    SLICE_X54Y104        CARRY4 (Prop_carry4_S[2]_CO[3])
                                                      0.504     2.258 r  puf_bd_i/puf_top_0/inst/array/cells[1].cell_inst/cnt1_reg[4]_i_1__0/CO[3]
                         net (fo=1, routed)           0.000     2.258    puf_bd_i/puf_top_0/inst/array/cells[1].cell_inst/cnt1_reg[4]_i_1__0_n_0
    SLICE_X54Y105        CARRY4 (Prop_carry4_CI_CO[3])
                                                      0.117     2.375 r  puf_bd_i/puf_top_0/inst/array/cells[1].cell_inst/cnt1_reg[8]_i_1__0/CO[3]
                         net (fo=1, routed)           0.000     2.375    puf_bd_i/puf_top_0/inst/array/cells[1].cell_inst/cnt1_reg[8]_i_1__0_n_0
    SLICE_X54Y106        CARRY4 (Prop_carry4_CI_O[1])
                                                      0.323     2.698 r  puf_bd_i/puf_top_0/inst/array/cells[1].cell_inst/cnt1_reg[12]_i_1__0/O[1]
                         net (fo=1, routed)           0.000     2.698    puf_bd_i/puf_top_0/inst/array/cells[1].cell_inst/cnt1_reg[12]_i_1__0_n_6
    SLICE_X54Y106        FDCE                                         r  puf_bd_i/puf_top_0/inst/array/cells[1].cell_inst/cnt1_reg[13]/D
  -------------------------------------------------------------------    -------------------

Slack:                    inf
  Source:                 puf_bd_i/puf_top_0/inst/array/cells[1].cell_inst/cnt1_reg[6]/C
                            (rising edge-triggered cell FDCE)
  Destination:            puf_bd_i/puf_top_0/inst/array/cells[1].cell_inst/cnt1_reg[15]/D
  Path Group:             (none)
  Path Type:              Max at Slow Process Corner
  Data Path Delay:        2.690ns  (logic 1.646ns (61.197%)  route 1.044ns (38.803%))
  Logic Levels:           4  (CARRY4=3 FDCE=1)

    Location             Delay type                Incr(ns)  Path(ns)    Netlist Resource(s)
  -------------------------------------------------------------------    -------------------
    SLICE_X54Y104        FDCE                         0.000     0.000 r  puf_bd_i/puf_top_0/inst/array/cells[1].cell_inst/cnt1_reg[6]/C
    SLICE_X54Y104        FDCE (Prop_fdce_C_Q)         0.710     0.710 r  puf_bd_i/puf_top_0/inst/array/cells[1].cell_inst/cnt1_reg[6]/Q
                         net (fo=2, routed)           1.044     1.754    puf_bd_i/puf_top_0/inst/array/cells[1].cell_inst/cnt1_reg[6]
    SLICE_X54Y104        CARRY4 (Prop_carry4_S[2]_CO[3])
                                                      0.504     2.258 r  puf_bd_i/puf_top_0/inst/array/cells[1].cell_inst/cnt1_reg[4]_i_1__0/CO[3]
                         net (fo=1, routed)           0.000     2.258    puf_bd_i/puf_top_0/inst/array/cells[1].cell_inst/cnt1_reg[4]_i_1__0_n_0
    SLICE_X54Y105        CARRY4 (Prop_carry4_CI_CO[3])
                                                      0.117     2.375 r  puf_bd_i/puf_top_0/inst/array/cells[1].cell_inst/cnt1_reg[8]_i_1__0/CO[3]
                         net (fo=1, routed)           0.000     2.375    puf_bd_i/puf_top_0/inst/array/cells[1].cell_inst/cnt1_reg[8]_i_1__0_n_0
    SLICE_X54Y106        CARRY4 (Prop_carry4_CI_O[3])
                                                      0.315     2.690 r  puf_bd_i/puf_top_0/inst/array/cells[1].cell_inst/cnt1_reg[12]_i_1__0/O[3]
                         net (fo=1, routed)           0.000     2.690    puf_bd_i/puf_top_0/inst/array/cells[1].cell_inst/cnt1_reg[12]_i_1__0_n_4
    SLICE_X54Y106        FDCE                                         r  puf_bd_i/puf_top_0/inst/array/cells[1].cell_inst/cnt1_reg[15]/D
  -------------------------------------------------------------------    -------------------

Slack:                    inf
  Source:                 puf_bd_i/puf_top_0/inst/array/cells[5].cell_inst/cnt0_reg[3]/C
                            (rising edge-triggered cell FDCE)
  Destination:            puf_bd_i/puf_top_0/inst/array/cells[5].cell_inst/cnt0_reg[13]/D
  Path Group:             (none)
  Path Type:              Max at Slow Process Corner
  Data Path Delay:        2.644ns  (logic 1.738ns (65.736%)  route 0.906ns (34.264%))
  Logic Levels:           5  (CARRY4=4 FDCE=1)

    Location             Delay type                Incr(ns)  Path(ns)    Netlist Resource(s)
  -------------------------------------------------------------------    -------------------
    SLICE_X40Y82         FDCE                         0.000     0.000 r  puf_bd_i/puf_top_0/inst/array/cells[5].cell_inst/cnt0_reg[3]/C
    SLICE_X40Y82         FDCE (Prop_fdce_C_Q)         0.651     0.651 r  puf_bd_i/puf_top_0/inst/array/cells[5].cell_inst/cnt0_reg[3]/Q
                         net (fo=2, routed)           0.906     1.557    puf_bd_i/puf_top_0/inst/array/cells[5].cell_inst/cnt0_reg[3]
    SLICE_X40Y82         CARRY4 (Prop_carry4_S[3]_CO[3])
                                                      0.525     2.082 r  puf_bd_i/puf_top_0/inst/array/cells[5].cell_inst/cnt0_reg[0]_i_1__4/CO[3]
                         net (fo=1, routed)           0.000     2.082    puf_bd_i/puf_top_0/inst/array/cells[5].cell_inst/cnt0_reg[0]_i_1__4_n_0
    SLICE_X40Y83         CARRY4 (Prop_carry4_CI_CO[3])
                                                      0.114     2.196 r  puf_bd_i/puf_top_0/inst/array/cells[5].cell_inst/cnt0_reg[4]_i_1__4/CO[3]
                         net (fo=1, routed)           0.000     2.196    puf_bd_i/puf_top_0/inst/array/cells[5].cell_inst/cnt0_reg[4]_i_1__4_n_0
    SLICE_X40Y84         CARRY4 (Prop_carry4_CI_CO[3])
                                                      0.114     2.310 r  puf_bd_i/puf_top_0/inst/array/cells[5].cell_inst/cnt0_reg[8]_i_1__4/CO[3]
                         net (fo=1, routed)           0.000     2.310    puf_bd_i/puf_top_0/inst/array/cells[5].cell_inst/cnt0_reg[8]_i_1__4_n_0
    SLICE_X40Y85         CARRY4 (Prop_carry4_CI_O[1])
                                                      0.334     2.644 r  puf_bd_i/puf_top_0/inst/array/cells[5].cell_inst/cnt0_reg[12]_i_1__4/O[1]
                         net (fo=1, routed)           0.000     2.644    puf_bd_i/puf_top_0/inst/array/cells[5].cell_inst/cnt0_reg[12]_i_1__4_n_6
    SLICE_X40Y85         FDCE                                         r  puf_bd_i/puf_top_0/inst/array/cells[5].cell_inst/cnt0_reg[13]/D
  -------------------------------------------------------------------    -------------------

Slack:                    inf
  Source:                 puf_bd_i/puf_top_0/inst/array/cells[0].cell_inst/cnt1_reg[2]/C
                            (rising edge-triggered cell FDCE)
  Destination:            puf_bd_i/puf_top_0/inst/array/cells[0].cell_inst/cnt1_reg[13]/D
  Path Group:             (none)
  Path Type:              Max at Slow Process Corner
  Data Path Delay:        2.642ns  (logic 1.771ns (67.044%)  route 0.871ns (32.956%))
  Logic Levels:           5  (CARRY4=4 FDCE=1)

    Location             Delay type                Incr(ns)  Path(ns)    Netlist Resource(s)
  -------------------------------------------------------------------    -------------------
    SLICE_X50Y89         FDCE                         0.000     0.000 r  puf_bd_i/puf_top_0/inst/array/cells[0].cell_inst/cnt1_reg[2]/C
    SLICE_X50Y89         FDCE (Prop_fdce_C_Q)         0.710     0.710 r  puf_bd_i/puf_top_0/inst/array/cells[0].cell_inst/cnt1_reg[2]/Q
                         net (fo=2, routed)           0.871     1.581    puf_bd_i/puf_top_0/inst/array/cells[0].cell_inst/cnt1_reg[2]
    SLICE_X50Y89         CARRY4 (Prop_carry4_S[2]_CO[3])
                                                      0.504     2.085 r  puf_bd_i/puf_top_0/inst/array/cells[0].cell_inst/cnt1_reg[0]_i_1/CO[3]
                         net (fo=1, routed)           0.000     2.085    puf_bd_i/puf_top_0/inst/array/cells[0].cell_inst/cnt1_reg[0]_i_1_n_0
    SLICE_X50Y90         CARRY4 (Prop_carry4_CI_CO[3])
                                                      0.117     2.202 r  puf_bd_i/puf_top_0/inst/array/cells[0].cell_inst/cnt1_reg[4]_i_1/CO[3]
                         net (fo=1, routed)           0.000     2.202    puf_bd_i/puf_top_0/inst/array/cells[0].cell_inst/cnt1_reg[4]_i_1_n_0
    SLICE_X50Y91         CARRY4 (Prop_carry4_CI_CO[3])
                                                      0.117     2.319 r  puf_bd_i/puf_top_0/inst/array/cells[0].cell_inst/cnt1_reg[8]_i_1/CO[3]
                         net (fo=1, routed)           0.000     2.319    puf_bd_i/puf_top_0/inst/array/cells[0].cell_inst/cnt1_reg[8]_i_1_n_0
    SLICE_X50Y92         CARRY4 (Prop_carry4_CI_O[1])
                                                      0.323     2.642 r  puf_bd_i/puf_top_0/inst/array/cells[0].cell_inst/cnt1_reg[12]_i_1/O[1]
                         net (fo=1, routed)           0.000     2.642    puf_bd_i/puf_top_0/inst/array/cells[0].cell_inst/cnt1_reg[12]_i_1_n_6
    SLICE_X50Y92         FDCE                                         r  puf_bd_i/puf_top_0/inst/array/cells[0].cell_inst/cnt1_reg[13]/D
  -------------------------------------------------------------------    -------------------

Slack:                    inf
  Source:                 puf_bd_i/puf_top_0/inst/array/cells[0].cell_inst/cnt1_reg[2]/C
                            (rising edge-triggered cell FDCE)
  Destination:            puf_bd_i/puf_top_0/inst/array/cells[0].cell_inst/cnt1_reg[15]/D
  Path Group:             (none)
  Path Type:              Max at Slow Process Corner
  Data Path Delay:        2.634ns  (logic 1.763ns (66.944%)  route 0.871ns (33.056%))
  Logic Levels:           5  (CARRY4=4 FDCE=1)

    Location             Delay type                Incr(ns)  Path(ns)    Netlist Resource(s)
  -------------------------------------------------------------------    -------------------
    SLICE_X50Y89         FDCE                         0.000     0.000 r  puf_bd_i/puf_top_0/inst/array/cells[0].cell_inst/cnt1_reg[2]/C
    SLICE_X50Y89         FDCE (Prop_fdce_C_Q)         0.710     0.710 r  puf_bd_i/puf_top_0/inst/array/cells[0].cell_inst/cnt1_reg[2]/Q
                         net (fo=2, routed)           0.871     1.581    puf_bd_i/puf_top_0/inst/array/cells[0].cell_inst/cnt1_reg[2]
    SLICE_X50Y89         CARRY4 (Prop_carry4_S[2]_CO[3])
                                                      0.504     2.085 r  puf_bd_i/puf_top_0/inst/array/cells[0].cell_inst/cnt1_reg[0]_i_1/CO[3]
                         net (fo=1, routed)           0.000     2.085    puf_bd_i/puf_top_0/inst/array/cells[0].cell_inst/cnt1_reg[0]_i_1_n_0
    SLICE_X50Y90         CARRY4 (Prop_carry4_CI_CO[3])
                                                      0.117     2.202 r  puf_bd_i/puf_top_0/inst/array/cells[0].cell_inst/cnt1_reg[4]_i_1/CO[3]
                         net (fo=1, routed)           0.000     2.202    puf_bd_i/puf_top_0/inst/array/cells[0].cell_inst/cnt1_reg[4]_i_1_n_0
    SLICE_X50Y91         CARRY4 (Prop_carry4_CI_CO[3])
                                                      0.117     2.319 r  puf_bd_i/puf_top_0/inst/array/cells[0].cell_inst/cnt1_reg[8]_i_1/CO[3]
                         net (fo=1, routed)           0.000     2.319    puf_bd_i/puf_top_0/inst/array/cells[0].cell_inst/cnt1_reg[8]_i_1_n_0
    SLICE_X50Y92         CARRY4 (Prop_carry4_CI_O[3])
                                                      0.315     2.634 r  puf_bd_i/puf_top_0/inst/array/cells[0].cell_inst/cnt1_reg[12]_i_1/O[3]
                         net (fo=1, routed)           0.000     2.634    puf_bd_i/puf_top_0/inst/array/cells[0].cell_inst/cnt1_reg[12]_i_1_n_4
    SLICE_X50Y92         FDCE                                         r  puf_bd_i/puf_top_0/inst/array/cells[0].cell_inst/cnt1_reg[15]/D
  -------------------------------------------------------------------    -------------------

Slack:                    inf
  Source:                 puf_bd_i/puf_top_0/inst/array/cells[5].cell_inst/cnt0_reg[3]/C
                            (rising edge-triggered cell FDCE)
  Destination:            puf_bd_i/puf_top_0/inst/array/cells[5].cell_inst/cnt0_reg[15]/D
  Path Group:             (none)
  Path Type:              Max at Slow Process Corner
  Data Path Delay:        2.623ns  (logic 1.717ns (65.462%)  route 0.906ns (34.538%))
  Logic Levels:           5  (CARRY4=4 FDCE=1)

    Location             Delay type                Incr(ns)  Path(ns)    Netlist Resource(s)
  -------------------------------------------------------------------    -------------------
    SLICE_X40Y82         FDCE                         0.000     0.000 r  puf_bd_i/puf_top_0/inst/array/cells[5].cell_inst/cnt0_reg[3]/C
    SLICE_X40Y82         FDCE (Prop_fdce_C_Q)         0.651     0.651 r  puf_bd_i/puf_top_0/inst/array/cells[5].cell_inst/cnt0_reg[3]/Q
                         net (fo=2, routed)           0.906     1.557    puf_bd_i/puf_top_0/inst/array/cells[5].cell_inst/cnt0_reg[3]
    SLICE_X40Y82         CARRY4 (Prop_carry4_S[3]_CO[3])
                                                      0.525     2.082 r  puf_bd_i/puf_top_0/inst/array/cells[5].cell_inst/cnt0_reg[0]_i_1__4/CO[3]
                         net (fo=1, routed)           0.000     2.082    puf_bd_i/puf_top_0/inst/array/cells[5].cell_inst/cnt0_reg[0]_i_1__4_n_0
    SLICE_X40Y83         CARRY4 (Prop_carry4_CI_CO[3])
                                                      0.114     2.196 r  puf_bd_i/puf_top_0/inst/array/cells[5].cell_inst/cnt0_reg[4]_i_1__4/CO[3]
                         net (fo=1, routed)           0.000     2.196    puf_bd_i/puf_top_0/inst/array/cells[5].cell_inst/cnt0_reg[4]_i_1__4_n_0
    SLICE_X40Y84         CARRY4 (Prop_carry4_CI_CO[3])
                                                      0.114     2.310 r  puf_bd_i/puf_top_0/inst/array/cells[5].cell_inst/cnt0_reg[8]_i_1__4/CO[3]
                         net (fo=1, routed)           0.000     2.310    puf_bd_i/puf_top_0/inst/array/cells[5].cell_inst/cnt0_reg[8]_i_1__4_n_0
    SLICE_X40Y85         CARRY4 (Prop_carry4_CI_O[3])
                                                      0.313     2.623 r  puf_bd_i/puf_top_0/inst/array/cells[5].cell_inst/cnt0_reg[12]_i_1__4/O[3]
                         net (fo=1, routed)           0.000     2.623    puf_bd_i/puf_top_0/inst/array/cells[5].cell_inst/cnt0_reg[12]_i_1__4_n_4
    SLICE_X40Y85         FDCE                                         r  puf_bd_i/puf_top_0/inst/array/cells[5].cell_inst/cnt0_reg[15]/D
  -------------------------------------------------------------------    -------------------

Slack:                    inf
  Source:                 puf_bd_i/puf_top_0/inst/array/cells[1].cell_inst/cnt1_reg[6]/C
                            (rising edge-triggered cell FDCE)
  Destination:            puf_bd_i/puf_top_0/inst/array/cells[1].cell_inst/cnt1_reg[14]/D
  Path Group:             (none)
  Path Type:              Max at Slow Process Corner
  Data Path Delay:        2.614ns  (logic 1.570ns (60.068%)  route 1.044ns (39.932%))
  Logic Levels:           4  (CARRY4=3 FDCE=1)

    Location             Delay type                Incr(ns)  Path(ns)    Netlist Resource(s)
  -------------------------------------------------------------------    -------------------
    SLICE_X54Y104        FDCE                         0.000     0.000 r  puf_bd_i/puf_top_0/inst/array/cells[1].cell_inst/cnt1_reg[6]/C
    SLICE_X54Y104        FDCE (Prop_fdce_C_Q)         0.710     0.710 r  puf_bd_i/puf_top_0/inst/array/cells[1].cell_inst/cnt1_reg[6]/Q
                         net (fo=2, routed)           1.044     1.754    puf_bd_i/puf_top_0/inst/array/cells[1].cell_inst/cnt1_reg[6]
    SLICE_X54Y104        CARRY4 (Prop_carry4_S[2]_CO[3])
                                                      0.504     2.258 r  puf_bd_i/puf_top_0/inst/array/cells[1].cell_inst/cnt1_reg[4]_i_1__0/CO[3]
                         net (fo=1, routed)           0.000     2.258    puf_bd_i/puf_top_0/inst/array/cells[1].cell_inst/cnt1_reg[4]_i_1__0_n_0
    SLICE_X54Y105        CARRY4 (Prop_carry4_CI_CO[3])
                                                      0.117     2.375 r  puf_bd_i/puf_top_0/inst/array/cells[1].cell_inst/cnt1_reg[8]_i_1__0/CO[3]
                         net (fo=1, routed)           0.000     2.375    puf_bd_i/puf_top_0/inst/array/cells[1].cell_inst/cnt1_reg[8]_i_1__0_n_0
    SLICE_X54Y106        CARRY4 (Prop_carry4_CI_O[2])
                                                      0.239     2.614 r  puf_bd_i/puf_top_0/inst/array/cells[1].cell_inst/cnt1_reg[12]_i_1__0/O[2]
                         net (fo=1, routed)           0.000     2.614    puf_bd_i/puf_top_0/inst/array/cells[1].cell_inst/cnt1_reg[12]_i_1__0_n_5
    SLICE_X54Y106        FDCE                                         r  puf_bd_i/puf_top_0/inst/array/cells[1].cell_inst/cnt1_reg[14]/D
  -------------------------------------------------------------------    -------------------

Slack:                    inf
  Source:                 puf_bd_i/puf_top_0/inst/array/cells[1].cell_inst/cnt1_reg[6]/C
                            (rising edge-triggered cell FDCE)
  Destination:            puf_bd_i/puf_top_0/inst/array/cells[1].cell_inst/cnt1_reg[12]/D
  Path Group:             (none)
  Path Type:              Max at Slow Process Corner
  Data Path Delay:        2.594ns  (logic 1.550ns (59.760%)  route 1.044ns (40.240%))
  Logic Levels:           4  (CARRY4=3 FDCE=1)

    Location             Delay type                Incr(ns)  Path(ns)    Netlist Resource(s)
  -------------------------------------------------------------------    -------------------
    SLICE_X54Y104        FDCE                         0.000     0.000 r  puf_bd_i/puf_top_0/inst/array/cells[1].cell_inst/cnt1_reg[6]/C
    SLICE_X54Y104        FDCE (Prop_fdce_C_Q)         0.710     0.710 r  puf_bd_i/puf_top_0/inst/array/cells[1].cell_inst/cnt1_reg[6]/Q
                         net (fo=2, routed)           1.044     1.754    puf_bd_i/puf_top_0/inst/array/cells[1].cell_inst/cnt1_reg[6]
    SLICE_X54Y104        CARRY4 (Prop_carry4_S[2]_CO[3])
                                                      0.504     2.258 r  puf_bd_i/puf_top_0/inst/array/cells[1].cell_inst/cnt1_reg[4]_i_1__0/CO[3]
                         net (fo=1, routed)           0.000     2.258    puf_bd_i/puf_top_0/inst/array/cells[1].cell_inst/cnt1_reg[4]_i_1__0_n_0
    SLICE_X54Y105        CARRY4 (Prop_carry4_CI_CO[3])
                                                      0.117     2.375 r  puf_bd_i/puf_top_0/inst/array/cells[1].cell_inst/cnt1_reg[8]_i_1__0/CO[3]
                         net (fo=1, routed)           0.000     2.375    puf_bd_i/puf_top_0/inst/array/cells[1].cell_inst/cnt1_reg[8]_i_1__0_n_0
    SLICE_X54Y106        CARRY4 (Prop_carry4_CI_O[0])
                                                      0.219     2.594 r  puf_bd_i/puf_top_0/inst/array/cells[1].cell_inst/cnt1_reg[12]_i_1__0/O[0]
                         net (fo=1, routed)           0.000     2.594    puf_bd_i/puf_top_0/inst/array/cells[1].cell_inst/cnt1_reg[12]_i_1__0_n_7
    SLICE_X54Y106        FDCE                                         r  puf_bd_i/puf_top_0/inst/array/cells[1].cell_inst/cnt1_reg[12]/D
  -------------------------------------------------------------------    -------------------

Slack:                    inf
  Source:                 puf_bd_i/puf_top_0/inst/array/cells[1].cell_inst/cnt1_reg[6]/C
                            (rising edge-triggered cell FDCE)
  Destination:            puf_bd_i/puf_top_0/inst/array/cells[1].cell_inst/cnt1_reg[9]/D
  Path Group:             (none)
  Path Type:              Max at Slow Process Corner
  Data Path Delay:        2.581ns  (logic 1.537ns (59.558%)  route 1.044ns (40.442%))
  Logic Levels:           3  (CARRY4=2 FDCE=1)

    Location             Delay type                Incr(ns)  Path(ns)    Netlist Resource(s)
  -------------------------------------------------------------------    -------------------
    SLICE_X54Y104        FDCE                         0.000     0.000 r  puf_bd_i/puf_top_0/inst/array/cells[1].cell_inst/cnt1_reg[6]/C
    SLICE_X54Y104        FDCE (Prop_fdce_C_Q)         0.710     0.710 r  puf_bd_i/puf_top_0/inst/array/cells[1].cell_inst/cnt1_reg[6]/Q
                         net (fo=2, routed)           1.044     1.754    puf_bd_i/puf_top_0/inst/array/cells[1].cell_inst/cnt1_reg[6]
    SLICE_X54Y104        CARRY4 (Prop_carry4_S[2]_CO[3])
                                                      0.504     2.258 r  puf_bd_i/puf_top_0/inst/array/cells[1].cell_inst/cnt1_reg[4]_i_1__0/CO[3]
                         net (fo=1, routed)           0.000     2.258    puf_bd_i/puf_top_0/inst/array/cells[1].cell_inst/cnt1_reg[4]_i_1__0_n_0
    SLICE_X54Y105        CARRY4 (Prop_carry4_CI_O[1])
                                                      0.323     2.581 r  puf_bd_i/puf_top_0/inst/array/cells[1].cell_inst/cnt1_reg[8]_i_1__0/O[1]
                         net (fo=1, routed)           0.000     2.581    puf_bd_i/puf_top_0/inst/array/cells[1].cell_inst/cnt1_reg[8]_i_1__0_n_6
    SLICE_X54Y105        FDCE                                         r  puf_bd_i/puf_top_0/inst/array/cells[1].cell_inst/cnt1_reg[9]/D
  -------------------------------------------------------------------    -------------------

Slack:                    inf
  Source:                 puf_bd_i/puf_top_0/inst/array/cells[1].cell_inst/cnt1_reg[6]/C
                            (rising edge-triggered cell FDCE)
  Destination:            puf_bd_i/puf_top_0/inst/array/cells[1].cell_inst/cnt1_reg[11]/D
  Path Group:             (none)
  Path Type:              Max at Slow Process Corner
  Data Path Delay:        2.573ns  (logic 1.529ns (59.432%)  route 1.044ns (40.568%))
  Logic Levels:           3  (CARRY4=2 FDCE=1)

    Location             Delay type                Incr(ns)  Path(ns)    Netlist Resource(s)
  -------------------------------------------------------------------    -------------------
    SLICE_X54Y104        FDCE                         0.000     0.000 r  puf_bd_i/puf_top_0/inst/array/cells[1].cell_inst/cnt1_reg[6]/C
    SLICE_X54Y104        FDCE (Prop_fdce_C_Q)         0.710     0.710 r  puf_bd_i/puf_top_0/inst/array/cells[1].cell_inst/cnt1_reg[6]/Q
                         net (fo=2, routed)           1.044     1.754    puf_bd_i/puf_top_0/inst/array/cells[1].cell_inst/cnt1_reg[6]
    SLICE_X54Y104        CARRY4 (Prop_carry4_S[2]_CO[3])
                                                      0.504     2.258 r  puf_bd_i/puf_top_0/inst/array/cells[1].cell_inst/cnt1_reg[4]_i_1__0/CO[3]
                         net (fo=1, routed)           0.000     2.258    puf_bd_i/puf_top_0/inst/array/cells[1].cell_inst/cnt1_reg[4]_i_1__0_n_0
    SLICE_X54Y105        CARRY4 (Prop_carry4_CI_O[3])
                                                      0.315     2.573 r  puf_bd_i/puf_top_0/inst/array/cells[1].cell_inst/cnt1_reg[8]_i_1__0/O[3]
                         net (fo=1, routed)           0.000     2.573    puf_bd_i/puf_top_0/inst/array/cells[1].cell_inst/cnt1_reg[8]_i_1__0_n_4
    SLICE_X54Y105        FDCE                                         r  puf_bd_i/puf_top_0/inst/array/cells[1].cell_inst/cnt1_reg[11]/D
  -------------------------------------------------------------------    -------------------





Min Delay Paths
--------------------------------------------------------------------------------------
Slack:                    inf
  Source:                 puf_bd_i/puf_top_0/inst/array/cells[0].cell_inst/g0[0].ro/div/q_reg/C
                            (rising edge-triggered cell FDCE)
  Destination:            puf_bd_i/puf_top_0/inst/array/cells[0].cell_inst/g0[0].ro/div/q_reg/D
  Path Group:             (none)
  Path Type:              Min at Fast Process Corner
  Data Path Delay:        0.356ns  (logic 0.186ns (52.178%)  route 0.170ns (47.822%))
  Logic Levels:           2  (FDCE=1 LUT1=1)

    Location             Delay type                Incr(ns)  Path(ns)    Netlist Resource(s)
  -------------------------------------------------------------------    -------------------
    SLICE_X41Y80         FDCE                         0.000     0.000 r  puf_bd_i/puf_top_0/inst/array/cells[0].cell_inst/g0[0].ro/div/q_reg/C
    SLICE_X41Y80         FDCE (Prop_fdce_C_Q)         0.141     0.141 f  puf_bd_i/puf_top_0/inst/array/cells[0].cell_inst/g0[0].ro/div/q_reg/Q
                         net (fo=2, routed)           0.170     0.311    puf_bd_i/puf_top_0/inst/array/cells[0].cell_inst/g0[0].ro/div/op
    SLICE_X41Y80         LUT1 (Prop_lut1_I0_O)        0.045     0.356 r  puf_bd_i/puf_top_0/inst/array/cells[0].cell_inst/g0[0].ro/div/q_i_1/O
                         net (fo=1, routed)           0.000     0.356    puf_bd_i/puf_top_0/inst/array/cells[0].cell_inst/g0[0].ro/div/q_i_1_n_0
    SLICE_X41Y80         FDCE                                         r  puf_bd_i/puf_top_0/inst/array/cells[0].cell_inst/g0[0].ro/div/q_reg/D
  -------------------------------------------------------------------    -------------------

Slack:                    inf
  Source:                 puf_bd_i/puf_top_0/inst/array/cells[1].cell_inst/g0[11].ro/div/q_reg/C
                            (rising edge-triggered cell FDCE)
  Destination:            puf_bd_i/puf_top_0/inst/array/cells[1].cell_inst/g0[11].ro/div/q_reg/D
  Path Group:             (none)
  Path Type:              Min at Fast Process Corner
  Data Path Delay:        0.415ns  (logic 0.248ns (59.729%)  route 0.167ns (40.271%))
  Logic Levels:           2  (FDCE=1 LUT1=1)

    Location             Delay type                Incr(ns)  Path(ns)    Netlist Resource(s)
  -------------------------------------------------------------------    -------------------
    SLICE_X45Y82         FDCE                         0.000     0.000 r  puf_bd_i/puf_top_0/inst/array/cells[1].cell_inst/g0[11].ro/div/q_reg/C
    SLICE_X45Y82         FDCE (Prop_fdce_C_Q)         0.203     0.203 f  puf_bd_i/puf_top_0/inst/array/cells[1].cell_inst/g0[11].ro/div/q_reg/Q
                         net (fo=2, routed)           0.167     0.370    puf_bd_i/puf_top_0/inst/array/cells[1].cell_inst/g0[11].ro/div/op
    SLICE_X45Y82         LUT1 (Prop_lut1_I0_O)        0.045     0.415 r  puf_bd_i/puf_top_0/inst/array/cells[1].cell_inst/g0[11].ro/div/q_i_1/O
                         net (fo=1, routed)           0.000     0.415    puf_bd_i/puf_top_0/inst/array/cells[1].cell_inst/g0[11].ro/div/q_i_1_n_0
    SLICE_X45Y82         FDCE                                         r  puf_bd_i/puf_top_0/inst/array/cells[1].cell_inst/g0[11].ro/div/q_reg/D
  -------------------------------------------------------------------    -------------------

Slack:                    inf
  Source:                 puf_bd_i/puf_top_0/inst/array/cells[2].cell_inst/g0[8].ro/div/q_reg/C
                            (rising edge-triggered cell FDCE)
  Destination:            puf_bd_i/puf_top_0/inst/array/cells[2].cell_inst/g0[8].ro/div/q_reg/D
  Path Group:             (none)
  Path Type:              Min at Fast Process Corner
  Data Path Delay:        0.415ns  (logic 0.248ns (59.729%)  route 0.167ns (40.271%))
  Logic Levels:           2  (FDCE=1 LUT1=1)

    Location             Delay type                Incr(ns)  Path(ns)    Netlist Resource(s)
  -------------------------------------------------------------------    -------------------
    SLICE_X43Y90         FDCE                         0.000     0.000 r  puf_bd_i/puf_top_0/inst/array/cells[2].cell_inst/g0[8].ro/div/q_reg/C
    SLICE_X43Y90         FDCE (Prop_fdce_C_Q)         0.203     0.203 f  puf_bd_i/puf_top_0/inst/array/cells[2].cell_inst/g0[8].ro/div/q_reg/Q
                         net (fo=2, routed)           0.167     0.370    puf_bd_i/puf_top_0/inst/array/cells[2].cell_inst/g0[8].ro/div/op
    SLICE_X43Y90         LUT1 (Prop_lut1_I0_O)        0.045     0.415 r  puf_bd_i/puf_top_0/inst/array/cells[2].cell_inst/g0[8].ro/div/q_i_1/O
                         net (fo=1, routed)           0.000     0.415    puf_bd_i/puf_top_0/inst/array/cells[2].cell_inst/g0[8].ro/div/q_i_1_n_0
    SLICE_X43Y90         FDCE                                         r  puf_bd_i/puf_top_0/inst/array/cells[2].cell_inst/g0[8].ro/div/q_reg/D
  -------------------------------------------------------------------    -------------------

Slack:                    inf
  Source:                 puf_bd_i/puf_top_0/inst/array/cells[4].cell_inst/g1[0].ro/div/q_reg/C
                            (rising edge-triggered cell FDCE)
  Destination:            puf_bd_i/puf_top_0/inst/array/cells[4].cell_inst/g1[0].ro/div/q_reg/D
  Path Group:             (none)
  Path Type:              Min at Fast Process Corner
  Data Path Delay:        0.415ns  (logic 0.248ns (59.729%)  route 0.167ns (40.271%))
  Logic Levels:           2  (FDCE=1 LUT1=1)

    Location             Delay type                Incr(ns)  Path(ns)    Netlist Resource(s)
  -------------------------------------------------------------------    -------------------
    SLICE_X39Y114        FDCE                         0.000     0.000 r  puf_bd_i/puf_top_0/inst/array/cells[4].cell_inst/g1[0].ro/div/q_reg/C
    SLICE_X39Y114        FDCE (Prop_fdce_C_Q)         0.203     0.203 f  puf_bd_i/puf_top_0/inst/array/cells[4].cell_inst/g1[0].ro/div/q_reg/Q
                         net (fo=2, routed)           0.167     0.370    puf_bd_i/puf_top_0/inst/array/cells[4].cell_inst/g1[0].ro/div/op
    SLICE_X39Y114        LUT1 (Prop_lut1_I0_O)        0.045     0.415 r  puf_bd_i/puf_top_0/inst/array/cells[4].cell_inst/g1[0].ro/div/q_i_1/O
                         net (fo=1, routed)           0.000     0.415    puf_bd_i/puf_top_0/inst/array/cells[4].cell_inst/g1[0].ro/div/q_i_1_n_0
    SLICE_X39Y114        FDCE                                         r  puf_bd_i/puf_top_0/inst/array/cells[4].cell_inst/g1[0].ro/div/q_reg/D
  -------------------------------------------------------------------    -------------------

Slack:                    inf
  Source:                 puf_bd_i/puf_top_0/inst/array/cells[6].cell_inst/g0[8].ro/div/q_reg/C
                            (rising edge-triggered cell FDCE)
  Destination:            puf_bd_i/puf_top_0/inst/array/cells[6].cell_inst/g0[8].ro/div/q_reg/D
  Path Group:             (none)
  Path Type:              Min at Fast Process Corner
  Data Path Delay:        0.415ns  (logic 0.248ns (59.729%)  route 0.167ns (40.271%))
  Logic Levels:           2  (FDCE=1 LUT1=1)

    Location             Delay type                Incr(ns)  Path(ns)    Netlist Resource(s)
  -------------------------------------------------------------------    -------------------
    SLICE_X31Y84         FDCE                         0.000     0.000 r  puf_bd_i/puf_top_0/inst/array/cells[6].cell_inst/g0[8].ro/div/q_reg/C
    SLICE_X31Y84         FDCE (Prop_fdce_C_Q)         0.203     0.203 f  puf_bd_i/puf_top_0/inst/array/cells[6].cell_inst/g0[8].ro/div/q_reg/Q
                         net (fo=2, routed)           0.167     0.370    puf_bd_i/puf_top_0/inst/array/cells[6].cell_inst/g0[8].ro/div/op
    SLICE_X31Y84         LUT1 (Prop_lut1_I0_O)        0.045     0.415 r  puf_bd_i/puf_top_0/inst/array/cells[6].cell_inst/g0[8].ro/div/q_i_1/O
                         net (fo=1, routed)           0.000     0.415    puf_bd_i/puf_top_0/inst/array/cells[6].cell_inst/g0[8].ro/div/q_i_1_n_0
    SLICE_X31Y84         FDCE                                         r  puf_bd_i/puf_top_0/inst/array/cells[6].cell_inst/g0[8].ro/div/q_reg/D
  -------------------------------------------------------------------    -------------------

Slack:                    inf
  Source:                 puf_bd_i/puf_top_0/inst/array/cells[6].cell_inst/g1[9].ro/div/q_reg/C
                            (rising edge-triggered cell FDCE)
  Destination:            puf_bd_i/puf_top_0/inst/array/cells[6].cell_inst/g1[9].ro/div/q_reg/D
  Path Group:             (none)
  Path Type:              Min at Fast Process Corner
  Data Path Delay:        0.415ns  (logic 0.248ns (59.729%)  route 0.167ns (40.271%))
  Logic Levels:           2  (FDCE=1 LUT1=1)

    Location             Delay type                Incr(ns)  Path(ns)    Netlist Resource(s)
  -------------------------------------------------------------------    -------------------
    SLICE_X37Y115        FDCE                         0.000     0.000 r  puf_bd_i/puf_top_0/inst/array/cells[6].cell_inst/g1[9].ro/div/q_reg/C
    SLICE_X37Y115        FDCE (Prop_fdce_C_Q)         0.203     0.203 f  puf_bd_i/puf_top_0/inst/array/cells[6].cell_inst/g1[9].ro/div/q_reg/Q
                         net (fo=2, routed)           0.167     0.370    puf_bd_i/puf_top_0/inst/array/cells[6].cell_inst/g1[9].ro/div/op
    SLICE_X37Y115        LUT1 (Prop_lut1_I0_O)        0.045     0.415 r  puf_bd_i/puf_top_0/inst/array/cells[6].cell_inst/g1[9].ro/div/q_i_1/O
                         net (fo=1, routed)           0.000     0.415    puf_bd_i/puf_top_0/inst/array/cells[6].cell_inst/g1[9].ro/div/q_i_1_n_0
    SLICE_X37Y115        FDCE                                         r  puf_bd_i/puf_top_0/inst/array/cells[6].cell_inst/g1[9].ro/div/q_reg/D
  -------------------------------------------------------------------    -------------------

Slack:                    inf
  Source:                 puf_bd_i/puf_top_0/inst/array/cells[7].cell_inst/g1[14].ro/div/q_reg/C
                            (rising edge-triggered cell FDCE)
  Destination:            puf_bd_i/puf_top_0/inst/array/cells[7].cell_inst/g1[14].ro/div/q_reg/D
  Path Group:             (none)
  Path Type:              Min at Fast Process Corner
  Data Path Delay:        0.415ns  (logic 0.248ns (59.729%)  route 0.167ns (40.271%))
  Logic Levels:           2  (FDCE=1 LUT1=1)

    Location             Delay type                Incr(ns)  Path(ns)    Netlist Resource(s)
  -------------------------------------------------------------------    -------------------
    SLICE_X39Y110        FDCE                         0.000     0.000 r  puf_bd_i/puf_top_0/inst/array/cells[7].cell_inst/g1[14].ro/div/q_reg/C
    SLICE_X39Y110        FDCE (Prop_fdce_C_Q)         0.203     0.203 f  puf_bd_i/puf_top_0/inst/array/cells[7].cell_inst/g1[14].ro/div/q_reg/Q
                         net (fo=2, routed)           0.167     0.370    puf_bd_i/puf_top_0/inst/array/cells[7].cell_inst/g1[14].ro/div/op
    SLICE_X39Y110        LUT1 (Prop_lut1_I0_O)        0.045     0.415 r  puf_bd_i/puf_top_0/inst/array/cells[7].cell_inst/g1[14].ro/div/q_i_1/O
                         net (fo=1, routed)           0.000     0.415    puf_bd_i/puf_top_0/inst/array/cells[7].cell_inst/g1[14].ro/div/q_i_1_n_0
    SLICE_X39Y110        FDCE                                         r  puf_bd_i/puf_top_0/inst/array/cells[7].cell_inst/g1[14].ro/div/q_reg/D
  -------------------------------------------------------------------    -------------------

Slack:                    inf
  Source:                 puf_bd_i/puf_top_0/inst/array/cells[0].cell_inst/g0[13].ro/div/q_reg/C
                            (rising edge-triggered cell FDCE)
  Destination:            puf_bd_i/puf_top_0/inst/array/cells[0].cell_inst/g0[13].ro/div/q_reg/D
  Path Group:             (none)
  Path Type:              Min at Fast Process Corner
  Data Path Delay:        0.416ns  (logic 0.248ns (59.581%)  route 0.168ns (40.419%))
  Logic Levels:           2  (FDCE=1 LUT1=1)

    Location             Delay type                Incr(ns)  Path(ns)    Netlist Resource(s)
  -------------------------------------------------------------------    -------------------
    SLICE_X39Y84         FDCE                         0.000     0.000 r  puf_bd_i/puf_top_0/inst/array/cells[0].cell_inst/g0[13].ro/div/q_reg/C
    SLICE_X39Y84         FDCE (Prop_fdce_C_Q)         0.203     0.203 f  puf_bd_i/puf_top_0/inst/array/cells[0].cell_inst/g0[13].ro/div/q_reg/Q
                         net (fo=2, routed)           0.168     0.371    puf_bd_i/puf_top_0/inst/array/cells[0].cell_inst/g0[13].ro/div/op
    SLICE_X39Y84         LUT1 (Prop_lut1_I0_O)        0.045     0.416 r  puf_bd_i/puf_top_0/inst/array/cells[0].cell_inst/g0[13].ro/div/q_i_1/O
                         net (fo=1, routed)           0.000     0.416    puf_bd_i/puf_top_0/inst/array/cells[0].cell_inst/g0[13].ro/div/q_i_1_n_0
    SLICE_X39Y84         FDCE                                         r  puf_bd_i/puf_top_0/inst/array/cells[0].cell_inst/g0[13].ro/div/q_reg/D
  -------------------------------------------------------------------    -------------------

Slack:                    inf
  Source:                 puf_bd_i/puf_top_0/inst/array/cells[0].cell_inst/g0[6].ro/div/q_reg/C
                            (rising edge-triggered cell FDCE)
  Destination:            puf_bd_i/puf_top_0/inst/array/cells[0].cell_inst/g0[6].ro/div/q_reg/D
  Path Group:             (none)
  Path Type:              Min at Fast Process Corner
  Data Path Delay:        0.416ns  (logic 0.248ns (59.581%)  route 0.168ns (40.419%))
  Logic Levels:           2  (FDCE=1 LUT1=1)

    Location             Delay type                Incr(ns)  Path(ns)    Netlist Resource(s)
  -------------------------------------------------------------------    -------------------
    SLICE_X45Y86         FDCE                         0.000     0.000 r  puf_bd_i/puf_top_0/inst/array/cells[0].cell_inst/g0[6].ro/div/q_reg/C
    SLICE_X45Y86         FDCE (Prop_fdce_C_Q)         0.203     0.203 f  puf_bd_i/puf_top_0/inst/array/cells[0].cell_inst/g0[6].ro/div/q_reg/Q
                         net (fo=2, routed)           0.168     0.371    puf_bd_i/puf_top_0/inst/array/cells[0].cell_inst/g0[6].ro/div/op
    SLICE_X45Y86         LUT1 (Prop_lut1_I0_O)        0.045     0.416 r  puf_bd_i/puf_top_0/inst/array/cells[0].cell_inst/g0[6].ro/div/q_i_1/O
                         net (fo=1, routed)           0.000     0.416    puf_bd_i/puf_top_0/inst/array/cells[0].cell_inst/g0[6].ro/div/q_i_1_n_0
    SLICE_X45Y86         FDCE                                         r  puf_bd_i/puf_top_0/inst/array/cells[0].cell_inst/g0[6].ro/div/q_reg/D
  -------------------------------------------------------------------    -------------------

Slack:                    inf
  Source:                 puf_bd_i/puf_top_0/inst/array/cells[0].cell_inst/g0[9].ro/div/q_reg/C
                            (rising edge-triggered cell FDCE)
  Destination:            puf_bd_i/puf_top_0/inst/array/cells[0].cell_inst/g0[9].ro/div/q_reg/D
  Path Group:             (none)
  Path Type:              Min at Fast Process Corner
  Data Path Delay:        0.416ns  (logic 0.248ns (59.581%)  route 0.168ns (40.419%))
  Logic Levels:           2  (FDCE=1 LUT1=1)

    Location             Delay type                Incr(ns)  Path(ns)    Netlist Resource(s)
  -------------------------------------------------------------------    -------------------
    SLICE_X41Y83         FDCE                         0.000     0.000 r  puf_bd_i/puf_top_0/inst/array/cells[0].cell_inst/g0[9].ro/div/q_reg/C
    SLICE_X41Y83         FDCE (Prop_fdce_C_Q)         0.203     0.203 f  puf_bd_i/puf_top_0/inst/array/cells[0].cell_inst/g0[9].ro/div/q_reg/Q
                         net (fo=2, routed)           0.168     0.371    puf_bd_i/puf_top_0/inst/array/cells[0].cell_inst/g0[9].ro/div/op
    SLICE_X41Y83         LUT1 (Prop_lut1_I0_O)        0.045     0.416 r  puf_bd_i/puf_top_0/inst/array/cells[0].cell_inst/g0[9].ro/div/q_i_1/O
                         net (fo=1, routed)           0.000     0.416    puf_bd_i/puf_top_0/inst/array/cells[0].cell_inst/g0[9].ro/div/q_i_1_n_0
    SLICE_X41Y83         FDCE                                         r  puf_bd_i/puf_top_0/inst/array/cells[0].cell_inst/g0[9].ro/div/q_reg/D
  -------------------------------------------------------------------    -------------------





--------------------------------------------------------------------------------------
Path Group:  (none)
From Clock:  clk_fpga_0
  To Clock:  

Max Delay           512 Endpoints
Min Delay           512 Endpoints
--------------------------------------------------------------------------------------


Max Delay Paths
--------------------------------------------------------------------------------------
Slack:                    inf
  Source:                 puf_bd_i/puf_top_0/inst/driver/cnt_reg[2]/C
                            (rising edge-triggered cell FDCE clocked by clk_fpga_0  {rise@0.000ns fall@10.000ns period=20.000ns})
  Destination:            puf_bd_i/puf_top_0/inst/array/cells[2].cell_inst/cnt0_reg[10]/CLR
  Path Group:             (none)
  Path Type:              Max at Slow Process Corner
  Data Path Delay:        8.395ns  (logic 0.730ns (8.695%)  route 7.665ns (91.305%))
  Logic Levels:           2  (LUT4=2)
  Clock Uncertainty:      0.301ns  ((TSJ^2 + TIJ^2)^1/2 + DJ) / 2 + PE
    Total System Jitter     (TSJ):    0.050ns
    Total Input Jitter      (TIJ):    0.600ns
    Discrete Jitter          (DJ):    0.000ns
    Phase Error              (PE):    0.000ns

    Location             Delay type                Incr(ns)  Path(ns)    Netlist Resource(s)
  -------------------------------------------------------------------    -------------------
                         (clock clk_fpga_0 rise edge)
                                                      0.000     0.000 r  
    PS7_X0Y0             PS7                          0.000     0.000 r  puf_bd_i/processing_system7_0/inst/PS7_i/FCLKCLK[0]
                         net (fo=1, routed)           1.193     1.193    puf_bd_i/processing_system7_0/inst/FCLK_CLK_unbuffered[0]
    BUFGCTRL_X0Y16       BUFG (Prop_bufg_I_O)         0.101     1.294 r  puf_bd_i/processing_system7_0/inst/buffer_fclk_clk_0.FCLK_CLK_0_BUFG/O
                         net (fo=1424, routed)        1.650     2.944    puf_bd_i/puf_top_0/inst/driver/clk
    SLICE_X43Y91         FDCE                                         r  puf_bd_i/puf_top_0/inst/driver/cnt_reg[2]/C
  -------------------------------------------------------------------    -------------------
    SLICE_X43Y91         FDCE (Prop_fdce_C_Q)         0.456     3.400 r  puf_bd_i/puf_top_0/inst/driver/cnt_reg[2]/Q
                         net (fo=8, routed)           1.052     4.452    puf_bd_i/puf_top_0/inst/driver/cnt_reg_n_0_[2]
    SLICE_X45Y91         LUT4 (Prop_lut4_I0_O)        0.124     4.576 f  puf_bd_i/puf_top_0/inst/driver/R_i_14/O
                         net (fo=1, routed)           0.433     5.009    puf_bd_i/puf_top_0/inst/driver/R_i_14_n_0
    SLICE_X45Y91         LUT4 (Prop_lut4_I1_O)        0.150     5.159 f  puf_bd_i/puf_top_0/inst/driver/R_i_3/O
                         net (fo=520, routed)         6.181    11.339    puf_bd_i/puf_top_0/inst/array/cells[2].cell_inst/rst_dff
    SLICE_X40Y107        FDCE                                         f  puf_bd_i/puf_top_0/inst/array/cells[2].cell_inst/cnt0_reg[10]/CLR
  -------------------------------------------------------------------    -------------------

Slack:                    inf
  Source:                 puf_bd_i/puf_top_0/inst/driver/cnt_reg[2]/C
                            (rising edge-triggered cell FDCE clocked by clk_fpga_0  {rise@0.000ns fall@10.000ns period=20.000ns})
  Destination:            puf_bd_i/puf_top_0/inst/array/cells[2].cell_inst/cnt0_reg[11]/CLR
  Path Group:             (none)
  Path Type:              Max at Slow Process Corner
  Data Path Delay:        8.395ns  (logic 0.730ns (8.695%)  route 7.665ns (91.305%))
  Logic Levels:           2  (LUT4=2)
  Clock Uncertainty:      0.301ns  ((TSJ^2 + TIJ^2)^1/2 + DJ) / 2 + PE
    Total System Jitter     (TSJ):    0.050ns
    Total Input Jitter      (TIJ):    0.600ns
    Discrete Jitter          (DJ):    0.000ns
    Phase Error              (PE):    0.000ns

    Location             Delay type                Incr(ns)  Path(ns)    Netlist Resource(s)
  -------------------------------------------------------------------    -------------------
                         (clock clk_fpga_0 rise edge)
                                                      0.000     0.000 r  
    PS7_X0Y0             PS7                          0.000     0.000 r  puf_bd_i/processing_system7_0/inst/PS7_i/FCLKCLK[0]
                         net (fo=1, routed)           1.193     1.193    puf_bd_i/processing_system7_0/inst/FCLK_CLK_unbuffered[0]
    BUFGCTRL_X0Y16       BUFG (Prop_bufg_I_O)         0.101     1.294 r  puf_bd_i/processing_system7_0/inst/buffer_fclk_clk_0.FCLK_CLK_0_BUFG/O
                         net (fo=1424, routed)        1.650     2.944    puf_bd_i/puf_top_0/inst/driver/clk
    SLICE_X43Y91         FDCE                                         r  puf_bd_i/puf_top_0/inst/driver/cnt_reg[2]/C
  -------------------------------------------------------------------    -------------------
    SLICE_X43Y91         FDCE (Prop_fdce_C_Q)         0.456     3.400 r  puf_bd_i/puf_top_0/inst/driver/cnt_reg[2]/Q
                         net (fo=8, routed)           1.052     4.452    puf_bd_i/puf_top_0/inst/driver/cnt_reg_n_0_[2]
    SLICE_X45Y91         LUT4 (Prop_lut4_I0_O)        0.124     4.576 f  puf_bd_i/puf_top_0/inst/driver/R_i_14/O
                         net (fo=1, routed)           0.433     5.009    puf_bd_i/puf_top_0/inst/driver/R_i_14_n_0
    SLICE_X45Y91         LUT4 (Prop_lut4_I1_O)        0.150     5.159 f  puf_bd_i/puf_top_0/inst/driver/R_i_3/O
                         net (fo=520, routed)         6.181    11.339    puf_bd_i/puf_top_0/inst/array/cells[2].cell_inst/rst_dff
    SLICE_X40Y107        FDCE                                         f  puf_bd_i/puf_top_0/inst/array/cells[2].cell_inst/cnt0_reg[11]/CLR
  -------------------------------------------------------------------    -------------------

Slack:                    inf
  Source:                 puf_bd_i/puf_top_0/inst/driver/cnt_reg[2]/C
                            (rising edge-triggered cell FDCE clocked by clk_fpga_0  {rise@0.000ns fall@10.000ns period=20.000ns})
  Destination:            puf_bd_i/puf_top_0/inst/array/cells[2].cell_inst/cnt0_reg[8]/CLR
  Path Group:             (none)
  Path Type:              Max at Slow Process Corner
  Data Path Delay:        8.395ns  (logic 0.730ns (8.695%)  route 7.665ns (91.305%))
  Logic Levels:           2  (LUT4=2)
  Clock Uncertainty:      0.301ns  ((TSJ^2 + TIJ^2)^1/2 + DJ) / 2 + PE
    Total System Jitter     (TSJ):    0.050ns
    Total Input Jitter      (TIJ):    0.600ns
    Discrete Jitter          (DJ):    0.000ns
    Phase Error              (PE):    0.000ns

    Location             Delay type                Incr(ns)  Path(ns)    Netlist Resource(s)
  -------------------------------------------------------------------    -------------------
                         (clock clk_fpga_0 rise edge)
                                                      0.000     0.000 r  
    PS7_X0Y0             PS7                          0.000     0.000 r  puf_bd_i/processing_system7_0/inst/PS7_i/FCLKCLK[0]
                         net (fo=1, routed)           1.193     1.193    puf_bd_i/processing_system7_0/inst/FCLK_CLK_unbuffered[0]
    BUFGCTRL_X0Y16       BUFG (Prop_bufg_I_O)         0.101     1.294 r  puf_bd_i/processing_system7_0/inst/buffer_fclk_clk_0.FCLK_CLK_0_BUFG/O
                         net (fo=1424, routed)        1.650     2.944    puf_bd_i/puf_top_0/inst/driver/clk
    SLICE_X43Y91         FDCE                                         r  puf_bd_i/puf_top_0/inst/driver/cnt_reg[2]/C
  -------------------------------------------------------------------    -------------------
    SLICE_X43Y91         FDCE (Prop_fdce_C_Q)         0.456     3.400 r  puf_bd_i/puf_top_0/inst/driver/cnt_reg[2]/Q
                         net (fo=8, routed)           1.052     4.452    puf_bd_i/puf_top_0/inst/driver/cnt_reg_n_0_[2]
    SLICE_X45Y91         LUT4 (Prop_lut4_I0_O)        0.124     4.576 f  puf_bd_i/puf_top_0/inst/driver/R_i_14/O
                         net (fo=1, routed)           0.433     5.009    puf_bd_i/puf_top_0/inst/driver/R_i_14_n_0
    SLICE_X45Y91         LUT4 (Prop_lut4_I1_O)        0.150     5.159 f  puf_bd_i/puf_top_0/inst/driver/R_i_3/O
                         net (fo=520, routed)         6.181    11.339    puf_bd_i/puf_top_0/inst/array/cells[2].cell_inst/rst_dff
    SLICE_X40Y107        FDCE                                         f  puf_bd_i/puf_top_0/inst/array/cells[2].cell_inst/cnt0_reg[8]/CLR
  -------------------------------------------------------------------    -------------------

Slack:                    inf
  Source:                 puf_bd_i/puf_top_0/inst/driver/cnt_reg[2]/C
                            (rising edge-triggered cell FDCE clocked by clk_fpga_0  {rise@0.000ns fall@10.000ns period=20.000ns})
  Destination:            puf_bd_i/puf_top_0/inst/array/cells[2].cell_inst/cnt0_reg[9]/CLR
  Path Group:             (none)
  Path Type:              Max at Slow Process Corner
  Data Path Delay:        8.395ns  (logic 0.730ns (8.695%)  route 7.665ns (91.305%))
  Logic Levels:           2  (LUT4=2)
  Clock Uncertainty:      0.301ns  ((TSJ^2 + TIJ^2)^1/2 + DJ) / 2 + PE
    Total System Jitter     (TSJ):    0.050ns
    Total Input Jitter      (TIJ):    0.600ns
    Discrete Jitter          (DJ):    0.000ns
    Phase Error              (PE):    0.000ns

    Location             Delay type                Incr(ns)  Path(ns)    Netlist Resource(s)
  -------------------------------------------------------------------    -------------------
                         (clock clk_fpga_0 rise edge)
                                                      0.000     0.000 r  
    PS7_X0Y0             PS7                          0.000     0.000 r  puf_bd_i/processing_system7_0/inst/PS7_i/FCLKCLK[0]
                         net (fo=1, routed)           1.193     1.193    puf_bd_i/processing_system7_0/inst/FCLK_CLK_unbuffered[0]
    BUFGCTRL_X0Y16       BUFG (Prop_bufg_I_O)         0.101     1.294 r  puf_bd_i/processing_system7_0/inst/buffer_fclk_clk_0.FCLK_CLK_0_BUFG/O
                         net (fo=1424, routed)        1.650     2.944    puf_bd_i/puf_top_0/inst/driver/clk
    SLICE_X43Y91         FDCE                                         r  puf_bd_i/puf_top_0/inst/driver/cnt_reg[2]/C
  -------------------------------------------------------------------    -------------------
    SLICE_X43Y91         FDCE (Prop_fdce_C_Q)         0.456     3.400 r  puf_bd_i/puf_top_0/inst/driver/cnt_reg[2]/Q
                         net (fo=8, routed)           1.052     4.452    puf_bd_i/puf_top_0/inst/driver/cnt_reg_n_0_[2]
    SLICE_X45Y91         LUT4 (Prop_lut4_I0_O)        0.124     4.576 f  puf_bd_i/puf_top_0/inst/driver/R_i_14/O
                         net (fo=1, routed)           0.433     5.009    puf_bd_i/puf_top_0/inst/driver/R_i_14_n_0
    SLICE_X45Y91         LUT4 (Prop_lut4_I1_O)        0.150     5.159 f  puf_bd_i/puf_top_0/inst/driver/R_i_3/O
                         net (fo=520, routed)         6.181    11.339    puf_bd_i/puf_top_0/inst/array/cells[2].cell_inst/rst_dff
    SLICE_X40Y107        FDCE                                         f  puf_bd_i/puf_top_0/inst/array/cells[2].cell_inst/cnt0_reg[9]/CLR
  -------------------------------------------------------------------    -------------------

Slack:                    inf
  Source:                 puf_bd_i/puf_top_0/inst/driver/cnt_reg[2]/C
                            (rising edge-triggered cell FDCE clocked by clk_fpga_0  {rise@0.000ns fall@10.000ns period=20.000ns})
  Destination:            puf_bd_i/puf_top_0/inst/array/cells[2].cell_inst/cnt0_reg[12]/CLR
  Path Group:             (none)
  Path Type:              Max at Slow Process Corner
  Data Path Delay:        8.255ns  (logic 0.730ns (8.844%)  route 7.525ns (91.156%))
  Logic Levels:           2  (LUT4=2)
  Clock Uncertainty:      0.301ns  ((TSJ^2 + TIJ^2)^1/2 + DJ) / 2 + PE
    Total System Jitter     (TSJ):    0.050ns
    Total Input Jitter      (TIJ):    0.600ns
    Discrete Jitter          (DJ):    0.000ns
    Phase Error              (PE):    0.000ns

    Location             Delay type                Incr(ns)  Path(ns)    Netlist Resource(s)
  -------------------------------------------------------------------    -------------------
                         (clock clk_fpga_0 rise edge)
                                                      0.000     0.000 r  
    PS7_X0Y0             PS7                          0.000     0.000 r  puf_bd_i/processing_system7_0/inst/PS7_i/FCLKCLK[0]
                         net (fo=1, routed)           1.193     1.193    puf_bd_i/processing_system7_0/inst/FCLK_CLK_unbuffered[0]
    BUFGCTRL_X0Y16       BUFG (Prop_bufg_I_O)         0.101     1.294 r  puf_bd_i/processing_system7_0/inst/buffer_fclk_clk_0.FCLK_CLK_0_BUFG/O
                         net (fo=1424, routed)        1.650     2.944    puf_bd_i/puf_top_0/inst/driver/clk
    SLICE_X43Y91         FDCE                                         r  puf_bd_i/puf_top_0/inst/driver/cnt_reg[2]/C
  -------------------------------------------------------------------    -------------------
    SLICE_X43Y91         FDCE (Prop_fdce_C_Q)         0.456     3.400 r  puf_bd_i/puf_top_0/inst/driver/cnt_reg[2]/Q
                         net (fo=8, routed)           1.052     4.452    puf_bd_i/puf_top_0/inst/driver/cnt_reg_n_0_[2]
    SLICE_X45Y91         LUT4 (Prop_lut4_I0_O)        0.124     4.576 f  puf_bd_i/puf_top_0/inst/driver/R_i_14/O
                         net (fo=1, routed)           0.433     5.009    puf_bd_i/puf_top_0/inst/driver/R_i_14_n_0
    SLICE_X45Y91         LUT4 (Prop_lut4_I1_O)        0.150     5.159 f  puf_bd_i/puf_top_0/inst/driver/R_i_3/O
                         net (fo=520, routed)         6.040    11.199    puf_bd_i/puf_top_0/inst/array/cells[2].cell_inst/rst_dff
    SLICE_X40Y108        FDCE                                         f  puf_bd_i/puf_top_0/inst/array/cells[2].cell_inst/cnt0_reg[12]/CLR
  -------------------------------------------------------------------    -------------------

Slack:                    inf
  Source:                 puf_bd_i/puf_top_0/inst/driver/cnt_reg[2]/C
                            (rising edge-triggered cell FDCE clocked by clk_fpga_0  {rise@0.000ns fall@10.000ns period=20.000ns})
  Destination:            puf_bd_i/puf_top_0/inst/array/cells[2].cell_inst/cnt0_reg[13]/CLR
  Path Group:             (none)
  Path Type:              Max at Slow Process Corner
  Data Path Delay:        8.255ns  (logic 0.730ns (8.844%)  route 7.525ns (91.156%))
  Logic Levels:           2  (LUT4=2)
  Clock Uncertainty:      0.301ns  ((TSJ^2 + TIJ^2)^1/2 + DJ) / 2 + PE
    Total System Jitter     (TSJ):    0.050ns
    Total Input Jitter      (TIJ):    0.600ns
    Discrete Jitter          (DJ):    0.000ns
    Phase Error              (PE):    0.000ns

    Location             Delay type                Incr(ns)  Path(ns)    Netlist Resource(s)
  -------------------------------------------------------------------    -------------------
                         (clock clk_fpga_0 rise edge)
                                                      0.000     0.000 r  
    PS7_X0Y0             PS7                          0.000     0.000 r  puf_bd_i/processing_system7_0/inst/PS7_i/FCLKCLK[0]
                         net (fo=1, routed)           1.193     1.193    puf_bd_i/processing_system7_0/inst/FCLK_CLK_unbuffered[0]
    BUFGCTRL_X0Y16       BUFG (Prop_bufg_I_O)         0.101     1.294 r  puf_bd_i/processing_system7_0/inst/buffer_fclk_clk_0.FCLK_CLK_0_BUFG/O
                         net (fo=1424, routed)        1.650     2.944    puf_bd_i/puf_top_0/inst/driver/clk
    SLICE_X43Y91         FDCE                                         r  puf_bd_i/puf_top_0/inst/driver/cnt_reg[2]/C
  -------------------------------------------------------------------    -------------------
    SLICE_X43Y91         FDCE (Prop_fdce_C_Q)         0.456     3.400 r  puf_bd_i/puf_top_0/inst/driver/cnt_reg[2]/Q
                         net (fo=8, routed)           1.052     4.452    puf_bd_i/puf_top_0/inst/driver/cnt_reg_n_0_[2]
    SLICE_X45Y91         LUT4 (Prop_lut4_I0_O)        0.124     4.576 f  puf_bd_i/puf_top_0/inst/driver/R_i_14/O
                         net (fo=1, routed)           0.433     5.009    puf_bd_i/puf_top_0/inst/driver/R_i_14_n_0
    SLICE_X45Y91         LUT4 (Prop_lut4_I1_O)        0.150     5.159 f  puf_bd_i/puf_top_0/inst/driver/R_i_3/O
                         net (fo=520, routed)         6.040    11.199    puf_bd_i/puf_top_0/inst/array/cells[2].cell_inst/rst_dff
    SLICE_X40Y108        FDCE                                         f  puf_bd_i/puf_top_0/inst/array/cells[2].cell_inst/cnt0_reg[13]/CLR
  -------------------------------------------------------------------    -------------------

Slack:                    inf
  Source:                 puf_bd_i/puf_top_0/inst/driver/cnt_reg[2]/C
                            (rising edge-triggered cell FDCE clocked by clk_fpga_0  {rise@0.000ns fall@10.000ns period=20.000ns})
  Destination:            puf_bd_i/puf_top_0/inst/array/cells[2].cell_inst/cnt0_reg[14]/CLR
  Path Group:             (none)
  Path Type:              Max at Slow Process Corner
  Data Path Delay:        8.255ns  (logic 0.730ns (8.844%)  route 7.525ns (91.156%))
  Logic Levels:           2  (LUT4=2)
  Clock Uncertainty:      0.301ns  ((TSJ^2 + TIJ^2)^1/2 + DJ) / 2 + PE
    Total System Jitter     (TSJ):    0.050ns
    Total Input Jitter      (TIJ):    0.600ns
    Discrete Jitter          (DJ):    0.000ns
    Phase Error              (PE):    0.000ns

    Location             Delay type                Incr(ns)  Path(ns)    Netlist Resource(s)
  -------------------------------------------------------------------    -------------------
                         (clock clk_fpga_0 rise edge)
                                                      0.000     0.000 r  
    PS7_X0Y0             PS7                          0.000     0.000 r  puf_bd_i/processing_system7_0/inst/PS7_i/FCLKCLK[0]
                         net (fo=1, routed)           1.193     1.193    puf_bd_i/processing_system7_0/inst/FCLK_CLK_unbuffered[0]
    BUFGCTRL_X0Y16       BUFG (Prop_bufg_I_O)         0.101     1.294 r  puf_bd_i/processing_system7_0/inst/buffer_fclk_clk_0.FCLK_CLK_0_BUFG/O
                         net (fo=1424, routed)        1.650     2.944    puf_bd_i/puf_top_0/inst/driver/clk
    SLICE_X43Y91         FDCE                                         r  puf_bd_i/puf_top_0/inst/driver/cnt_reg[2]/C
  -------------------------------------------------------------------    -------------------
    SLICE_X43Y91         FDCE (Prop_fdce_C_Q)         0.456     3.400 r  puf_bd_i/puf_top_0/inst/driver/cnt_reg[2]/Q
                         net (fo=8, routed)           1.052     4.452    puf_bd_i/puf_top_0/inst/driver/cnt_reg_n_0_[2]
    SLICE_X45Y91         LUT4 (Prop_lut4_I0_O)        0.124     4.576 f  puf_bd_i/puf_top_0/inst/driver/R_i_14/O
                         net (fo=1, routed)           0.433     5.009    puf_bd_i/puf_top_0/inst/driver/R_i_14_n_0
    SLICE_X45Y91         LUT4 (Prop_lut4_I1_O)        0.150     5.159 f  puf_bd_i/puf_top_0/inst/driver/R_i_3/O
                         net (fo=520, routed)         6.040    11.199    puf_bd_i/puf_top_0/inst/array/cells[2].cell_inst/rst_dff
    SLICE_X40Y108        FDCE                                         f  puf_bd_i/puf_top_0/inst/array/cells[2].cell_inst/cnt0_reg[14]/CLR
  -------------------------------------------------------------------    -------------------

Slack:                    inf
  Source:                 puf_bd_i/puf_top_0/inst/driver/cnt_reg[2]/C
                            (rising edge-triggered cell FDCE clocked by clk_fpga_0  {rise@0.000ns fall@10.000ns period=20.000ns})
  Destination:            puf_bd_i/puf_top_0/inst/array/cells[2].cell_inst/cnt0_reg[15]/CLR
  Path Group:             (none)
  Path Type:              Max at Slow Process Corner
  Data Path Delay:        8.255ns  (logic 0.730ns (8.844%)  route 7.525ns (91.156%))
  Logic Levels:           2  (LUT4=2)
  Clock Uncertainty:      0.301ns  ((TSJ^2 + TIJ^2)^1/2 + DJ) / 2 + PE
    Total System Jitter     (TSJ):    0.050ns
    Total Input Jitter      (TIJ):    0.600ns
    Discrete Jitter          (DJ):    0.000ns
    Phase Error              (PE):    0.000ns

    Location             Delay type                Incr(ns)  Path(ns)    Netlist Resource(s)
  -------------------------------------------------------------------    -------------------
                         (clock clk_fpga_0 rise edge)
                                                      0.000     0.000 r  
    PS7_X0Y0             PS7                          0.000     0.000 r  puf_bd_i/processing_system7_0/inst/PS7_i/FCLKCLK[0]
                         net (fo=1, routed)           1.193     1.193    puf_bd_i/processing_system7_0/inst/FCLK_CLK_unbuffered[0]
    BUFGCTRL_X0Y16       BUFG (Prop_bufg_I_O)         0.101     1.294 r  puf_bd_i/processing_system7_0/inst/buffer_fclk_clk_0.FCLK_CLK_0_BUFG/O
                         net (fo=1424, routed)        1.650     2.944    puf_bd_i/puf_top_0/inst/driver/clk
    SLICE_X43Y91         FDCE                                         r  puf_bd_i/puf_top_0/inst/driver/cnt_reg[2]/C
  -------------------------------------------------------------------    -------------------
    SLICE_X43Y91         FDCE (Prop_fdce_C_Q)         0.456     3.400 r  puf_bd_i/puf_top_0/inst/driver/cnt_reg[2]/Q
                         net (fo=8, routed)           1.052     4.452    puf_bd_i/puf_top_0/inst/driver/cnt_reg_n_0_[2]
    SLICE_X45Y91         LUT4 (Prop_lut4_I0_O)        0.124     4.576 f  puf_bd_i/puf_top_0/inst/driver/R_i_14/O
                         net (fo=1, routed)           0.433     5.009    puf_bd_i/puf_top_0/inst/driver/R_i_14_n_0
    SLICE_X45Y91         LUT4 (Prop_lut4_I1_O)        0.150     5.159 f  puf_bd_i/puf_top_0/inst/driver/R_i_3/O
                         net (fo=520, routed)         6.040    11.199    puf_bd_i/puf_top_0/inst/array/cells[2].cell_inst/rst_dff
    SLICE_X40Y108        FDCE                                         f  puf_bd_i/puf_top_0/inst/array/cells[2].cell_inst/cnt0_reg[15]/CLR
  -------------------------------------------------------------------    -------------------

Slack:                    inf
  Source:                 puf_bd_i/puf_top_0/inst/driver/cnt_reg[2]/C
                            (rising edge-triggered cell FDCE clocked by clk_fpga_0  {rise@0.000ns fall@10.000ns period=20.000ns})
  Destination:            puf_bd_i/puf_top_0/inst/array/cells[2].cell_inst/g1[10].ro/div/q_reg/CLR
  Path Group:             (none)
  Path Type:              Max at Slow Process Corner
  Data Path Delay:        8.089ns  (logic 0.730ns (9.025%)  route 7.359ns (90.975%))
  Logic Levels:           2  (LUT4=2)
  Clock Uncertainty:      0.301ns  ((TSJ^2 + TIJ^2)^1/2 + DJ) / 2 + PE
    Total System Jitter     (TSJ):    0.050ns
    Total Input Jitter      (TIJ):    0.600ns
    Discrete Jitter          (DJ):    0.000ns
    Phase Error              (PE):    0.000ns

    Location             Delay type                Incr(ns)  Path(ns)    Netlist Resource(s)
  -------------------------------------------------------------------    -------------------
                         (clock clk_fpga_0 rise edge)
                                                      0.000     0.000 r  
    PS7_X0Y0             PS7                          0.000     0.000 r  puf_bd_i/processing_system7_0/inst/PS7_i/FCLKCLK[0]
                         net (fo=1, routed)           1.193     1.193    puf_bd_i/processing_system7_0/inst/FCLK_CLK_unbuffered[0]
    BUFGCTRL_X0Y16       BUFG (Prop_bufg_I_O)         0.101     1.294 r  puf_bd_i/processing_system7_0/inst/buffer_fclk_clk_0.FCLK_CLK_0_BUFG/O
                         net (fo=1424, routed)        1.650     2.944    puf_bd_i/puf_top_0/inst/driver/clk
    SLICE_X43Y91         FDCE                                         r  puf_bd_i/puf_top_0/inst/driver/cnt_reg[2]/C
  -------------------------------------------------------------------    -------------------
    SLICE_X43Y91         FDCE (Prop_fdce_C_Q)         0.456     3.400 r  puf_bd_i/puf_top_0/inst/driver/cnt_reg[2]/Q
                         net (fo=8, routed)           1.052     4.452    puf_bd_i/puf_top_0/inst/driver/cnt_reg_n_0_[2]
    SLICE_X45Y91         LUT4 (Prop_lut4_I0_O)        0.124     4.576 f  puf_bd_i/puf_top_0/inst/driver/R_i_14/O
                         net (fo=1, routed)           0.433     5.009    puf_bd_i/puf_top_0/inst/driver/R_i_14_n_0
    SLICE_X45Y91         LUT4 (Prop_lut4_I1_O)        0.150     5.159 f  puf_bd_i/puf_top_0/inst/driver/R_i_3/O
                         net (fo=520, routed)         5.874    11.033    puf_bd_i/puf_top_0/inst/array/cells[2].cell_inst/g1[10].ro/div/rst
    SLICE_X43Y110        FDCE                                         f  puf_bd_i/puf_top_0/inst/array/cells[2].cell_inst/g1[10].ro/div/q_reg/CLR
  -------------------------------------------------------------------    -------------------

Slack:                    inf
  Source:                 puf_bd_i/puf_top_0/inst/driver/cnt_reg[2]/C
                            (rising edge-triggered cell FDCE clocked by clk_fpga_0  {rise@0.000ns fall@10.000ns period=20.000ns})
  Destination:            puf_bd_i/puf_top_0/inst/array/cells[2].cell_inst/g1[11].ro/div/q_reg/CLR
  Path Group:             (none)
  Path Type:              Max at Slow Process Corner
  Data Path Delay:        8.089ns  (logic 0.730ns (9.025%)  route 7.359ns (90.975%))
  Logic Levels:           2  (LUT4=2)
  Clock Uncertainty:      0.301ns  ((TSJ^2 + TIJ^2)^1/2 + DJ) / 2 + PE
    Total System Jitter     (TSJ):    0.050ns
    Total Input Jitter      (TIJ):    0.600ns
    Discrete Jitter          (DJ):    0.000ns
    Phase Error              (PE):    0.000ns

    Location             Delay type                Incr(ns)  Path(ns)    Netlist Resource(s)
  -------------------------------------------------------------------    -------------------
                         (clock clk_fpga_0 rise edge)
                                                      0.000     0.000 r  
    PS7_X0Y0             PS7                          0.000     0.000 r  puf_bd_i/processing_system7_0/inst/PS7_i/FCLKCLK[0]
                         net (fo=1, routed)           1.193     1.193    puf_bd_i/processing_system7_0/inst/FCLK_CLK_unbuffered[0]
    BUFGCTRL_X0Y16       BUFG (Prop_bufg_I_O)         0.101     1.294 r  puf_bd_i/processing_system7_0/inst/buffer_fclk_clk_0.FCLK_CLK_0_BUFG/O
                         net (fo=1424, routed)        1.650     2.944    puf_bd_i/puf_top_0/inst/driver/clk
    SLICE_X43Y91         FDCE                                         r  puf_bd_i/puf_top_0/inst/driver/cnt_reg[2]/C
  -------------------------------------------------------------------    -------------------
    SLICE_X43Y91         FDCE (Prop_fdce_C_Q)         0.456     3.400 r  puf_bd_i/puf_top_0/inst/driver/cnt_reg[2]/Q
                         net (fo=8, routed)           1.052     4.452    puf_bd_i/puf_top_0/inst/driver/cnt_reg_n_0_[2]
    SLICE_X45Y91         LUT4 (Prop_lut4_I0_O)        0.124     4.576 f  puf_bd_i/puf_top_0/inst/driver/R_i_14/O
                         net (fo=1, routed)           0.433     5.009    puf_bd_i/puf_top_0/inst/driver/R_i_14_n_0
    SLICE_X45Y91         LUT4 (Prop_lut4_I1_O)        0.150     5.159 f  puf_bd_i/puf_top_0/inst/driver/R_i_3/O
                         net (fo=520, routed)         5.874    11.033    puf_bd_i/puf_top_0/inst/array/cells[2].cell_inst/g1[11].ro/div/rst
    SLICE_X42Y110        FDCE                                         f  puf_bd_i/puf_top_0/inst/array/cells[2].cell_inst/g1[11].ro/div/q_reg/CLR
  -------------------------------------------------------------------    -------------------





Min Delay Paths
--------------------------------------------------------------------------------------
Slack:                    inf
  Source:                 puf_bd_i/puf_top_0/inst/driver/cnt_reg[4]/C
                            (rising edge-triggered cell FDCE clocked by clk_fpga_0  {rise@0.000ns fall@10.000ns period=20.000ns})
  Destination:            puf_bd_i/puf_top_0/inst/array/cells[3].cell_inst/g0[7].ro/div/q_reg/CLR
  Path Group:             (none)
  Path Type:              Min at Fast Process Corner
  Data Path Delay:        0.506ns  (logic 0.189ns (37.374%)  route 0.317ns (62.626%))
  Logic Levels:           1  (LUT4=1)
  Clock Uncertainty:      0.301ns  ((TSJ^2 + TIJ^2)^1/2 + DJ) / 2 + PE
    Total System Jitter     (TSJ):    0.050ns
    Total Input Jitter      (TIJ):    0.600ns
    Discrete Jitter          (DJ):    0.000ns
    Phase Error              (PE):    0.000ns

    Location             Delay type                Incr(ns)  Path(ns)    Netlist Resource(s)
  -------------------------------------------------------------------    -------------------
                         (clock clk_fpga_0 rise edge)
                                                      0.000     0.000 r  
    PS7_X0Y0             PS7                          0.000     0.000 r  puf_bd_i/processing_system7_0/inst/PS7_i/FCLKCLK[0]
                         net (fo=1, routed)           0.310     0.310    puf_bd_i/processing_system7_0/inst/FCLK_CLK_unbuffered[0]
    BUFGCTRL_X0Y16       BUFG (Prop_bufg_I_O)         0.026     0.336 r  puf_bd_i/processing_system7_0/inst/buffer_fclk_clk_0.FCLK_CLK_0_BUFG/O
                         net (fo=1424, routed)        0.555     0.891    puf_bd_i/puf_top_0/inst/driver/clk
    SLICE_X44Y91         FDCE                                         r  puf_bd_i/puf_top_0/inst/driver/cnt_reg[4]/C
  -------------------------------------------------------------------    -------------------
    SLICE_X44Y91         FDCE (Prop_fdce_C_Q)         0.141     1.032 r  puf_bd_i/puf_top_0/inst/driver/cnt_reg[4]/Q
                         net (fo=6, routed)           0.120     1.152    puf_bd_i/puf_top_0/inst/driver/cnt_reg_n_0_[4]
    SLICE_X45Y91         LUT4 (Prop_lut4_I0_O)        0.048     1.200 f  puf_bd_i/puf_top_0/inst/driver/R_i_3/O
                         net (fo=520, routed)         0.197     1.396    puf_bd_i/puf_top_0/inst/array/cells[3].cell_inst/g0[7].ro/div/rst
    SLICE_X44Y92         FDCE                                         f  puf_bd_i/puf_top_0/inst/array/cells[3].cell_inst/g0[7].ro/div/q_reg/CLR
  -------------------------------------------------------------------    -------------------

Slack:                    inf
  Source:                 puf_bd_i/puf_top_0/inst/driver/cnt_reg[4]/C
                            (rising edge-triggered cell FDCE clocked by clk_fpga_0  {rise@0.000ns fall@10.000ns period=20.000ns})
  Destination:            puf_bd_i/puf_top_0/inst/array/cells[2].cell_inst/g0[6].ro/div/q_reg/CLR
  Path Group:             (none)
  Path Type:              Min at Fast Process Corner
  Data Path Delay:        0.553ns  (logic 0.189ns (34.191%)  route 0.364ns (65.809%))
  Logic Levels:           1  (LUT4=1)
  Clock Uncertainty:      0.301ns  ((TSJ^2 + TIJ^2)^1/2 + DJ) / 2 + PE
    Total System Jitter     (TSJ):    0.050ns
    Total Input Jitter      (TIJ):    0.600ns
    Discrete Jitter          (DJ):    0.000ns
    Phase Error              (PE):    0.000ns

    Location             Delay type                Incr(ns)  Path(ns)    Netlist Resource(s)
  -------------------------------------------------------------------    -------------------
                         (clock clk_fpga_0 rise edge)
                                                      0.000     0.000 r  
    PS7_X0Y0             PS7                          0.000     0.000 r  puf_bd_i/processing_system7_0/inst/PS7_i/FCLKCLK[0]
                         net (fo=1, routed)           0.310     0.310    puf_bd_i/processing_system7_0/inst/FCLK_CLK_unbuffered[0]
    BUFGCTRL_X0Y16       BUFG (Prop_bufg_I_O)         0.026     0.336 r  puf_bd_i/processing_system7_0/inst/buffer_fclk_clk_0.FCLK_CLK_0_BUFG/O
                         net (fo=1424, routed)        0.555     0.891    puf_bd_i/puf_top_0/inst/driver/clk
    SLICE_X44Y91         FDCE                                         r  puf_bd_i/puf_top_0/inst/driver/cnt_reg[4]/C
  -------------------------------------------------------------------    -------------------
    SLICE_X44Y91         FDCE (Prop_fdce_C_Q)         0.141     1.032 r  puf_bd_i/puf_top_0/inst/driver/cnt_reg[4]/Q
                         net (fo=6, routed)           0.120     1.152    puf_bd_i/puf_top_0/inst/driver/cnt_reg_n_0_[4]
    SLICE_X45Y91         LUT4 (Prop_lut4_I0_O)        0.048     1.200 f  puf_bd_i/puf_top_0/inst/driver/R_i_3/O
                         net (fo=520, routed)         0.244     1.443    puf_bd_i/puf_top_0/inst/array/cells[2].cell_inst/g0[6].ro/div/rst
    SLICE_X47Y91         FDCE                                         f  puf_bd_i/puf_top_0/inst/array/cells[2].cell_inst/g0[6].ro/div/q_reg/CLR
  -------------------------------------------------------------------    -------------------

Slack:                    inf
  Source:                 puf_bd_i/puf_top_0/inst/driver/cnt_reg[4]/C
                            (rising edge-triggered cell FDCE clocked by clk_fpga_0  {rise@0.000ns fall@10.000ns period=20.000ns})
  Destination:            puf_bd_i/puf_top_0/inst/array/cells[3].cell_inst/g0[8].ro/div/q_reg/CLR
  Path Group:             (none)
  Path Type:              Min at Fast Process Corner
  Data Path Delay:        0.553ns  (logic 0.189ns (34.191%)  route 0.364ns (65.809%))
  Logic Levels:           1  (LUT4=1)
  Clock Uncertainty:      0.301ns  ((TSJ^2 + TIJ^2)^1/2 + DJ) / 2 + PE
    Total System Jitter     (TSJ):    0.050ns
    Total Input Jitter      (TIJ):    0.600ns
    Discrete Jitter          (DJ):    0.000ns
    Phase Error              (PE):    0.000ns

    Location             Delay type                Incr(ns)  Path(ns)    Netlist Resource(s)
  -------------------------------------------------------------------    -------------------
                         (clock clk_fpga_0 rise edge)
                                                      0.000     0.000 r  
    PS7_X0Y0             PS7                          0.000     0.000 r  puf_bd_i/processing_system7_0/inst/PS7_i/FCLKCLK[0]
                         net (fo=1, routed)           0.310     0.310    puf_bd_i/processing_system7_0/inst/FCLK_CLK_unbuffered[0]
    BUFGCTRL_X0Y16       BUFG (Prop_bufg_I_O)         0.026     0.336 r  puf_bd_i/processing_system7_0/inst/buffer_fclk_clk_0.FCLK_CLK_0_BUFG/O
                         net (fo=1424, routed)        0.555     0.891    puf_bd_i/puf_top_0/inst/driver/clk
    SLICE_X44Y91         FDCE                                         r  puf_bd_i/puf_top_0/inst/driver/cnt_reg[4]/C
  -------------------------------------------------------------------    -------------------
    SLICE_X44Y91         FDCE (Prop_fdce_C_Q)         0.141     1.032 r  puf_bd_i/puf_top_0/inst/driver/cnt_reg[4]/Q
                         net (fo=6, routed)           0.120     1.152    puf_bd_i/puf_top_0/inst/driver/cnt_reg_n_0_[4]
    SLICE_X45Y91         LUT4 (Prop_lut4_I0_O)        0.048     1.200 f  puf_bd_i/puf_top_0/inst/driver/R_i_3/O
                         net (fo=520, routed)         0.244     1.443    puf_bd_i/puf_top_0/inst/array/cells[3].cell_inst/g0[8].ro/div/rst
    SLICE_X46Y91         FDCE                                         f  puf_bd_i/puf_top_0/inst/array/cells[3].cell_inst/g0[8].ro/div/q_reg/CLR
  -------------------------------------------------------------------    -------------------

Slack:                    inf
  Source:                 puf_bd_i/puf_top_0/inst/driver/cnt_reg[4]/C
                            (rising edge-triggered cell FDCE clocked by clk_fpga_0  {rise@0.000ns fall@10.000ns period=20.000ns})
  Destination:            puf_bd_i/puf_top_0/inst/array/cells[2].cell_inst/g0[11].ro/div/q_reg/CLR
  Path Group:             (none)
  Path Type:              Min at Fast Process Corner
  Data Path Delay:        0.568ns  (logic 0.189ns (33.277%)  route 0.379ns (66.723%))
  Logic Levels:           1  (LUT4=1)
  Clock Uncertainty:      0.301ns  ((TSJ^2 + TIJ^2)^1/2 + DJ) / 2 + PE
    Total System Jitter     (TSJ):    0.050ns
    Total Input Jitter      (TIJ):    0.600ns
    Discrete Jitter          (DJ):    0.000ns
    Phase Error              (PE):    0.000ns

    Location             Delay type                Incr(ns)  Path(ns)    Netlist Resource(s)
  -------------------------------------------------------------------    -------------------
                         (clock clk_fpga_0 rise edge)
                                                      0.000     0.000 r  
    PS7_X0Y0             PS7                          0.000     0.000 r  puf_bd_i/processing_system7_0/inst/PS7_i/FCLKCLK[0]
                         net (fo=1, routed)           0.310     0.310    puf_bd_i/processing_system7_0/inst/FCLK_CLK_unbuffered[0]
    BUFGCTRL_X0Y16       BUFG (Prop_bufg_I_O)         0.026     0.336 r  puf_bd_i/processing_system7_0/inst/buffer_fclk_clk_0.FCLK_CLK_0_BUFG/O
                         net (fo=1424, routed)        0.555     0.891    puf_bd_i/puf_top_0/inst/driver/clk
    SLICE_X44Y91         FDCE                                         r  puf_bd_i/puf_top_0/inst/driver/cnt_reg[4]/C
  -------------------------------------------------------------------    -------------------
    SLICE_X44Y91         FDCE (Prop_fdce_C_Q)         0.141     1.032 r  puf_bd_i/puf_top_0/inst/driver/cnt_reg[4]/Q
                         net (fo=6, routed)           0.120     1.152    puf_bd_i/puf_top_0/inst/driver/cnt_reg_n_0_[4]
    SLICE_X45Y91         LUT4 (Prop_lut4_I0_O)        0.048     1.200 f  puf_bd_i/puf_top_0/inst/driver/R_i_3/O
                         net (fo=520, routed)         0.259     1.459    puf_bd_i/puf_top_0/inst/array/cells[2].cell_inst/g0[11].ro/div/rst
    SLICE_X45Y90         FDCE                                         f  puf_bd_i/puf_top_0/inst/array/cells[2].cell_inst/g0[11].ro/div/q_reg/CLR
  -------------------------------------------------------------------    -------------------

Slack:                    inf
  Source:                 puf_bd_i/puf_top_0/inst/driver/cnt_reg[4]/C
                            (rising edge-triggered cell FDCE clocked by clk_fpga_0  {rise@0.000ns fall@10.000ns period=20.000ns})
  Destination:            puf_bd_i/puf_top_0/inst/array/cells[2].cell_inst/g0[15].ro/div/q_reg/CLR
  Path Group:             (none)
  Path Type:              Min at Fast Process Corner
  Data Path Delay:        0.568ns  (logic 0.189ns (33.264%)  route 0.379ns (66.736%))
  Logic Levels:           1  (LUT4=1)
  Clock Uncertainty:      0.301ns  ((TSJ^2 + TIJ^2)^1/2 + DJ) / 2 + PE
    Total System Jitter     (TSJ):    0.050ns
    Total Input Jitter      (TIJ):    0.600ns
    Discrete Jitter          (DJ):    0.000ns
    Phase Error              (PE):    0.000ns

    Location             Delay type                Incr(ns)  Path(ns)    Netlist Resource(s)
  -------------------------------------------------------------------    -------------------
                         (clock clk_fpga_0 rise edge)
                                                      0.000     0.000 r  
    PS7_X0Y0             PS7                          0.000     0.000 r  puf_bd_i/processing_system7_0/inst/PS7_i/FCLKCLK[0]
                         net (fo=1, routed)           0.310     0.310    puf_bd_i/processing_system7_0/inst/FCLK_CLK_unbuffered[0]
    BUFGCTRL_X0Y16       BUFG (Prop_bufg_I_O)         0.026     0.336 r  puf_bd_i/processing_system7_0/inst/buffer_fclk_clk_0.FCLK_CLK_0_BUFG/O
                         net (fo=1424, routed)        0.555     0.891    puf_bd_i/puf_top_0/inst/driver/clk
    SLICE_X44Y91         FDCE                                         r  puf_bd_i/puf_top_0/inst/driver/cnt_reg[4]/C
  -------------------------------------------------------------------    -------------------
    SLICE_X44Y91         FDCE (Prop_fdce_C_Q)         0.141     1.032 r  puf_bd_i/puf_top_0/inst/driver/cnt_reg[4]/Q
                         net (fo=6, routed)           0.120     1.152    puf_bd_i/puf_top_0/inst/driver/cnt_reg_n_0_[4]
    SLICE_X45Y91         LUT4 (Prop_lut4_I0_O)        0.048     1.200 f  puf_bd_i/puf_top_0/inst/driver/R_i_3/O
                         net (fo=520, routed)         0.259     1.459    puf_bd_i/puf_top_0/inst/array/cells[2].cell_inst/g0[15].ro/div/rst
    SLICE_X48Y91         FDCE                                         f  puf_bd_i/puf_top_0/inst/array/cells[2].cell_inst/g0[15].ro/div/q_reg/CLR
  -------------------------------------------------------------------    -------------------

Slack:                    inf
  Source:                 puf_bd_i/puf_top_0/inst/driver/cnt_reg[4]/C
                            (rising edge-triggered cell FDCE clocked by clk_fpga_0  {rise@0.000ns fall@10.000ns period=20.000ns})
  Destination:            puf_bd_i/puf_top_0/inst/array/cells[3].cell_inst/g0[1].ro/div/q_reg/CLR
  Path Group:             (none)
  Path Type:              Min at Fast Process Corner
  Data Path Delay:        0.572ns  (logic 0.189ns (33.023%)  route 0.383ns (66.977%))
  Logic Levels:           1  (LUT4=1)
  Clock Uncertainty:      0.301ns  ((TSJ^2 + TIJ^2)^1/2 + DJ) / 2 + PE
    Total System Jitter     (TSJ):    0.050ns
    Total Input Jitter      (TIJ):    0.600ns
    Discrete Jitter          (DJ):    0.000ns
    Phase Error              (PE):    0.000ns

    Location             Delay type                Incr(ns)  Path(ns)    Netlist Resource(s)
  -------------------------------------------------------------------    -------------------
                         (clock clk_fpga_0 rise edge)
                                                      0.000     0.000 r  
    PS7_X0Y0             PS7                          0.000     0.000 r  puf_bd_i/processing_system7_0/inst/PS7_i/FCLKCLK[0]
                         net (fo=1, routed)           0.310     0.310    puf_bd_i/processing_system7_0/inst/FCLK_CLK_unbuffered[0]
    BUFGCTRL_X0Y16       BUFG (Prop_bufg_I_O)         0.026     0.336 r  puf_bd_i/processing_system7_0/inst/buffer_fclk_clk_0.FCLK_CLK_0_BUFG/O
                         net (fo=1424, routed)        0.555     0.891    puf_bd_i/puf_top_0/inst/driver/clk
    SLICE_X44Y91         FDCE                                         r  puf_bd_i/puf_top_0/inst/driver/cnt_reg[4]/C
  -------------------------------------------------------------------    -------------------
    SLICE_X44Y91         FDCE (Prop_fdce_C_Q)         0.141     1.032 r  puf_bd_i/puf_top_0/inst/driver/cnt_reg[4]/Q
                         net (fo=6, routed)           0.120     1.152    puf_bd_i/puf_top_0/inst/driver/cnt_reg_n_0_[4]
    SLICE_X45Y91         LUT4 (Prop_lut4_I0_O)        0.048     1.200 f  puf_bd_i/puf_top_0/inst/driver/R_i_3/O
                         net (fo=520, routed)         0.263     1.463    puf_bd_i/puf_top_0/inst/array/cells[3].cell_inst/g0[1].ro/div/rst
    SLICE_X44Y90         FDCE                                         f  puf_bd_i/puf_top_0/inst/array/cells[3].cell_inst/g0[1].ro/div/q_reg/CLR
  -------------------------------------------------------------------    -------------------

Slack:                    inf
  Source:                 puf_bd_i/puf_top_0/inst/driver/cnt_reg[4]/C
                            (rising edge-triggered cell FDCE clocked by clk_fpga_0  {rise@0.000ns fall@10.000ns period=20.000ns})
  Destination:            puf_bd_i/puf_top_0/inst/array/cells[2].cell_inst/g0[1].ro/div/q_reg/CLR
  Path Group:             (none)
  Path Type:              Min at Fast Process Corner
  Data Path Delay:        0.573ns  (logic 0.189ns (32.974%)  route 0.384ns (67.026%))
  Logic Levels:           1  (LUT4=1)
  Clock Uncertainty:      0.301ns  ((TSJ^2 + TIJ^2)^1/2 + DJ) / 2 + PE
    Total System Jitter     (TSJ):    0.050ns
    Total Input Jitter      (TIJ):    0.600ns
    Discrete Jitter          (DJ):    0.000ns
    Phase Error              (PE):    0.000ns

    Location             Delay type                Incr(ns)  Path(ns)    Netlist Resource(s)
  -------------------------------------------------------------------    -------------------
                         (clock clk_fpga_0 rise edge)
                                                      0.000     0.000 r  
    PS7_X0Y0             PS7                          0.000     0.000 r  puf_bd_i/processing_system7_0/inst/PS7_i/FCLKCLK[0]
                         net (fo=1, routed)           0.310     0.310    puf_bd_i/processing_system7_0/inst/FCLK_CLK_unbuffered[0]
    BUFGCTRL_X0Y16       BUFG (Prop_bufg_I_O)         0.026     0.336 r  puf_bd_i/processing_system7_0/inst/buffer_fclk_clk_0.FCLK_CLK_0_BUFG/O
                         net (fo=1424, routed)        0.555     0.891    puf_bd_i/puf_top_0/inst/driver/clk
    SLICE_X44Y91         FDCE                                         r  puf_bd_i/puf_top_0/inst/driver/cnt_reg[4]/C
  -------------------------------------------------------------------    -------------------
    SLICE_X44Y91         FDCE (Prop_fdce_C_Q)         0.141     1.032 r  puf_bd_i/puf_top_0/inst/driver/cnt_reg[4]/Q
                         net (fo=6, routed)           0.120     1.152    puf_bd_i/puf_top_0/inst/driver/cnt_reg_n_0_[4]
    SLICE_X45Y91         LUT4 (Prop_lut4_I0_O)        0.048     1.200 f  puf_bd_i/puf_top_0/inst/driver/R_i_3/O
                         net (fo=520, routed)         0.264     1.464    puf_bd_i/puf_top_0/inst/array/cells[2].cell_inst/g0[1].ro/div/rst
    SLICE_X42Y91         FDCE                                         f  puf_bd_i/puf_top_0/inst/array/cells[2].cell_inst/g0[1].ro/div/q_reg/CLR
  -------------------------------------------------------------------    -------------------

Slack:                    inf
  Source:                 puf_bd_i/puf_top_0/inst/driver/cnt_reg[4]/C
                            (rising edge-triggered cell FDCE clocked by clk_fpga_0  {rise@0.000ns fall@10.000ns period=20.000ns})
  Destination:            puf_bd_i/puf_top_0/inst/array/cells[2].cell_inst/g0[14].ro/div/q_reg/CLR
  Path Group:             (none)
  Path Type:              Min at Fast Process Corner
  Data Path Delay:        0.616ns  (logic 0.189ns (30.679%)  route 0.427ns (69.321%))
  Logic Levels:           1  (LUT4=1)
  Clock Uncertainty:      0.301ns  ((TSJ^2 + TIJ^2)^1/2 + DJ) / 2 + PE
    Total System Jitter     (TSJ):    0.050ns
    Total Input Jitter      (TIJ):    0.600ns
    Discrete Jitter          (DJ):    0.000ns
    Phase Error              (PE):    0.000ns

    Location             Delay type                Incr(ns)  Path(ns)    Netlist Resource(s)
  -------------------------------------------------------------------    -------------------
                         (clock clk_fpga_0 rise edge)
                                                      0.000     0.000 r  
    PS7_X0Y0             PS7                          0.000     0.000 r  puf_bd_i/processing_system7_0/inst/PS7_i/FCLKCLK[0]
                         net (fo=1, routed)           0.310     0.310    puf_bd_i/processing_system7_0/inst/FCLK_CLK_unbuffered[0]
    BUFGCTRL_X0Y16       BUFG (Prop_bufg_I_O)         0.026     0.336 r  puf_bd_i/processing_system7_0/inst/buffer_fclk_clk_0.FCLK_CLK_0_BUFG/O
                         net (fo=1424, routed)        0.555     0.891    puf_bd_i/puf_top_0/inst/driver/clk
    SLICE_X44Y91         FDCE                                         r  puf_bd_i/puf_top_0/inst/driver/cnt_reg[4]/C
  -------------------------------------------------------------------    -------------------
    SLICE_X44Y91         FDCE (Prop_fdce_C_Q)         0.141     1.032 r  puf_bd_i/puf_top_0/inst/driver/cnt_reg[4]/Q
                         net (fo=6, routed)           0.120     1.152    puf_bd_i/puf_top_0/inst/driver/cnt_reg_n_0_[4]
    SLICE_X45Y91         LUT4 (Prop_lut4_I0_O)        0.048     1.200 f  puf_bd_i/puf_top_0/inst/driver/R_i_3/O
                         net (fo=520, routed)         0.307     1.507    puf_bd_i/puf_top_0/inst/array/cells[2].cell_inst/g0[14].ro/div/rst
    SLICE_X46Y92         FDCE                                         f  puf_bd_i/puf_top_0/inst/array/cells[2].cell_inst/g0[14].ro/div/q_reg/CLR
  -------------------------------------------------------------------    -------------------

Slack:                    inf
  Source:                 puf_bd_i/puf_top_0/inst/driver/cnt_reg[4]/C
                            (rising edge-triggered cell FDCE clocked by clk_fpga_0  {rise@0.000ns fall@10.000ns period=20.000ns})
  Destination:            puf_bd_i/puf_top_0/inst/array/cells[0].cell_inst/cnt0_reg[12]/CLR
  Path Group:             (none)
  Path Type:              Min at Fast Process Corner
  Data Path Delay:        0.621ns  (logic 0.189ns (30.442%)  route 0.432ns (69.558%))
  Logic Levels:           1  (LUT4=1)
  Clock Uncertainty:      0.301ns  ((TSJ^2 + TIJ^2)^1/2 + DJ) / 2 + PE
    Total System Jitter     (TSJ):    0.050ns
    Total Input Jitter      (TIJ):    0.600ns
    Discrete Jitter          (DJ):    0.000ns
    Phase Error              (PE):    0.000ns

    Location             Delay type                Incr(ns)  Path(ns)    Netlist Resource(s)
  -------------------------------------------------------------------    -------------------
                         (clock clk_fpga_0 rise edge)
                                                      0.000     0.000 r  
    PS7_X0Y0             PS7                          0.000     0.000 r  puf_bd_i/processing_system7_0/inst/PS7_i/FCLKCLK[0]
                         net (fo=1, routed)           0.310     0.310    puf_bd_i/processing_system7_0/inst/FCLK_CLK_unbuffered[0]
    BUFGCTRL_X0Y16       BUFG (Prop_bufg_I_O)         0.026     0.336 r  puf_bd_i/processing_system7_0/inst/buffer_fclk_clk_0.FCLK_CLK_0_BUFG/O
                         net (fo=1424, routed)        0.555     0.891    puf_bd_i/puf_top_0/inst/driver/clk
    SLICE_X44Y91         FDCE                                         r  puf_bd_i/puf_top_0/inst/driver/cnt_reg[4]/C
  -------------------------------------------------------------------    -------------------
    SLICE_X44Y91         FDCE (Prop_fdce_C_Q)         0.141     1.032 r  puf_bd_i/puf_top_0/inst/driver/cnt_reg[4]/Q
                         net (fo=6, routed)           0.120     1.152    puf_bd_i/puf_top_0/inst/driver/cnt_reg_n_0_[4]
    SLICE_X45Y91         LUT4 (Prop_lut4_I0_O)        0.048     1.200 f  puf_bd_i/puf_top_0/inst/driver/R_i_3/O
                         net (fo=520, routed)         0.312     1.511    puf_bd_i/puf_top_0/inst/array/cells[0].cell_inst/rst_dff
    SLICE_X46Y89         FDCE                                         f  puf_bd_i/puf_top_0/inst/array/cells[0].cell_inst/cnt0_reg[12]/CLR
  -------------------------------------------------------------------    -------------------

Slack:                    inf
  Source:                 puf_bd_i/puf_top_0/inst/driver/cnt_reg[4]/C
                            (rising edge-triggered cell FDCE clocked by clk_fpga_0  {rise@0.000ns fall@10.000ns period=20.000ns})
  Destination:            puf_bd_i/puf_top_0/inst/array/cells[0].cell_inst/cnt0_reg[13]/CLR
  Path Group:             (none)
  Path Type:              Min at Fast Process Corner
  Data Path Delay:        0.621ns  (logic 0.189ns (30.442%)  route 0.432ns (69.558%))
  Logic Levels:           1  (LUT4=1)
  Clock Uncertainty:      0.301ns  ((TSJ^2 + TIJ^2)^1/2 + DJ) / 2 + PE
    Total System Jitter     (TSJ):    0.050ns
    Total Input Jitter      (TIJ):    0.600ns
    Discrete Jitter          (DJ):    0.000ns
    Phase Error              (PE):    0.000ns

    Location             Delay type                Incr(ns)  Path(ns)    Netlist Resource(s)
  -------------------------------------------------------------------    -------------------
                         (clock clk_fpga_0 rise edge)
                                                      0.000     0.000 r  
    PS7_X0Y0             PS7                          0.000     0.000 r  puf_bd_i/processing_system7_0/inst/PS7_i/FCLKCLK[0]
                         net (fo=1, routed)           0.310     0.310    puf_bd_i/processing_system7_0/inst/FCLK_CLK_unbuffered[0]
    BUFGCTRL_X0Y16       BUFG (Prop_bufg_I_O)         0.026     0.336 r  puf_bd_i/processing_system7_0/inst/buffer_fclk_clk_0.FCLK_CLK_0_BUFG/O
                         net (fo=1424, routed)        0.555     0.891    puf_bd_i/puf_top_0/inst/driver/clk
    SLICE_X44Y91         FDCE                                         r  puf_bd_i/puf_top_0/inst/driver/cnt_reg[4]/C
  -------------------------------------------------------------------    -------------------
    SLICE_X44Y91         FDCE (Prop_fdce_C_Q)         0.141     1.032 r  puf_bd_i/puf_top_0/inst/driver/cnt_reg[4]/Q
                         net (fo=6, routed)           0.120     1.152    puf_bd_i/puf_top_0/inst/driver/cnt_reg_n_0_[4]
    SLICE_X45Y91         LUT4 (Prop_lut4_I0_O)        0.048     1.200 f  puf_bd_i/puf_top_0/inst/driver/R_i_3/O
                         net (fo=520, routed)         0.312     1.511    puf_bd_i/puf_top_0/inst/array/cells[0].cell_inst/rst_dff
    SLICE_X46Y89         FDCE                                         f  puf_bd_i/puf_top_0/inst/array/cells[0].cell_inst/cnt0_reg[13]/CLR
  -------------------------------------------------------------------    -------------------





--------------------------------------------------------------------------------------
Path Group:  (none)
From Clock:  
  To Clock:  clk_fpga_0

Max Delay           256 Endpoints
Min Delay           256 Endpoints
--------------------------------------------------------------------------------------


Max Delay Paths
--------------------------------------------------------------------------------------
Slack:                    inf
  Source:                 puf_bd_i/puf_top_0/inst/array/cells[7].cell_inst/cnt0_reg[7]/C
                            (rising edge-triggered cell FDCE)
  Destination:            puf_bd_i/puf_top_0/inst/array/cells[7].cell_inst/cnt0_meta_reg[7]/D
                            (rising edge-triggered cell FDRE clocked by clk_fpga_0  {rise@0.000ns fall@10.000ns period=20.000ns})
  Path Group:             (none)
  Path Type:              Setup (Max at Slow Process Corner)
  Data Path Delay:        1.726ns  (logic 0.648ns (37.535%)  route 1.078ns (62.465%))
  Logic Levels:           1  (FDCE=1)
  Clock Uncertainty:      0.301ns  ((TSJ^2 + TIJ^2)^1/2 + DJ) / 2 + PE
    Total System Jitter     (TSJ):    0.050ns
    Total Input Jitter      (TIJ):    0.600ns
    Discrete Jitter          (DJ):    0.000ns
    Phase Error              (PE):    0.000ns

    Location             Delay type                Incr(ns)  Path(ns)    Netlist Resource(s)
  -------------------------------------------------------------------    -------------------
    SLICE_X44Y96         FDCE                         0.000     0.000 r  puf_bd_i/puf_top_0/inst/array/cells[7].cell_inst/cnt0_reg[7]/C
    SLICE_X44Y96         FDCE (Prop_fdce_C_Q)         0.648     0.648 r  puf_bd_i/puf_top_0/inst/array/cells[7].cell_inst/cnt0_reg[7]/Q
                         net (fo=2, routed)           1.078     1.726    puf_bd_i/puf_top_0/inst/array/cells[7].cell_inst/cnt0_reg[7]
    SLICE_X48Y95         FDRE                                         r  puf_bd_i/puf_top_0/inst/array/cells[7].cell_inst/cnt0_meta_reg[7]/D
  -------------------------------------------------------------------    -------------------

                         (clock clk_fpga_0 rise edge)
                                                      0.000     0.000 r  
    PS7_X0Y0             PS7                          0.000     0.000 r  puf_bd_i/processing_system7_0/inst/PS7_i/FCLKCLK[0]
                         net (fo=1, routed)           1.088     1.088    puf_bd_i/processing_system7_0/inst/FCLK_CLK_unbuffered[0]
    BUFGCTRL_X0Y16       BUFG (Prop_bufg_I_O)         0.091     1.179 r  puf_bd_i/processing_system7_0/inst/buffer_fclk_clk_0.FCLK_CLK_0_BUFG/O
                         net (fo=1424, routed)        1.477     2.656    puf_bd_i/puf_top_0/inst/array/cells[7].cell_inst/clk
    SLICE_X48Y95         FDRE                                         r  puf_bd_i/puf_top_0/inst/array/cells[7].cell_inst/cnt0_meta_reg[7]/C

Slack:                    inf
  Source:                 puf_bd_i/puf_top_0/inst/array/cells[0].cell_inst/cnt0_reg[2]/C
                            (rising edge-triggered cell FDCE)
  Destination:            puf_bd_i/puf_top_0/inst/array/cells[0].cell_inst/cnt0_meta_reg[2]/D
                            (rising edge-triggered cell FDRE clocked by clk_fpga_0  {rise@0.000ns fall@10.000ns period=20.000ns})
  Path Group:             (none)
  Path Type:              Setup (Max at Slow Process Corner)
  Data Path Delay:        1.702ns  (logic 0.710ns (41.710%)  route 0.992ns (58.290%))
  Logic Levels:           1  (FDCE=1)
  Clock Uncertainty:      0.301ns  ((TSJ^2 + TIJ^2)^1/2 + DJ) / 2 + PE
    Total System Jitter     (TSJ):    0.050ns
    Total Input Jitter      (TIJ):    0.600ns
    Discrete Jitter          (DJ):    0.000ns
    Phase Error              (PE):    0.000ns

    Location             Delay type                Incr(ns)  Path(ns)    Netlist Resource(s)
  -------------------------------------------------------------------    -------------------
    SLICE_X46Y86         FDCE                         0.000     0.000 r  puf_bd_i/puf_top_0/inst/array/cells[0].cell_inst/cnt0_reg[2]/C
    SLICE_X46Y86         FDCE (Prop_fdce_C_Q)         0.710     0.710 r  puf_bd_i/puf_top_0/inst/array/cells[0].cell_inst/cnt0_reg[2]/Q
                         net (fo=2, routed)           0.992     1.702    puf_bd_i/puf_top_0/inst/array/cells[0].cell_inst/cnt0_reg[2]
    SLICE_X48Y87         FDRE                                         r  puf_bd_i/puf_top_0/inst/array/cells[0].cell_inst/cnt0_meta_reg[2]/D
  -------------------------------------------------------------------    -------------------

                         (clock clk_fpga_0 rise edge)
                                                      0.000     0.000 r  
    PS7_X0Y0             PS7                          0.000     0.000 r  puf_bd_i/processing_system7_0/inst/PS7_i/FCLKCLK[0]
                         net (fo=1, routed)           1.088     1.088    puf_bd_i/processing_system7_0/inst/FCLK_CLK_unbuffered[0]
    BUFGCTRL_X0Y16       BUFG (Prop_bufg_I_O)         0.091     1.179 r  puf_bd_i/processing_system7_0/inst/buffer_fclk_clk_0.FCLK_CLK_0_BUFG/O
                         net (fo=1424, routed)        1.473     2.652    puf_bd_i/puf_top_0/inst/array/cells[0].cell_inst/clk
    SLICE_X48Y87         FDRE                                         r  puf_bd_i/puf_top_0/inst/array/cells[0].cell_inst/cnt0_meta_reg[2]/C

Slack:                    inf
  Source:                 puf_bd_i/puf_top_0/inst/array/cells[0].cell_inst/cnt1_reg[15]/C
                            (rising edge-triggered cell FDCE)
  Destination:            puf_bd_i/puf_top_0/inst/array/cells[0].cell_inst/cnt1_meta_reg[15]/D
                            (rising edge-triggered cell FDRE clocked by clk_fpga_0  {rise@0.000ns fall@10.000ns period=20.000ns})
  Path Group:             (none)
  Path Type:              Setup (Max at Slow Process Corner)
  Data Path Delay:        1.678ns  (logic 0.710ns (42.305%)  route 0.968ns (57.695%))
  Logic Levels:           1  (FDCE=1)
  Clock Uncertainty:      0.301ns  ((TSJ^2 + TIJ^2)^1/2 + DJ) / 2 + PE
    Total System Jitter     (TSJ):    0.050ns
    Total Input Jitter      (TIJ):    0.600ns
    Discrete Jitter          (DJ):    0.000ns
    Phase Error              (PE):    0.000ns

    Location             Delay type                Incr(ns)  Path(ns)    Netlist Resource(s)
  -------------------------------------------------------------------    -------------------
    SLICE_X50Y92         FDCE                         0.000     0.000 r  puf_bd_i/puf_top_0/inst/array/cells[0].cell_inst/cnt1_reg[15]/C
    SLICE_X50Y92         FDCE (Prop_fdce_C_Q)         0.710     0.710 r  puf_bd_i/puf_top_0/inst/array/cells[0].cell_inst/cnt1_reg[15]/Q
                         net (fo=2, routed)           0.968     1.678    puf_bd_i/puf_top_0/inst/array/cells[0].cell_inst/cnt1_reg[15]
    SLICE_X49Y91         FDRE                                         r  puf_bd_i/puf_top_0/inst/array/cells[0].cell_inst/cnt1_meta_reg[15]/D
  -------------------------------------------------------------------    -------------------

                         (clock clk_fpga_0 rise edge)
                                                      0.000     0.000 r  
    PS7_X0Y0             PS7                          0.000     0.000 r  puf_bd_i/processing_system7_0/inst/PS7_i/FCLKCLK[0]
                         net (fo=1, routed)           1.088     1.088    puf_bd_i/processing_system7_0/inst/FCLK_CLK_unbuffered[0]
    BUFGCTRL_X0Y16       BUFG (Prop_bufg_I_O)         0.091     1.179 r  puf_bd_i/processing_system7_0/inst/buffer_fclk_clk_0.FCLK_CLK_0_BUFG/O
                         net (fo=1424, routed)        1.476     2.655    puf_bd_i/puf_top_0/inst/array/cells[0].cell_inst/clk
    SLICE_X49Y91         FDRE                                         r  puf_bd_i/puf_top_0/inst/array/cells[0].cell_inst/cnt1_meta_reg[15]/C

Slack:                    inf
  Source:                 puf_bd_i/puf_top_0/inst/array/cells[0].cell_inst/cnt1_reg[12]/C
                            (rising edge-triggered cell FDCE)
  Destination:            puf_bd_i/puf_top_0/inst/array/cells[0].cell_inst/cnt1_meta_reg[12]/D
                            (rising edge-triggered cell FDRE clocked by clk_fpga_0  {rise@0.000ns fall@10.000ns period=20.000ns})
  Path Group:             (none)
  Path Type:              Setup (Max at Slow Process Corner)
  Data Path Delay:        1.663ns  (logic 0.710ns (42.693%)  route 0.953ns (57.307%))
  Logic Levels:           1  (FDCE=1)
  Clock Uncertainty:      0.301ns  ((TSJ^2 + TIJ^2)^1/2 + DJ) / 2 + PE
    Total System Jitter     (TSJ):    0.050ns
    Total Input Jitter      (TIJ):    0.600ns
    Discrete Jitter          (DJ):    0.000ns
    Phase Error              (PE):    0.000ns

    Location             Delay type                Incr(ns)  Path(ns)    Netlist Resource(s)
  -------------------------------------------------------------------    -------------------
    SLICE_X50Y92         FDCE                         0.000     0.000 r  puf_bd_i/puf_top_0/inst/array/cells[0].cell_inst/cnt1_reg[12]/C
    SLICE_X50Y92         FDCE (Prop_fdce_C_Q)         0.710     0.710 r  puf_bd_i/puf_top_0/inst/array/cells[0].cell_inst/cnt1_reg[12]/Q
                         net (fo=2, routed)           0.953     1.663    puf_bd_i/puf_top_0/inst/array/cells[0].cell_inst/cnt1_reg[12]
    SLICE_X49Y91         FDRE                                         r  puf_bd_i/puf_top_0/inst/array/cells[0].cell_inst/cnt1_meta_reg[12]/D
  -------------------------------------------------------------------    -------------------

                         (clock clk_fpga_0 rise edge)
                                                      0.000     0.000 r  
    PS7_X0Y0             PS7                          0.000     0.000 r  puf_bd_i/processing_system7_0/inst/PS7_i/FCLKCLK[0]
                         net (fo=1, routed)           1.088     1.088    puf_bd_i/processing_system7_0/inst/FCLK_CLK_unbuffered[0]
    BUFGCTRL_X0Y16       BUFG (Prop_bufg_I_O)         0.091     1.179 r  puf_bd_i/processing_system7_0/inst/buffer_fclk_clk_0.FCLK_CLK_0_BUFG/O
                         net (fo=1424, routed)        1.476     2.655    puf_bd_i/puf_top_0/inst/array/cells[0].cell_inst/clk
    SLICE_X49Y91         FDRE                                         r  puf_bd_i/puf_top_0/inst/array/cells[0].cell_inst/cnt1_meta_reg[12]/C

Slack:                    inf
  Source:                 puf_bd_i/puf_top_0/inst/array/cells[0].cell_inst/cnt0_reg[11]/C
                            (rising edge-triggered cell FDCE)
  Destination:            puf_bd_i/puf_top_0/inst/array/cells[0].cell_inst/cnt0_meta_reg[11]/D
                            (rising edge-triggered cell FDRE clocked by clk_fpga_0  {rise@0.000ns fall@10.000ns period=20.000ns})
  Path Group:             (none)
  Path Type:              Setup (Max at Slow Process Corner)
  Data Path Delay:        1.638ns  (logic 0.710ns (43.338%)  route 0.928ns (56.662%))
  Logic Levels:           1  (FDCE=1)
  Clock Uncertainty:      0.301ns  ((TSJ^2 + TIJ^2)^1/2 + DJ) / 2 + PE
    Total System Jitter     (TSJ):    0.050ns
    Total Input Jitter      (TIJ):    0.600ns
    Discrete Jitter          (DJ):    0.000ns
    Phase Error              (PE):    0.000ns

    Location             Delay type                Incr(ns)  Path(ns)    Netlist Resource(s)
  -------------------------------------------------------------------    -------------------
    SLICE_X46Y88         FDCE                         0.000     0.000 r  puf_bd_i/puf_top_0/inst/array/cells[0].cell_inst/cnt0_reg[11]/C
    SLICE_X46Y88         FDCE (Prop_fdce_C_Q)         0.710     0.710 r  puf_bd_i/puf_top_0/inst/array/cells[0].cell_inst/cnt0_reg[11]/Q
                         net (fo=2, routed)           0.928     1.638    puf_bd_i/puf_top_0/inst/array/cells[0].cell_inst/cnt0_reg[11]
    SLICE_X48Y90         FDRE                                         r  puf_bd_i/puf_top_0/inst/array/cells[0].cell_inst/cnt0_meta_reg[11]/D
  -------------------------------------------------------------------    -------------------

                         (clock clk_fpga_0 rise edge)
                                                      0.000     0.000 r  
    PS7_X0Y0             PS7                          0.000     0.000 r  puf_bd_i/processing_system7_0/inst/PS7_i/FCLKCLK[0]
                         net (fo=1, routed)           1.088     1.088    puf_bd_i/processing_system7_0/inst/FCLK_CLK_unbuffered[0]
    BUFGCTRL_X0Y16       BUFG (Prop_bufg_I_O)         0.091     1.179 r  puf_bd_i/processing_system7_0/inst/buffer_fclk_clk_0.FCLK_CLK_0_BUFG/O
                         net (fo=1424, routed)        1.475     2.654    puf_bd_i/puf_top_0/inst/array/cells[0].cell_inst/clk
    SLICE_X48Y90         FDRE                                         r  puf_bd_i/puf_top_0/inst/array/cells[0].cell_inst/cnt0_meta_reg[11]/C

Slack:                    inf
  Source:                 puf_bd_i/puf_top_0/inst/array/cells[7].cell_inst/cnt1_reg[7]/C
                            (rising edge-triggered cell FDCE)
  Destination:            puf_bd_i/puf_top_0/inst/array/cells[7].cell_inst/cnt1_meta_reg[7]/D
                            (rising edge-triggered cell FDRE clocked by clk_fpga_0  {rise@0.000ns fall@10.000ns period=20.000ns})
  Path Group:             (none)
  Path Type:              Setup (Max at Slow Process Corner)
  Data Path Delay:        1.626ns  (logic 0.713ns (43.842%)  route 0.913ns (56.158%))
  Logic Levels:           1  (FDCE=1)
  Clock Uncertainty:      0.301ns  ((TSJ^2 + TIJ^2)^1/2 + DJ) / 2 + PE
    Total System Jitter     (TSJ):    0.050ns
    Total Input Jitter      (TIJ):    0.600ns
    Discrete Jitter          (DJ):    0.000ns
    Phase Error              (PE):    0.000ns

    Location             Delay type                Incr(ns)  Path(ns)    Netlist Resource(s)
  -------------------------------------------------------------------    -------------------
    SLICE_X50Y98         FDCE                         0.000     0.000 r  puf_bd_i/puf_top_0/inst/array/cells[7].cell_inst/cnt1_reg[7]/C
    SLICE_X50Y98         FDCE (Prop_fdce_C_Q)         0.713     0.713 r  puf_bd_i/puf_top_0/inst/array/cells[7].cell_inst/cnt1_reg[7]/Q
                         net (fo=2, routed)           0.913     1.626    puf_bd_i/puf_top_0/inst/array/cells[7].cell_inst/cnt1_reg[7]
    SLICE_X50Y95         FDRE                                         r  puf_bd_i/puf_top_0/inst/array/cells[7].cell_inst/cnt1_meta_reg[7]/D
  -------------------------------------------------------------------    -------------------

                         (clock clk_fpga_0 rise edge)
                                                      0.000     0.000 r  
    PS7_X0Y0             PS7                          0.000     0.000 r  puf_bd_i/processing_system7_0/inst/PS7_i/FCLKCLK[0]
                         net (fo=1, routed)           1.088     1.088    puf_bd_i/processing_system7_0/inst/FCLK_CLK_unbuffered[0]
    BUFGCTRL_X0Y16       BUFG (Prop_bufg_I_O)         0.091     1.179 r  puf_bd_i/processing_system7_0/inst/buffer_fclk_clk_0.FCLK_CLK_0_BUFG/O
                         net (fo=1424, routed)        1.466     2.645    puf_bd_i/puf_top_0/inst/array/cells[7].cell_inst/clk
    SLICE_X50Y95         FDRE                                         r  puf_bd_i/puf_top_0/inst/array/cells[7].cell_inst/cnt1_meta_reg[7]/C

Slack:                    inf
  Source:                 puf_bd_i/puf_top_0/inst/array/cells[5].cell_inst/cnt1_reg[15]/C
                            (rising edge-triggered cell FDCE)
  Destination:            puf_bd_i/puf_top_0/inst/array/cells[5].cell_inst/cnt1_meta_reg[15]/D
                            (rising edge-triggered cell FDRE clocked by clk_fpga_0  {rise@0.000ns fall@10.000ns period=20.000ns})
  Path Group:             (none)
  Path Type:              Setup (Max at Slow Process Corner)
  Data Path Delay:        1.613ns  (logic 0.648ns (40.185%)  route 0.965ns (59.815%))
  Logic Levels:           1  (FDCE=1)
  Clock Uncertainty:      0.301ns  ((TSJ^2 + TIJ^2)^1/2 + DJ) / 2 + PE
    Total System Jitter     (TSJ):    0.050ns
    Total Input Jitter      (TIJ):    0.600ns
    Discrete Jitter          (DJ):    0.000ns
    Phase Error              (PE):    0.000ns

    Location             Delay type                Incr(ns)  Path(ns)    Netlist Resource(s)
  -------------------------------------------------------------------    -------------------
    SLICE_X48Y86         FDCE                         0.000     0.000 r  puf_bd_i/puf_top_0/inst/array/cells[5].cell_inst/cnt1_reg[15]/C
    SLICE_X48Y86         FDCE (Prop_fdce_C_Q)         0.648     0.648 r  puf_bd_i/puf_top_0/inst/array/cells[5].cell_inst/cnt1_reg[15]/Q
                         net (fo=2, routed)           0.965     1.613    puf_bd_i/puf_top_0/inst/array/cells[5].cell_inst/cnt1_reg[15]
    SLICE_X47Y86         FDRE                                         r  puf_bd_i/puf_top_0/inst/array/cells[5].cell_inst/cnt1_meta_reg[15]/D
  -------------------------------------------------------------------    -------------------

                         (clock clk_fpga_0 rise edge)
                                                      0.000     0.000 r  
    PS7_X0Y0             PS7                          0.000     0.000 r  puf_bd_i/processing_system7_0/inst/PS7_i/FCLKCLK[0]
                         net (fo=1, routed)           1.088     1.088    puf_bd_i/processing_system7_0/inst/FCLK_CLK_unbuffered[0]
    BUFGCTRL_X0Y16       BUFG (Prop_bufg_I_O)         0.091     1.179 r  puf_bd_i/processing_system7_0/inst/buffer_fclk_clk_0.FCLK_CLK_0_BUFG/O
                         net (fo=1424, routed)        1.473     2.652    puf_bd_i/puf_top_0/inst/array/cells[5].cell_inst/clk
    SLICE_X47Y86         FDRE                                         r  puf_bd_i/puf_top_0/inst/array/cells[5].cell_inst/cnt1_meta_reg[15]/C

Slack:                    inf
  Source:                 puf_bd_i/puf_top_0/inst/array/cells[4].cell_inst/cnt0_reg[15]/C
                            (rising edge-triggered cell FDCE)
  Destination:            puf_bd_i/puf_top_0/inst/array/cells[4].cell_inst/cnt0_meta_reg[15]/D
                            (rising edge-triggered cell FDRE clocked by clk_fpga_0  {rise@0.000ns fall@10.000ns period=20.000ns})
  Path Group:             (none)
  Path Type:              Setup (Max at Slow Process Corner)
  Data Path Delay:        1.589ns  (logic 0.710ns (44.686%)  route 0.879ns (55.314%))
  Logic Levels:           1  (FDCE=1)
  Clock Uncertainty:      0.301ns  ((TSJ^2 + TIJ^2)^1/2 + DJ) / 2 + PE
    Total System Jitter     (TSJ):    0.050ns
    Total Input Jitter      (TIJ):    0.600ns
    Discrete Jitter          (DJ):    0.000ns
    Phase Error              (PE):    0.000ns

    Location             Delay type                Incr(ns)  Path(ns)    Netlist Resource(s)
  -------------------------------------------------------------------    -------------------
    SLICE_X34Y88         FDCE                         0.000     0.000 r  puf_bd_i/puf_top_0/inst/array/cells[4].cell_inst/cnt0_reg[15]/C
    SLICE_X34Y88         FDCE (Prop_fdce_C_Q)         0.710     0.710 r  puf_bd_i/puf_top_0/inst/array/cells[4].cell_inst/cnt0_reg[15]/Q
                         net (fo=2, routed)           0.879     1.589    puf_bd_i/puf_top_0/inst/array/cells[4].cell_inst/cnt0_reg[15]
    SLICE_X35Y87         FDRE                                         r  puf_bd_i/puf_top_0/inst/array/cells[4].cell_inst/cnt0_meta_reg[15]/D
  -------------------------------------------------------------------    -------------------

                         (clock clk_fpga_0 rise edge)
                                                      0.000     0.000 r  
    PS7_X0Y0             PS7                          0.000     0.000 r  puf_bd_i/processing_system7_0/inst/PS7_i/FCLKCLK[0]
                         net (fo=1, routed)           1.088     1.088    puf_bd_i/processing_system7_0/inst/FCLK_CLK_unbuffered[0]
    BUFGCTRL_X0Y16       BUFG (Prop_bufg_I_O)         0.091     1.179 r  puf_bd_i/processing_system7_0/inst/buffer_fclk_clk_0.FCLK_CLK_0_BUFG/O
                         net (fo=1424, routed)        1.476     2.655    puf_bd_i/puf_top_0/inst/array/cells[4].cell_inst/clk
    SLICE_X35Y87         FDRE                                         r  puf_bd_i/puf_top_0/inst/array/cells[4].cell_inst/cnt0_meta_reg[15]/C

Slack:                    inf
  Source:                 puf_bd_i/puf_top_0/inst/array/cells[6].cell_inst/cnt0_reg[10]/C
                            (rising edge-triggered cell FDCE)
  Destination:            puf_bd_i/puf_top_0/inst/array/cells[6].cell_inst/cnt0_meta_reg[10]/D
                            (rising edge-triggered cell FDRE clocked by clk_fpga_0  {rise@0.000ns fall@10.000ns period=20.000ns})
  Path Group:             (none)
  Path Type:              Setup (Max at Slow Process Corner)
  Data Path Delay:        1.570ns  (logic 0.651ns (41.467%)  route 0.919ns (58.533%))
  Logic Levels:           1  (FDCE=1)
  Clock Uncertainty:      0.301ns  ((TSJ^2 + TIJ^2)^1/2 + DJ) / 2 + PE
    Total System Jitter     (TSJ):    0.050ns
    Total Input Jitter      (TIJ):    0.600ns
    Discrete Jitter          (DJ):    0.000ns
    Phase Error              (PE):    0.000ns

    Location             Delay type                Incr(ns)  Path(ns)    Netlist Resource(s)
  -------------------------------------------------------------------    -------------------
    SLICE_X43Y103        FDCE                         0.000     0.000 r  puf_bd_i/puf_top_0/inst/array/cells[6].cell_inst/cnt0_reg[10]/C
    SLICE_X43Y103        FDCE (Prop_fdce_C_Q)         0.651     0.651 r  puf_bd_i/puf_top_0/inst/array/cells[6].cell_inst/cnt0_reg[10]/Q
                         net (fo=2, routed)           0.919     1.570    puf_bd_i/puf_top_0/inst/array/cells[6].cell_inst/cnt0_reg[10]
    SLICE_X48Y103        FDRE                                         r  puf_bd_i/puf_top_0/inst/array/cells[6].cell_inst/cnt0_meta_reg[10]/D
  -------------------------------------------------------------------    -------------------

                         (clock clk_fpga_0 rise edge)
                                                      0.000     0.000 r  
    PS7_X0Y0             PS7                          0.000     0.000 r  puf_bd_i/processing_system7_0/inst/PS7_i/FCLKCLK[0]
                         net (fo=1, routed)           1.088     1.088    puf_bd_i/processing_system7_0/inst/FCLK_CLK_unbuffered[0]
    BUFGCTRL_X0Y16       BUFG (Prop_bufg_I_O)         0.091     1.179 r  puf_bd_i/processing_system7_0/inst/buffer_fclk_clk_0.FCLK_CLK_0_BUFG/O
                         net (fo=1424, routed)        1.651     2.830    puf_bd_i/puf_top_0/inst/array/cells[6].cell_inst/clk
    SLICE_X48Y103        FDRE                                         r  puf_bd_i/puf_top_0/inst/array/cells[6].cell_inst/cnt0_meta_reg[10]/C

Slack:                    inf
  Source:                 puf_bd_i/puf_top_0/inst/array/cells[1].cell_inst/cnt1_reg[11]/C
                            (rising edge-triggered cell FDCE)
  Destination:            puf_bd_i/puf_top_0/inst/array/cells[1].cell_inst/cnt1_meta_reg[11]/D
                            (rising edge-triggered cell FDRE clocked by clk_fpga_0  {rise@0.000ns fall@10.000ns period=20.000ns})
  Path Group:             (none)
  Path Type:              Setup (Max at Slow Process Corner)
  Data Path Delay:        1.518ns  (logic 0.710ns (46.774%)  route 0.808ns (53.226%))
  Logic Levels:           1  (FDCE=1)
  Clock Uncertainty:      0.301ns  ((TSJ^2 + TIJ^2)^1/2 + DJ) / 2 + PE
    Total System Jitter     (TSJ):    0.050ns
    Total Input Jitter      (TIJ):    0.600ns
    Discrete Jitter          (DJ):    0.000ns
    Phase Error              (PE):    0.000ns

    Location             Delay type                Incr(ns)  Path(ns)    Netlist Resource(s)
  -------------------------------------------------------------------    -------------------
    SLICE_X54Y105        FDCE                         0.000     0.000 r  puf_bd_i/puf_top_0/inst/array/cells[1].cell_inst/cnt1_reg[11]/C
    SLICE_X54Y105        FDCE (Prop_fdce_C_Q)         0.710     0.710 r  puf_bd_i/puf_top_0/inst/array/cells[1].cell_inst/cnt1_reg[11]/Q
                         net (fo=2, routed)           0.808     1.518    puf_bd_i/puf_top_0/inst/array/cells[1].cell_inst/cnt1_reg[11]
    SLICE_X51Y103        FDRE                                         r  puf_bd_i/puf_top_0/inst/array/cells[1].cell_inst/cnt1_meta_reg[11]/D
  -------------------------------------------------------------------    -------------------

                         (clock clk_fpga_0 rise edge)
                                                      0.000     0.000 r  
    PS7_X0Y0             PS7                          0.000     0.000 r  puf_bd_i/processing_system7_0/inst/PS7_i/FCLKCLK[0]
                         net (fo=1, routed)           1.088     1.088    puf_bd_i/processing_system7_0/inst/FCLK_CLK_unbuffered[0]
    BUFGCTRL_X0Y16       BUFG (Prop_bufg_I_O)         0.091     1.179 r  puf_bd_i/processing_system7_0/inst/buffer_fclk_clk_0.FCLK_CLK_0_BUFG/O
                         net (fo=1424, routed)        1.640     2.819    puf_bd_i/puf_top_0/inst/array/cells[1].cell_inst/clk
    SLICE_X51Y103        FDRE                                         r  puf_bd_i/puf_top_0/inst/array/cells[1].cell_inst/cnt1_meta_reg[11]/C





Min Delay Paths
--------------------------------------------------------------------------------------
Slack:                    inf
  Source:                 puf_bd_i/puf_top_0/inst/array/cells[2].cell_inst/cnt0_reg[14]/C
                            (rising edge-triggered cell FDCE)
  Destination:            puf_bd_i/puf_top_0/inst/array/cells[2].cell_inst/cnt0_meta_reg[14]/D
                            (rising edge-triggered cell FDRE clocked by clk_fpga_0  {rise@0.000ns fall@10.000ns period=20.000ns})
  Path Group:             (none)
  Path Type:              Hold (Min at Fast Process Corner)
  Data Path Delay:        0.274ns  (logic 0.209ns (76.253%)  route 0.065ns (23.747%))
  Logic Levels:           1  (FDCE=1)
  Clock Uncertainty:      0.301ns  ((TSJ^2 + TIJ^2)^1/2 + DJ) / 2 + PE
    Total System Jitter     (TSJ):    0.050ns
    Total Input Jitter      (TIJ):    0.600ns
    Discrete Jitter          (DJ):    0.000ns
    Phase Error              (PE):    0.000ns

    Location             Delay type                Incr(ns)  Path(ns)    Netlist Resource(s)
  -------------------------------------------------------------------    -------------------
    SLICE_X40Y108        FDCE                         0.000     0.000 r  puf_bd_i/puf_top_0/inst/array/cells[2].cell_inst/cnt0_reg[14]/C
    SLICE_X40Y108        FDCE (Prop_fdce_C_Q)         0.209     0.209 r  puf_bd_i/puf_top_0/inst/array/cells[2].cell_inst/cnt0_reg[14]/Q
                         net (fo=2, routed)           0.065     0.274    puf_bd_i/puf_top_0/inst/array/cells[2].cell_inst/cnt0_reg[14]
    SLICE_X41Y108        FDRE                                         r  puf_bd_i/puf_top_0/inst/array/cells[2].cell_inst/cnt0_meta_reg[14]/D
  -------------------------------------------------------------------    -------------------

                         (clock clk_fpga_0 rise edge)
                                                      0.000     0.000 r  
    PS7_X0Y0             PS7                          0.000     0.000 r  puf_bd_i/processing_system7_0/inst/PS7_i/FCLKCLK[0]
                         net (fo=1, routed)           0.337     0.337    puf_bd_i/processing_system7_0/inst/FCLK_CLK_unbuffered[0]
    BUFGCTRL_X0Y16       BUFG (Prop_bufg_I_O)         0.029     0.366 r  puf_bd_i/processing_system7_0/inst/buffer_fclk_clk_0.FCLK_CLK_0_BUFG/O
                         net (fo=1424, routed)        0.909     1.275    puf_bd_i/puf_top_0/inst/array/cells[2].cell_inst/clk
    SLICE_X41Y108        FDRE                                         r  puf_bd_i/puf_top_0/inst/array/cells[2].cell_inst/cnt0_meta_reg[14]/C

Slack:                    inf
  Source:                 puf_bd_i/puf_top_0/inst/array/cells[6].cell_inst/cnt0_reg[2]/C
                            (rising edge-triggered cell FDCE)
  Destination:            puf_bd_i/puf_top_0/inst/array/cells[6].cell_inst/cnt0_meta_reg[2]/D
                            (rising edge-triggered cell FDRE clocked by clk_fpga_0  {rise@0.000ns fall@10.000ns period=20.000ns})
  Path Group:             (none)
  Path Type:              Hold (Min at Fast Process Corner)
  Data Path Delay:        0.276ns  (logic 0.209ns (75.724%)  route 0.067ns (24.276%))
  Logic Levels:           1  (FDCE=1)
  Clock Uncertainty:      0.301ns  ((TSJ^2 + TIJ^2)^1/2 + DJ) / 2 + PE
    Total System Jitter     (TSJ):    0.050ns
    Total Input Jitter      (TIJ):    0.600ns
    Discrete Jitter          (DJ):    0.000ns
    Phase Error              (PE):    0.000ns

    Location             Delay type                Incr(ns)  Path(ns)    Netlist Resource(s)
  -------------------------------------------------------------------    -------------------
    SLICE_X43Y101        FDCE                         0.000     0.000 r  puf_bd_i/puf_top_0/inst/array/cells[6].cell_inst/cnt0_reg[2]/C
    SLICE_X43Y101        FDCE (Prop_fdce_C_Q)         0.209     0.209 r  puf_bd_i/puf_top_0/inst/array/cells[6].cell_inst/cnt0_reg[2]/Q
                         net (fo=2, routed)           0.067     0.276    puf_bd_i/puf_top_0/inst/array/cells[6].cell_inst/cnt0_reg[2]
    SLICE_X42Y101        FDRE                                         r  puf_bd_i/puf_top_0/inst/array/cells[6].cell_inst/cnt0_meta_reg[2]/D
  -------------------------------------------------------------------    -------------------

                         (clock clk_fpga_0 rise edge)
                                                      0.000     0.000 r  
    PS7_X0Y0             PS7                          0.000     0.000 r  puf_bd_i/processing_system7_0/inst/PS7_i/FCLKCLK[0]
                         net (fo=1, routed)           0.337     0.337    puf_bd_i/processing_system7_0/inst/FCLK_CLK_unbuffered[0]
    BUFGCTRL_X0Y16       BUFG (Prop_bufg_I_O)         0.029     0.366 r  puf_bd_i/processing_system7_0/inst/buffer_fclk_clk_0.FCLK_CLK_0_BUFG/O
                         net (fo=1424, routed)        0.911     1.277    puf_bd_i/puf_top_0/inst/array/cells[6].cell_inst/clk
    SLICE_X42Y101        FDRE                                         r  puf_bd_i/puf_top_0/inst/array/cells[6].cell_inst/cnt0_meta_reg[2]/C

Slack:                    inf
  Source:                 puf_bd_i/puf_top_0/inst/array/cells[1].cell_inst/cnt0_reg[14]/C
                            (rising edge-triggered cell FDCE)
  Destination:            puf_bd_i/puf_top_0/inst/array/cells[1].cell_inst/cnt0_meta_reg[14]/D
                            (rising edge-triggered cell FDRE clocked by clk_fpga_0  {rise@0.000ns fall@10.000ns period=20.000ns})
  Path Group:             (none)
  Path Type:              Hold (Min at Fast Process Corner)
  Data Path Delay:        0.276ns  (logic 0.208ns (75.258%)  route 0.068ns (24.742%))
  Logic Levels:           1  (FDCE=1)
  Clock Uncertainty:      0.301ns  ((TSJ^2 + TIJ^2)^1/2 + DJ) / 2 + PE
    Total System Jitter     (TSJ):    0.050ns
    Total Input Jitter      (TIJ):    0.600ns
    Discrete Jitter          (DJ):    0.000ns
    Phase Error              (PE):    0.000ns

    Location             Delay type                Incr(ns)  Path(ns)    Netlist Resource(s)
  -------------------------------------------------------------------    -------------------
    SLICE_X49Y102        FDCE                         0.000     0.000 r  puf_bd_i/puf_top_0/inst/array/cells[1].cell_inst/cnt0_reg[14]/C
    SLICE_X49Y102        FDCE (Prop_fdce_C_Q)         0.208     0.208 r  puf_bd_i/puf_top_0/inst/array/cells[1].cell_inst/cnt0_reg[14]/Q
                         net (fo=2, routed)           0.068     0.276    puf_bd_i/puf_top_0/inst/array/cells[1].cell_inst/cnt0_reg[14]
    SLICE_X48Y102        FDRE                                         r  puf_bd_i/puf_top_0/inst/array/cells[1].cell_inst/cnt0_meta_reg[14]/D
  -------------------------------------------------------------------    -------------------

                         (clock clk_fpga_0 rise edge)
                                                      0.000     0.000 r  
    PS7_X0Y0             PS7                          0.000     0.000 r  puf_bd_i/processing_system7_0/inst/PS7_i/FCLKCLK[0]
                         net (fo=1, routed)           0.337     0.337    puf_bd_i/processing_system7_0/inst/FCLK_CLK_unbuffered[0]
    BUFGCTRL_X0Y16       BUFG (Prop_bufg_I_O)         0.029     0.366 r  puf_bd_i/processing_system7_0/inst/buffer_fclk_clk_0.FCLK_CLK_0_BUFG/O
                         net (fo=1424, routed)        0.911     1.277    puf_bd_i/puf_top_0/inst/array/cells[1].cell_inst/clk
    SLICE_X48Y102        FDRE                                         r  puf_bd_i/puf_top_0/inst/array/cells[1].cell_inst/cnt0_meta_reg[14]/C

Slack:                    inf
  Source:                 puf_bd_i/puf_top_0/inst/array/cells[5].cell_inst/cnt0_reg[12]/C
                            (rising edge-triggered cell FDCE)
  Destination:            puf_bd_i/puf_top_0/inst/array/cells[5].cell_inst/cnt0_meta_reg[12]/D
                            (rising edge-triggered cell FDRE clocked by clk_fpga_0  {rise@0.000ns fall@10.000ns period=20.000ns})
  Path Group:             (none)
  Path Type:              Hold (Min at Fast Process Corner)
  Data Path Delay:        0.327ns  (logic 0.209ns (63.958%)  route 0.118ns (36.042%))
  Logic Levels:           1  (FDCE=1)
  Clock Uncertainty:      0.301ns  ((TSJ^2 + TIJ^2)^1/2 + DJ) / 2 + PE
    Total System Jitter     (TSJ):    0.050ns
    Total Input Jitter      (TIJ):    0.600ns
    Discrete Jitter          (DJ):    0.000ns
    Phase Error              (PE):    0.000ns

    Location             Delay type                Incr(ns)  Path(ns)    Netlist Resource(s)
  -------------------------------------------------------------------    -------------------
    SLICE_X40Y85         FDCE                         0.000     0.000 r  puf_bd_i/puf_top_0/inst/array/cells[5].cell_inst/cnt0_reg[12]/C
    SLICE_X40Y85         FDCE (Prop_fdce_C_Q)         0.209     0.209 r  puf_bd_i/puf_top_0/inst/array/cells[5].cell_inst/cnt0_reg[12]/Q
                         net (fo=2, routed)           0.118     0.327    puf_bd_i/puf_top_0/inst/array/cells[5].cell_inst/cnt0_reg[12]
    SLICE_X43Y85         FDRE                                         r  puf_bd_i/puf_top_0/inst/array/cells[5].cell_inst/cnt0_meta_reg[12]/D
  -------------------------------------------------------------------    -------------------

                         (clock clk_fpga_0 rise edge)
                                                      0.000     0.000 r  
    PS7_X0Y0             PS7                          0.000     0.000 r  puf_bd_i/processing_system7_0/inst/PS7_i/FCLKCLK[0]
                         net (fo=1, routed)           0.337     0.337    puf_bd_i/processing_system7_0/inst/FCLK_CLK_unbuffered[0]
    BUFGCTRL_X0Y16       BUFG (Prop_bufg_I_O)         0.029     0.366 r  puf_bd_i/processing_system7_0/inst/buffer_fclk_clk_0.FCLK_CLK_0_BUFG/O
                         net (fo=1424, routed)        0.819     1.185    puf_bd_i/puf_top_0/inst/array/cells[5].cell_inst/clk
    SLICE_X43Y85         FDRE                                         r  puf_bd_i/puf_top_0/inst/array/cells[5].cell_inst/cnt0_meta_reg[12]/C

Slack:                    inf
  Source:                 puf_bd_i/puf_top_0/inst/array/cells[5].cell_inst/cnt1_reg[13]/C
                            (rising edge-triggered cell FDCE)
  Destination:            puf_bd_i/puf_top_0/inst/array/cells[5].cell_inst/cnt1_meta_reg[13]/D
                            (rising edge-triggered cell FDRE clocked by clk_fpga_0  {rise@0.000ns fall@10.000ns period=20.000ns})
  Path Group:             (none)
  Path Type:              Hold (Min at Fast Process Corner)
  Data Path Delay:        0.328ns  (logic 0.208ns (63.435%)  route 0.120ns (36.565%))
  Logic Levels:           1  (FDCE=1)
  Clock Uncertainty:      0.301ns  ((TSJ^2 + TIJ^2)^1/2 + DJ) / 2 + PE
    Total System Jitter     (TSJ):    0.050ns
    Total Input Jitter      (TIJ):    0.600ns
    Discrete Jitter          (DJ):    0.000ns
    Phase Error              (PE):    0.000ns

    Location             Delay type                Incr(ns)  Path(ns)    Netlist Resource(s)
  -------------------------------------------------------------------    -------------------
    SLICE_X48Y86         FDCE                         0.000     0.000 r  puf_bd_i/puf_top_0/inst/array/cells[5].cell_inst/cnt1_reg[13]/C
    SLICE_X48Y86         FDCE (Prop_fdce_C_Q)         0.208     0.208 r  puf_bd_i/puf_top_0/inst/array/cells[5].cell_inst/cnt1_reg[13]/Q
                         net (fo=2, routed)           0.120     0.328    puf_bd_i/puf_top_0/inst/array/cells[5].cell_inst/cnt1_reg[13]
    SLICE_X49Y85         FDRE                                         r  puf_bd_i/puf_top_0/inst/array/cells[5].cell_inst/cnt1_meta_reg[13]/D
  -------------------------------------------------------------------    -------------------

                         (clock clk_fpga_0 rise edge)
                                                      0.000     0.000 r  
    PS7_X0Y0             PS7                          0.000     0.000 r  puf_bd_i/processing_system7_0/inst/PS7_i/FCLKCLK[0]
                         net (fo=1, routed)           0.337     0.337    puf_bd_i/processing_system7_0/inst/FCLK_CLK_unbuffered[0]
    BUFGCTRL_X0Y16       BUFG (Prop_bufg_I_O)         0.029     0.366 r  puf_bd_i/processing_system7_0/inst/buffer_fclk_clk_0.FCLK_CLK_0_BUFG/O
                         net (fo=1424, routed)        0.819     1.185    puf_bd_i/puf_top_0/inst/array/cells[5].cell_inst/clk
    SLICE_X49Y85         FDRE                                         r  puf_bd_i/puf_top_0/inst/array/cells[5].cell_inst/cnt1_meta_reg[13]/C

Slack:                    inf
  Source:                 puf_bd_i/puf_top_0/inst/array/cells[6].cell_inst/cnt0_reg[5]/C
                            (rising edge-triggered cell FDCE)
  Destination:            puf_bd_i/puf_top_0/inst/array/cells[6].cell_inst/cnt0_meta_reg[5]/D
                            (rising edge-triggered cell FDRE clocked by clk_fpga_0  {rise@0.000ns fall@10.000ns period=20.000ns})
  Path Group:             (none)
  Path Type:              Hold (Min at Fast Process Corner)
  Data Path Delay:        0.329ns  (logic 0.209ns (63.467%)  route 0.120ns (36.533%))
  Logic Levels:           1  (FDCE=1)
  Clock Uncertainty:      0.301ns  ((TSJ^2 + TIJ^2)^1/2 + DJ) / 2 + PE
    Total System Jitter     (TSJ):    0.050ns
    Total Input Jitter      (TIJ):    0.600ns
    Discrete Jitter          (DJ):    0.000ns
    Phase Error              (PE):    0.000ns

    Location             Delay type                Incr(ns)  Path(ns)    Netlist Resource(s)
  -------------------------------------------------------------------    -------------------
    SLICE_X43Y102        FDCE                         0.000     0.000 r  puf_bd_i/puf_top_0/inst/array/cells[6].cell_inst/cnt0_reg[5]/C
    SLICE_X43Y102        FDCE (Prop_fdce_C_Q)         0.209     0.209 r  puf_bd_i/puf_top_0/inst/array/cells[6].cell_inst/cnt0_reg[5]/Q
                         net (fo=2, routed)           0.120     0.329    puf_bd_i/puf_top_0/inst/array/cells[6].cell_inst/cnt0_reg[5]
    SLICE_X42Y101        FDRE                                         r  puf_bd_i/puf_top_0/inst/array/cells[6].cell_inst/cnt0_meta_reg[5]/D
  -------------------------------------------------------------------    -------------------

                         (clock clk_fpga_0 rise edge)
                                                      0.000     0.000 r  
    PS7_X0Y0             PS7                          0.000     0.000 r  puf_bd_i/processing_system7_0/inst/PS7_i/FCLKCLK[0]
                         net (fo=1, routed)           0.337     0.337    puf_bd_i/processing_system7_0/inst/FCLK_CLK_unbuffered[0]
    BUFGCTRL_X0Y16       BUFG (Prop_bufg_I_O)         0.029     0.366 r  puf_bd_i/processing_system7_0/inst/buffer_fclk_clk_0.FCLK_CLK_0_BUFG/O
                         net (fo=1424, routed)        0.911     1.277    puf_bd_i/puf_top_0/inst/array/cells[6].cell_inst/clk
    SLICE_X42Y101        FDRE                                         r  puf_bd_i/puf_top_0/inst/array/cells[6].cell_inst/cnt0_meta_reg[5]/C

Slack:                    inf
  Source:                 puf_bd_i/puf_top_0/inst/array/cells[3].cell_inst/cnt1_reg[9]/C
                            (rising edge-triggered cell FDCE)
  Destination:            puf_bd_i/puf_top_0/inst/array/cells[3].cell_inst/cnt1_meta_reg[9]/D
                            (rising edge-triggered cell FDRE clocked by clk_fpga_0  {rise@0.000ns fall@10.000ns period=20.000ns})
  Path Group:             (none)
  Path Type:              Hold (Min at Fast Process Corner)
  Data Path Delay:        0.330ns  (logic 0.208ns (63.004%)  route 0.122ns (36.996%))
  Logic Levels:           1  (FDCE=1)
  Clock Uncertainty:      0.301ns  ((TSJ^2 + TIJ^2)^1/2 + DJ) / 2 + PE
    Total System Jitter     (TSJ):    0.050ns
    Total Input Jitter      (TIJ):    0.600ns
    Discrete Jitter          (DJ):    0.000ns
    Phase Error              (PE):    0.000ns

    Location             Delay type                Incr(ns)  Path(ns)    Netlist Resource(s)
  -------------------------------------------------------------------    -------------------
    SLICE_X49Y107        FDCE                         0.000     0.000 r  puf_bd_i/puf_top_0/inst/array/cells[3].cell_inst/cnt1_reg[9]/C
    SLICE_X49Y107        FDCE (Prop_fdce_C_Q)         0.208     0.208 r  puf_bd_i/puf_top_0/inst/array/cells[3].cell_inst/cnt1_reg[9]/Q
                         net (fo=2, routed)           0.122     0.330    puf_bd_i/puf_top_0/inst/array/cells[3].cell_inst/cnt1_reg[9]
    SLICE_X48Y106        FDRE                                         r  puf_bd_i/puf_top_0/inst/array/cells[3].cell_inst/cnt1_meta_reg[9]/D
  -------------------------------------------------------------------    -------------------

                         (clock clk_fpga_0 rise edge)
                                                      0.000     0.000 r  
    PS7_X0Y0             PS7                          0.000     0.000 r  puf_bd_i/processing_system7_0/inst/PS7_i/FCLKCLK[0]
                         net (fo=1, routed)           0.337     0.337    puf_bd_i/processing_system7_0/inst/FCLK_CLK_unbuffered[0]
    BUFGCTRL_X0Y16       BUFG (Prop_bufg_I_O)         0.029     0.366 r  puf_bd_i/processing_system7_0/inst/buffer_fclk_clk_0.FCLK_CLK_0_BUFG/O
                         net (fo=1424, routed)        0.910     1.276    puf_bd_i/puf_top_0/inst/array/cells[3].cell_inst/clk
    SLICE_X48Y106        FDRE                                         r  puf_bd_i/puf_top_0/inst/array/cells[3].cell_inst/cnt1_meta_reg[9]/C

Slack:                    inf
  Source:                 puf_bd_i/puf_top_0/inst/array/cells[1].cell_inst/cnt0_reg[12]/C
                            (rising edge-triggered cell FDCE)
  Destination:            puf_bd_i/puf_top_0/inst/array/cells[1].cell_inst/cnt0_meta_reg[12]/D
                            (rising edge-triggered cell FDRE clocked by clk_fpga_0  {rise@0.000ns fall@10.000ns period=20.000ns})
  Path Group:             (none)
  Path Type:              Hold (Min at Fast Process Corner)
  Data Path Delay:        0.332ns  (logic 0.208ns (62.624%)  route 0.124ns (37.376%))
  Logic Levels:           1  (FDCE=1)
  Clock Uncertainty:      0.301ns  ((TSJ^2 + TIJ^2)^1/2 + DJ) / 2 + PE
    Total System Jitter     (TSJ):    0.050ns
    Total Input Jitter      (TIJ):    0.600ns
    Discrete Jitter          (DJ):    0.000ns
    Phase Error              (PE):    0.000ns

    Location             Delay type                Incr(ns)  Path(ns)    Netlist Resource(s)
  -------------------------------------------------------------------    -------------------
    SLICE_X49Y102        FDCE                         0.000     0.000 r  puf_bd_i/puf_top_0/inst/array/cells[1].cell_inst/cnt0_reg[12]/C
    SLICE_X49Y102        FDCE (Prop_fdce_C_Q)         0.208     0.208 r  puf_bd_i/puf_top_0/inst/array/cells[1].cell_inst/cnt0_reg[12]/Q
                         net (fo=2, routed)           0.124     0.332    puf_bd_i/puf_top_0/inst/array/cells[1].cell_inst/cnt0_reg[12]
    SLICE_X49Y103        FDRE                                         r  puf_bd_i/puf_top_0/inst/array/cells[1].cell_inst/cnt0_meta_reg[12]/D
  -------------------------------------------------------------------    -------------------

                         (clock clk_fpga_0 rise edge)
                                                      0.000     0.000 r  
    PS7_X0Y0             PS7                          0.000     0.000 r  puf_bd_i/processing_system7_0/inst/PS7_i/FCLKCLK[0]
                         net (fo=1, routed)           0.337     0.337    puf_bd_i/processing_system7_0/inst/FCLK_CLK_unbuffered[0]
    BUFGCTRL_X0Y16       BUFG (Prop_bufg_I_O)         0.029     0.366 r  puf_bd_i/processing_system7_0/inst/buffer_fclk_clk_0.FCLK_CLK_0_BUFG/O
                         net (fo=1424, routed)        0.910     1.276    puf_bd_i/puf_top_0/inst/array/cells[1].cell_inst/clk
    SLICE_X49Y103        FDRE                                         r  puf_bd_i/puf_top_0/inst/array/cells[1].cell_inst/cnt0_meta_reg[12]/C

Slack:                    inf
  Source:                 puf_bd_i/puf_top_0/inst/array/cells[1].cell_inst/cnt0_reg[2]/C
                            (rising edge-triggered cell FDCE)
  Destination:            puf_bd_i/puf_top_0/inst/array/cells[1].cell_inst/cnt0_meta_reg[2]/D
                            (rising edge-triggered cell FDRE clocked by clk_fpga_0  {rise@0.000ns fall@10.000ns period=20.000ns})
  Path Group:             (none)
  Path Type:              Hold (Min at Fast Process Corner)
  Data Path Delay:        0.332ns  (logic 0.208ns (62.590%)  route 0.124ns (37.410%))
  Logic Levels:           1  (FDCE=1)
  Clock Uncertainty:      0.301ns  ((TSJ^2 + TIJ^2)^1/2 + DJ) / 2 + PE
    Total System Jitter     (TSJ):    0.050ns
    Total Input Jitter      (TIJ):    0.600ns
    Discrete Jitter          (DJ):    0.000ns
    Phase Error              (PE):    0.000ns

    Location             Delay type                Incr(ns)  Path(ns)    Netlist Resource(s)
  -------------------------------------------------------------------    -------------------
    SLICE_X49Y99         FDCE                         0.000     0.000 r  puf_bd_i/puf_top_0/inst/array/cells[1].cell_inst/cnt0_reg[2]/C
    SLICE_X49Y99         FDCE (Prop_fdce_C_Q)         0.208     0.208 r  puf_bd_i/puf_top_0/inst/array/cells[1].cell_inst/cnt0_reg[2]/Q
                         net (fo=2, routed)           0.124     0.332    puf_bd_i/puf_top_0/inst/array/cells[1].cell_inst/cnt0_reg[2]
    SLICE_X51Y99         FDRE                                         r  puf_bd_i/puf_top_0/inst/array/cells[1].cell_inst/cnt0_meta_reg[2]/D
  -------------------------------------------------------------------    -------------------

                         (clock clk_fpga_0 rise edge)
                                                      0.000     0.000 r  
    PS7_X0Y0             PS7                          0.000     0.000 r  puf_bd_i/processing_system7_0/inst/PS7_i/FCLKCLK[0]
                         net (fo=1, routed)           0.337     0.337    puf_bd_i/processing_system7_0/inst/FCLK_CLK_unbuffered[0]
    BUFGCTRL_X0Y16       BUFG (Prop_bufg_I_O)         0.029     0.366 r  puf_bd_i/processing_system7_0/inst/buffer_fclk_clk_0.FCLK_CLK_0_BUFG/O
                         net (fo=1424, routed)        0.821     1.187    puf_bd_i/puf_top_0/inst/array/cells[1].cell_inst/clk
    SLICE_X51Y99         FDRE                                         r  puf_bd_i/puf_top_0/inst/array/cells[1].cell_inst/cnt0_meta_reg[2]/C

Slack:                    inf
  Source:                 puf_bd_i/puf_top_0/inst/array/cells[5].cell_inst/cnt1_reg[14]/C
                            (rising edge-triggered cell FDCE)
  Destination:            puf_bd_i/puf_top_0/inst/array/cells[5].cell_inst/cnt1_meta_reg[14]/D
                            (rising edge-triggered cell FDRE clocked by clk_fpga_0  {rise@0.000ns fall@10.000ns period=20.000ns})
  Path Group:             (none)
  Path Type:              Hold (Min at Fast Process Corner)
  Data Path Delay:        0.333ns  (logic 0.208ns (62.452%)  route 0.125ns (37.548%))
  Logic Levels:           1  (FDCE=1)
  Clock Uncertainty:      0.301ns  ((TSJ^2 + TIJ^2)^1/2 + DJ) / 2 + PE
    Total System Jitter     (TSJ):    0.050ns
    Total Input Jitter      (TIJ):    0.600ns
    Discrete Jitter          (DJ):    0.000ns
    Phase Error              (PE):    0.000ns

    Location             Delay type                Incr(ns)  Path(ns)    Netlist Resource(s)
  -------------------------------------------------------------------    -------------------
    SLICE_X48Y86         FDCE                         0.000     0.000 r  puf_bd_i/puf_top_0/inst/array/cells[5].cell_inst/cnt1_reg[14]/C
    SLICE_X48Y86         FDCE (Prop_fdce_C_Q)         0.208     0.208 r  puf_bd_i/puf_top_0/inst/array/cells[5].cell_inst/cnt1_reg[14]/Q
                         net (fo=2, routed)           0.125     0.333    puf_bd_i/puf_top_0/inst/array/cells[5].cell_inst/cnt1_reg[14]
    SLICE_X49Y85         FDRE                                         r  puf_bd_i/puf_top_0/inst/array/cells[5].cell_inst/cnt1_meta_reg[14]/D
  -------------------------------------------------------------------    -------------------

                         (clock clk_fpga_0 rise edge)
                                                      0.000     0.000 r  
    PS7_X0Y0             PS7                          0.000     0.000 r  puf_bd_i/processing_system7_0/inst/PS7_i/FCLKCLK[0]
                         net (fo=1, routed)           0.337     0.337    puf_bd_i/processing_system7_0/inst/FCLK_CLK_unbuffered[0]
    BUFGCTRL_X0Y16       BUFG (Prop_bufg_I_O)         0.029     0.366 r  puf_bd_i/processing_system7_0/inst/buffer_fclk_clk_0.FCLK_CLK_0_BUFG/O
                         net (fo=1424, routed)        0.819     1.185    puf_bd_i/puf_top_0/inst/array/cells[5].cell_inst/clk
    SLICE_X49Y85         FDRE                                         r  puf_bd_i/puf_top_0/inst/array/cells[5].cell_inst/cnt1_meta_reg[14]/C





