
*** Running vivado
    with args -log puf_bd_wrapper.vdi -applog -m64 -product Vivado -messageDb vivado.pb -mode batch -source puf_bd_wrapper.tcl -notrace



****** Vivado v2025.1 (64-bit)
  **** SW Build 6140274 on Thu May 22 00:12:29 MDT 2025
  **** IP Build 6138677 on Thu May 22 03:10:11 MDT 2025
  **** SharedData Build 6139179 on Tue May 20 17:58:58 MDT 2025
  **** Start of session at: Mon Aug 24 22:56:29 2026
    ** Copyright 1986-2022 Xilinx, Inc. All Rights Reserved.
    ** Copyright 2022-2025 Advanced Micro Devices, Inc. All Rights Reserved.

source puf_bd_wrapper.tcl -notrace
create_project: Time (s): cpu = 00:00:08 ; elapsed = 00:00:07 . Memory (MB): peak = 519.055 ; gain = 213.793
INFO: [IP_Flow 19-234] Refreshing IP repositories
INFO: [IP_Flow 19-1704] No user IP repositories specified
INFO: [IP_Flow 19-2313] Loaded Vivado IP repository 'E:/Xilinx/2025.1/Vivado/data/ip'.
add_files: Time (s): cpu = 00:00:03 ; elapsed = 00:00:09 . Memory (MB): peak = 607.512 ; gain = 88.457
Command: link_design -top puf_bd_wrapper -part xc7z020clg400-1
Design is defaulting to srcset: sources_1
Design is defaulting to constrset: constrs_1
INFO: [Device 21-403] Loading part xc7z020clg400-1
INFO: [Project 1-5699] Read binary netlist with skipMacroContent - 1
INFO: [Project 1-454] Reading design checkpoint 'c:/Users/HP/.vscode/ro-puf/PUF_VIV.gen/sources_1/bd/puf_bd/ip/puf_bd_axi_gpio_0_1/puf_bd_axi_gpio_0_1.dcp' for cell 'puf_bd_i/axi_gpio_0'
INFO: [Project 1-454] Reading design checkpoint 'c:/Users/HP/.vscode/ro-puf/PUF_VIV.gen/sources_1/bd/puf_bd/ip/puf_bd_axi_gpio_1_1/puf_bd_axi_gpio_1_1.dcp' for cell 'puf_bd_i/axi_gpio_1'
INFO: [Project 1-454] Reading design checkpoint 'c:/Users/HP/.vscode/ro-puf/PUF_VIV.gen/sources_1/bd/puf_bd/ip/puf_bd_axi_smc_0/puf_bd_axi_smc_0.dcp' for cell 'puf_bd_i/axi_smc'
INFO: [Project 1-454] Reading design checkpoint 'c:/Users/HP/.vscode/ro-puf/PUF_VIV.gen/sources_1/bd/puf_bd/ip/puf_bd_processing_system7_0_0/puf_bd_processing_system7_0_0.dcp' for cell 'puf_bd_i/processing_system7_0'
INFO: [Project 1-454] Reading design checkpoint 'c:/Users/HP/.vscode/ro-puf/PUF_VIV.gen/sources_1/bd/puf_bd/ip/puf_bd_puf_top_0_0/puf_bd_puf_top_0_0.dcp' for cell 'puf_bd_i/puf_top_0'
INFO: [Project 1-454] Reading design checkpoint 'c:/Users/HP/.vscode/ro-puf/PUF_VIV.gen/sources_1/bd/puf_bd/ip/puf_bd_rst_ps7_0_50M_0/puf_bd_rst_ps7_0_50M_0.dcp' for cell 'puf_bd_i/rst_ps7_0_50M'
Netlist sorting complete. Time (s): cpu = 00:00:00 ; elapsed = 00:00:00.158 . Memory (MB): peak = 847.652 ; gain = 0.000
INFO: [Netlist 29-17] Analyzing 139 Unisim elements for replacement
INFO: [Netlist 29-28] Unisim Transformation completed in 0 CPU seconds
INFO: [Project 1-479] Netlist was created with Vivado 2025.1
INFO: [Project 1-570] Preparing netlist for logic optimization
Parsing XDC File [c:/Users/HP/.vscode/ro-puf/PUF_VIV.gen/sources_1/bd/puf_bd/ip/puf_bd_processing_system7_0_0/puf_bd_processing_system7_0_0.xdc] for cell 'puf_bd_i/processing_system7_0/inst'
Finished Parsing XDC File [c:/Users/HP/.vscode/ro-puf/PUF_VIV.gen/sources_1/bd/puf_bd/ip/puf_bd_processing_system7_0_0/puf_bd_processing_system7_0_0.xdc] for cell 'puf_bd_i/processing_system7_0/inst'
Parsing XDC File [c:/Users/HP/.vscode/ro-puf/PUF_VIV.gen/sources_1/bd/puf_bd/ip/puf_bd_axi_gpio_0_1/puf_bd_axi_gpio_0_1_board.xdc] for cell 'puf_bd_i/axi_gpio_0/U0'
Finished Parsing XDC File [c:/Users/HP/.vscode/ro-puf/PUF_VIV.gen/sources_1/bd/puf_bd/ip/puf_bd_axi_gpio_0_1/puf_bd_axi_gpio_0_1_board.xdc] for cell 'puf_bd_i/axi_gpio_0/U0'
Parsing XDC File [c:/Users/HP/.vscode/ro-puf/PUF_VIV.gen/sources_1/bd/puf_bd/ip/puf_bd_axi_gpio_1_1/puf_bd_axi_gpio_1_1_board.xdc] for cell 'puf_bd_i/axi_gpio_1/U0'
Finished Parsing XDC File [c:/Users/HP/.vscode/ro-puf/PUF_VIV.gen/sources_1/bd/puf_bd/ip/puf_bd_axi_gpio_1_1/puf_bd_axi_gpio_1_1_board.xdc] for cell 'puf_bd_i/axi_gpio_1/U0'
Parsing XDC File [c:/Users/HP/.vscode/ro-puf/PUF_VIV.gen/sources_1/bd/puf_bd/ip/puf_bd_axi_smc_0/bd_0/ip/ip_1/bd_d905_psr_aclk_0_board.xdc] for cell 'puf_bd_i/axi_smc/inst/clk_map/psr_aclk/U0'
Finished Parsing XDC File [c:/Users/HP/.vscode/ro-puf/PUF_VIV.gen/sources_1/bd/puf_bd/ip/puf_bd_axi_smc_0/bd_0/ip/ip_1/bd_d905_psr_aclk_0_board.xdc] for cell 'puf_bd_i/axi_smc/inst/clk_map/psr_aclk/U0'
Parsing XDC File [c:/Users/HP/.vscode/ro-puf/PUF_VIV.gen/sources_1/bd/puf_bd/ip/puf_bd_axi_smc_0/smartconnect.xdc] for cell 'puf_bd_i/axi_smc/inst'
Finished Parsing XDC File [c:/Users/HP/.vscode/ro-puf/PUF_VIV.gen/sources_1/bd/puf_bd/ip/puf_bd_axi_smc_0/smartconnect.xdc] for cell 'puf_bd_i/axi_smc/inst'
Parsing XDC File [c:/Users/HP/.vscode/ro-puf/PUF_VIV.gen/sources_1/bd/puf_bd/ip/puf_bd_rst_ps7_0_50M_0/puf_bd_rst_ps7_0_50M_0_board.xdc] for cell 'puf_bd_i/rst_ps7_0_50M/U0'
Finished Parsing XDC File [c:/Users/HP/.vscode/ro-puf/PUF_VIV.gen/sources_1/bd/puf_bd/ip/puf_bd_rst_ps7_0_50M_0/puf_bd_rst_ps7_0_50M_0_board.xdc] for cell 'puf_bd_i/rst_ps7_0_50M/U0'
Parsing XDC File [C:/Users/HP/.vscode/ro-puf/PUF_VIV.srcs/constrs_1/new/puf_constraints.xdc]
CRITICAL WARNING: [Common 17-55] 'set_property' expects at least one object. [C:/Users/HP/.vscode/ro-puf/PUF_VIV.srcs/constrs_1/new/puf_constraints.xdc:9]
Resolution: If [get_<value>] was used to populate the object, check to make sure this command returns at least one valid object.
Finished Parsing XDC File [C:/Users/HP/.vscode/ro-puf/PUF_VIV.srcs/constrs_1/new/puf_constraints.xdc]
INFO: [Project 1-1714] 51 XPM XDC files have been applied to the design.
INFO: [Opt 31-138] Pushed 0 inverter(s) to 0 load pin(s).
Netlist sorting complete. Time (s): cpu = 00:00:00 ; elapsed = 00:00:00.009 . Memory (MB): peak = 1596.879 ; gain = 0.000
INFO: [Project 1-111] Unisim Transformation Summary:
No Unisim elements were transformed.

18 Infos, 0 Warnings, 1 Critical Warnings and 0 Errors encountered.
link_design completed successfully
link_design: Time (s): cpu = 00:00:13 ; elapsed = 00:00:30 . Memory (MB): peak = 1596.879 ; gain = 989.367
Command: opt_design
Attempting to get a license for feature 'Implementation' and/or device 'xc7z020'
INFO: [Common 17-349] Got license for feature 'Implementation' and/or device 'xc7z020'
Running DRC as a precondition to command opt_design

Starting DRC Task
INFO: [DRC 23-27] Running DRC with 2 threads
INFO: [Project 1-461] DRC finished with 0 Errors
INFO: [Project 1-462] Please refer to the DRC report (report_drc) for more information.

Time (s): cpu = 00:00:01 ; elapsed = 00:00:01 . Memory (MB): peak = 1596.879 ; gain = 0.000

Starting Cache Timing Information Task
INFO: [Timing 38-35] Done setting XDC timing constraints.
Ending Cache Timing Information Task | Checksum: 108ce0edd

Time (s): cpu = 00:00:01 ; elapsed = 00:00:00.295 . Memory (MB): peak = 1596.879 ; gain = 0.000

Starting Logic Optimization Task

Phase 1 Initialization

Phase 1.1 Core Generation And Design Setup
Phase 1.1 Core Generation And Design Setup | Checksum: 108ce0edd

Time (s): cpu = 00:00:00 ; elapsed = 00:00:00.016 . Memory (MB): peak = 1996.387 ; gain = 0.000

Phase 1.2 Setup Constraints And Sort Netlist
Phase 1.2 Setup Constraints And Sort Netlist | Checksum: 108ce0edd

Time (s): cpu = 00:00:00 ; elapsed = 00:00:00.030 . Memory (MB): peak = 1996.387 ; gain = 0.000
Phase 1 Initialization | Checksum: 108ce0edd

Time (s): cpu = 00:00:00 ; elapsed = 00:00:00.033 . Memory (MB): peak = 1996.387 ; gain = 0.000

Phase 2 Timer Update And Timing Data Collection

Phase 2.1 Timer Update
Phase 2.1 Timer Update | Checksum: 108ce0edd

Time (s): cpu = 00:00:00 ; elapsed = 00:00:00.121 . Memory (MB): peak = 1996.387 ; gain = 0.000

Phase 2.2 Timing Data Collection
Phase 2.2 Timing Data Collection | Checksum: 108ce0edd

Time (s): cpu = 00:00:00 ; elapsed = 00:00:00.152 . Memory (MB): peak = 1996.387 ; gain = 0.000
Phase 2 Timer Update And Timing Data Collection | Checksum: 108ce0edd

Time (s): cpu = 00:00:00 ; elapsed = 00:00:00.155 . Memory (MB): peak = 1996.387 ; gain = 0.000

Phase 3 Retarget
INFO: [Opt 31-1851] Number of loadless carry chains removed were: 0
INFO: [Opt 31-1834] Total Chains To Be Transformed Were: 0 AND Number of Transformed insts Created are: 0
INFO: [Opt 31-138] Pushed 5 inverter(s) to 21 load pin(s).
INFO: [Opt 31-49] Retargeted 0 cell(s).
Phase 3 Retarget | Checksum: 1b12147f5

Time (s): cpu = 00:00:00 ; elapsed = 00:00:00.525 . Memory (MB): peak = 1996.387 ; gain = 0.000
Retarget | Checksum: 1b12147f5
INFO: [Opt 31-389] Phase Retarget created 10 cells and removed 40 cells
INFO: [Opt 31-1021] In phase Retarget, 10064 netlist objects are constrained preventing optimization. Please run opt_design with -debug_log to get more detail. 

Phase 4 Constant propagation
INFO: [Opt 31-138] Pushed 1 inverter(s) to 1 load pin(s).
Phase 4 Constant propagation | Checksum: 192ae5ad5

Time (s): cpu = 00:00:00 ; elapsed = 00:00:00.763 . Memory (MB): peak = 1996.387 ; gain = 0.000
Constant propagation | Checksum: 192ae5ad5
INFO: [Opt 31-389] Phase Constant propagation created 46 cells and removed 86 cells
INFO: [Opt 31-1021] In phase Constant propagation, 9808 netlist objects are constrained preventing optimization. Please run opt_design with -debug_log to get more detail. 

Phase 5 Sweep
INFO: [Constraints 18-11670] Building netlist checker database with flags, 0x8
Done building netlist checker database: Time (s): cpu = 00:00:00 ; elapsed = 00:00:00.003 . Memory (MB): peak = 1996.387 ; gain = 0.000
INFO: [Constraints 18-11670] Building netlist checker database with flags, 0x8
Done building netlist checker database: Time (s): cpu = 00:00:00 ; elapsed = 00:00:00.002 . Memory (MB): peak = 1996.387 ; gain = 0.000
Phase 5 Sweep | Checksum: 1eecc41a4

Time (s): cpu = 00:00:01 ; elapsed = 00:00:01 . Memory (MB): peak = 1996.387 ; gain = 0.000
Sweep | Checksum: 1eecc41a4
INFO: [Opt 31-389] Phase Sweep created 0 cells and removed 231 cells
INFO: [Opt 31-1021] In phase Sweep, 10340 netlist objects are constrained preventing optimization. Please run opt_design with -debug_log to get more detail. 

Phase 6 BUFG optimization
Phase 6 BUFG optimization | Checksum: 1eecc41a4

Time (s): cpu = 00:00:01 ; elapsed = 00:00:01 . Memory (MB): peak = 1996.387 ; gain = 0.000
BUFG optimization | Checksum: 1eecc41a4
INFO: [Opt 31-662] Phase BUFG optimization created 0 cells of which 0 are BUFGs and removed 0 cells.

Phase 7 Shift Register Optimization
INFO: [Opt 31-1064] SRL Remap converted 0 SRLs to 0 registers and converted 0 registers of register chains to 0 SRLs
Phase 7 Shift Register Optimization | Checksum: 1eecc41a4

Time (s): cpu = 00:00:01 ; elapsed = 00:00:01 . Memory (MB): peak = 1996.387 ; gain = 0.000
Shift Register Optimization | Checksum: 1eecc41a4
INFO: [Opt 31-389] Phase Shift Register Optimization created 0 cells and removed 0 cells

Phase 8 Post Processing Netlist
Phase 8 Post Processing Netlist | Checksum: 136f60adb

Time (s): cpu = 00:00:01 ; elapsed = 00:00:02 . Memory (MB): peak = 1996.387 ; gain = 0.000
Post Processing Netlist | Checksum: 136f60adb
INFO: [Opt 31-389] Phase Post Processing Netlist created 0 cells and removed 0 cells
INFO: [Opt 31-1021] In phase Post Processing Netlist, 10079 netlist objects are constrained preventing optimization. Please run opt_design with -debug_log to get more detail. 

Phase 9 Finalization

Phase 9.1 Finalizing Design Cores and Updating Shapes
Phase 9.1 Finalizing Design Cores and Updating Shapes | Checksum: 1c6369383

Time (s): cpu = 00:00:01 ; elapsed = 00:00:02 . Memory (MB): peak = 1996.387 ; gain = 0.000

Phase 9.2 Verifying Netlist Connectivity

Starting Connectivity Check Task

Time (s): cpu = 00:00:00 ; elapsed = 00:00:00.024 . Memory (MB): peak = 1996.387 ; gain = 0.000
Phase 9.2 Verifying Netlist Connectivity | Checksum: 1c6369383

Time (s): cpu = 00:00:01 ; elapsed = 00:00:02 . Memory (MB): peak = 1996.387 ; gain = 0.000
Phase 9 Finalization | Checksum: 1c6369383

Time (s): cpu = 00:00:01 ; elapsed = 00:00:02 . Memory (MB): peak = 1996.387 ; gain = 0.000
Opt_design Change Summary
=========================


-------------------------------------------------------------------------------------------------------------------------
|  Phase                        |  #Cells created  |  #Cells Removed  |  #Constrained objects preventing optimizations  |
-------------------------------------------------------------------------------------------------------------------------
|  Retarget                     |              10  |              40  |                                          10064  |
|  Constant propagation         |              46  |              86  |                                           9808  |
|  Sweep                        |               0  |             231  |                                          10340  |
|  BUFG optimization            |               0  |               0  |                                              0  |
|  Shift Register Optimization  |               0  |               0  |                                              0  |
|  Post Processing Netlist      |               0  |               0  |                                          10079  |
-------------------------------------------------------------------------------------------------------------------------


Ending Logic Optimization Task | Checksum: 1c6369383

Time (s): cpu = 00:00:01 ; elapsed = 00:00:02 . Memory (MB): peak = 1996.387 ; gain = 0.000

Starting Power Optimization Task
INFO: [Pwropt 34-132] Skipping clock gating for clocks with a period < 2.00 ns.
Ending Power Optimization Task | Checksum: 1c6369383

Time (s): cpu = 00:00:00 ; elapsed = 00:00:00.031 . Memory (MB): peak = 1996.387 ; gain = 0.000

Starting Final Cleanup Task
Ending Final Cleanup Task | Checksum: 1c6369383

Time (s): cpu = 00:00:00 ; elapsed = 00:00:00.002 . Memory (MB): peak = 1996.387 ; gain = 0.000

Starting Netlist Obfuscation Task
Netlist sorting complete. Time (s): cpu = 00:00:00 ; elapsed = 00:00:00.006 . Memory (MB): peak = 1996.387 ; gain = 0.000
Ending Netlist Obfuscation Task | Checksum: 1c6369383

Time (s): cpu = 00:00:00 ; elapsed = 00:00:00.009 . Memory (MB): peak = 1996.387 ; gain = 0.000
INFO: [Common 17-83] Releasing license: Implementation
43 Infos, 0 Warnings, 1 Critical Warnings and 0 Errors encountered.
opt_design completed successfully
opt_design: Time (s): cpu = 00:00:06 ; elapsed = 00:00:06 . Memory (MB): peak = 1996.387 ; gain = 399.508
INFO: [Vivado 12-24828] Executing command : report_drc -file puf_bd_wrapper_drc_opted.rpt -pb puf_bd_wrapper_drc_opted.pb -rpx puf_bd_wrapper_drc_opted.rpx
Command: report_drc -file puf_bd_wrapper_drc_opted.rpt -pb puf_bd_wrapper_drc_opted.pb -rpx puf_bd_wrapper_drc_opted.rpx
INFO: [IP_Flow 19-1839] IP Catalog is up to date.
INFO: [DRC 23-27] Running DRC with 2 threads
INFO: [Vivado_Tcl 2-168] The results of DRC are in file C:/Users/HP/.vscode/ro-puf/PUF_VIV.runs/impl_1/puf_bd_wrapper_drc_opted.rpt.
report_drc completed successfully
INFO: [Timing 38-480] Writing timing data to binary archive.
Wrote PlaceDB: Time (s): cpu = 00:00:00 ; elapsed = 00:00:00.031 . Memory (MB): peak = 1996.387 ; gain = 0.000
Wrote PulsedLatchDB: Time (s): cpu = 00:00:00 ; elapsed = 00:00:00.001 . Memory (MB): peak = 1996.387 ; gain = 0.000
Writing XDEF routing.
Write ShapeDB Complete: Time (s): cpu = 00:00:00 ; elapsed = 00:00:00.041 . Memory (MB): peak = 1996.387 ; gain = 0.000
Writing XDEF routing logical nets.
Writing XDEF routing special nets.
Wrote RouteStorage: Time (s): cpu = 00:00:00 ; elapsed = 00:00:00.074 . Memory (MB): peak = 1996.387 ; gain = 0.000
Wrote Netlist Cache: Time (s): cpu = 00:00:00 ; elapsed = 00:00:00.001 . Memory (MB): peak = 1996.387 ; gain = 0.000
Wrote Device Cache: Time (s): cpu = 00:00:00 ; elapsed = 00:00:00.028 . Memory (MB): peak = 1996.387 ; gain = 0.000
Write Physdb Complete: Time (s): cpu = 00:00:00 ; elapsed = 00:00:00.149 . Memory (MB): peak = 1996.387 ; gain = 0.000
INFO: [Common 17-1381] The checkpoint 'C:/Users/HP/.vscode/ro-puf/PUF_VIV.runs/impl_1/puf_bd_wrapper_opt.dcp' has been generated.
Command: place_design
Attempting to get a license for feature 'Implementation' and/or device 'xc7z020'
INFO: [Common 17-349] Got license for feature 'Implementation' and/or device 'xc7z020'
INFO: [Common 17-83] Releasing license: Implementation
INFO: [DRC 23-27] Running DRC with 2 threads
INFO: [Vivado_Tcl 4-198] DRC finished with 0 Errors
INFO: [Vivado_Tcl 4-199] Please refer to the DRC report (report_drc) for more information.
Running DRC as a precondition to command place_design
INFO: [DRC 23-27] Running DRC with 2 threads
CRITICAL WARNING: [DRC LUTLP-1] Combinatorial Loop Alert: 7 LUT cells form a combinatorial loop. This can create a race condition. Timing analysis may not be accurate. The preferred resolution is to modify the design to remove combinatorial logic loops. If the loop is known and understood, this DRC can be bypassed by acknowledging the condition and setting the following XDC constraint on any one of the nets in the loop: 'set_property ALLOW_COMBINATORIAL_LOOPS TRUE [get_nets <myHier/myNet>]'. One net in the loop is puf_bd_i/puf_top_0/inst/array/cells[0].cell_inst/g0[0].ro/w1. Please evaluate your design. The cells in the loop are: puf_bd_i/puf_top_0/inst/array/cells[0].cell_inst/g0[0].ro/w1_inferred_i_1, puf_bd_i/puf_top_0/inst/array/cells[0].cell_inst/g0[0].ro/w2_inferred_i_1, puf_bd_i/puf_top_0/inst/array/cells[0].cell_inst/g0[0].ro/w3_inferred_i_1, puf_bd_i/puf_top_0/inst/array/cells[0].cell_inst/g0[0].ro/w4_inferred_i_1, puf_bd_i/puf_top_0/inst/array/cells[0].cell_inst/g0[0].ro/w5_inferred_i_1, puf_bd_i/puf_top_0/inst/array/cells[0].cell_inst/g0[0].ro/w6_inferred_i_1, and puf_bd_i/puf_top_0/inst/array/cells[0].cell_inst/g0[0].ro/w7_inferred_i_1.
CRITICAL WARNING: [DRC LUTLP-1] Combinatorial Loop Alert: 7 LUT cells form a combinatorial loop. This can create a race condition. Timing analysis may not be accurate. The preferred resolution is to modify the design to remove combinatorial logic loops. If the loop is known and understood, this DRC can be bypassed by acknowledging the condition and setting the following XDC constraint on any one of the nets in the loop: 'set_property ALLOW_COMBINATORIAL_LOOPS TRUE [get_nets <myHier/myNet>]'. One net in the loop is puf_bd_i/puf_top_0/inst/array/cells[0].cell_inst/g0[10].ro/w1. Please evaluate your design. The cells in the loop are: puf_bd_i/puf_top_0/inst/array/cells[0].cell_inst/g0[10].ro/w1_inferred_i_1, puf_bd_i/puf_top_0/inst/array/cells[0].cell_inst/g0[10].ro/w2_inferred_i_1, puf_bd_i/puf_top_0/inst/array/cells[0].cell_inst/g0[10].ro/w3_inferred_i_1, puf_bd_i/puf_top_0/inst/array/cells[0].cell_inst/g0[10].ro/w4_inferred_i_1, puf_bd_i/puf_top_0/inst/array/cells[0].cell_inst/g0[10].ro/w5_inferred_i_1, puf_bd_i/puf_top_0/inst/array/cells[0].cell_inst/g0[10].ro/w6_inferred_i_1, and puf_bd_i/puf_top_0/inst/array/cells[0].cell_inst/g0[10].ro/w7_inferred_i_1.
CRITICAL WARNING: [DRC LUTLP-1] Combinatorial Loop Alert: 7 LUT cells form a combinatorial loop. This can create a race condition. Timing analysis may not be accurate. The preferred resolution is to modify the design to remove combinatorial logic loops. If the loop is known and understood, this DRC can be bypassed by acknowledging the condition and setting the following XDC constraint on any one of the nets in the loop: 'set_property ALLOW_COMBINATORIAL_LOOPS TRUE [get_nets <myHier/myNet>]'. One net in the loop is puf_bd_i/puf_top_0/inst/array/cells[0].cell_inst/g0[11].ro/w1. Please evaluate your design. The cells in the loop are: puf_bd_i/puf_top_0/inst/array/cells[0].cell_inst/g0[11].ro/w1_inferred_i_1, puf_bd_i/puf_top_0/inst/array/cells[0].cell_inst/g0[11].ro/w2_inferred_i_1, puf_bd_i/puf_top_0/inst/array/cells[0].cell_inst/g0[11].ro/w3_inferred_i_1, puf_bd_i/puf_top_0/inst/array/cells[0].cell_inst/g0[11].ro/w4_inferred_i_1, puf_bd_i/puf_top_0/inst/array/cells[0].cell_inst/g0[11].ro/w5_inferred_i_1, puf_bd_i/puf_top_0/inst/array/cells[0].cell_inst/g0[11].ro/w6_inferred_i_1, and puf_bd_i/puf_top_0/inst/array/cells[0].cell_inst/g0[11].ro/w7_inferred_i_1.
CRITICAL WARNING: [DRC LUTLP-1] Combinatorial Loop Alert: 7 LUT cells form a combinatorial loop. This can create a race condition. Timing analysis may not be accurate. The preferred resolution is to modify the design to remove combinatorial logic loops. If the loop is known and understood, this DRC can be bypassed by acknowledging the condition and setting the following XDC constraint on any one of the nets in the loop: 'set_property ALLOW_COMBINATORIAL_LOOPS TRUE [get_nets <myHier/myNet>]'. One net in the loop is puf_bd_i/puf_top_0/inst/array/cells[0].cell_inst/g0[12].ro/w1. Please evaluate your design. The cells in the loop are: puf_bd_i/puf_top_0/inst/array/cells[0].cell_inst/g0[12].ro/w1_inferred_i_1, puf_bd_i/puf_top_0/inst/array/cells[0].cell_inst/g0[12].ro/w2_inferred_i_1, puf_bd_i/puf_top_0/inst/array/cells[0].cell_inst/g0[12].ro/w3_inferred_i_1, puf_bd_i/puf_top_0/inst/array/cells[0].cell_inst/g0[12].ro/w4_inferred_i_1, puf_bd_i/puf_top_0/inst/array/cells[0].cell_inst/g0[12].ro/w5_inferred_i_1, puf_bd_i/puf_top_0/inst/array/cells[0].cell_inst/g0[12].ro/w6_inferred_i_1, and puf_bd_i/puf_top_0/inst/array/cells[0].cell_inst/g0[12].ro/w7_inferred_i_1.
CRITICAL WARNING: [DRC LUTLP-1] Combinatorial Loop Alert: 7 LUT cells form a combinatorial loop. This can create a race condition. Timing analysis may not be accurate. The preferred resolution is to modify the design to remove combinatorial logic loops. If the loop is known and understood, this DRC can be bypassed by acknowledging the condition and setting the following XDC constraint on any one of the nets in the loop: 'set_property ALLOW_COMBINATORIAL_LOOPS TRUE [get_nets <myHier/myNet>]'. One net in the loop is puf_bd_i/puf_top_0/inst/array/cells[0].cell_inst/g0[13].ro/w1. Please evaluate your design. The cells in the loop are: puf_bd_i/puf_top_0/inst/array/cells[0].cell_inst/g0[13].ro/w1_inferred_i_1, puf_bd_i/puf_top_0/inst/array/cells[0].cell_inst/g0[13].ro/w2_inferred_i_1, puf_bd_i/puf_top_0/inst/array/cells[0].cell_inst/g0[13].ro/w3_inferred_i_1, puf_bd_i/puf_top_0/inst/array/cells[0].cell_inst/g0[13].ro/w4_inferred_i_1, puf_bd_i/puf_top_0/inst/array/cells[0].cell_inst/g0[13].ro/w5_inferred_i_1, puf_bd_i/puf_top_0/inst/array/cells[0].cell_inst/g0[13].ro/w6_inferred_i_1, and puf_bd_i/puf_top_0/inst/array/cells[0].cell_inst/g0[13].ro/w7_inferred_i_1.
CRITICAL WARNING: [DRC LUTLP-1] Combinatorial Loop Alert: 7 LUT cells form a combinatorial loop. This can create a race condition. Timing analysis may not be accurate. The preferred resolution is to modify the design to remove combinatorial logic loops. If the loop is known and understood, this DRC can be bypassed by acknowledging the condition and setting the following XDC constraint on any one of the nets in the loop: 'set_property ALLOW_COMBINATORIAL_LOOPS TRUE [get_nets <myHier/myNet>]'. One net in the loop is puf_bd_i/puf_top_0/inst/array/cells[0].cell_inst/g0[14].ro/w1. Please evaluate your design. The cells in the loop are: puf_bd_i/puf_top_0/inst/array/cells[0].cell_inst/g0[14].ro/w1_inferred_i_1, puf_bd_i/puf_top_0/inst/array/cells[0].cell_inst/g0[14].ro/w2_inferred_i_1, puf_bd_i/puf_top_0/inst/array/cells[0].cell_inst/g0[14].ro/w3_inferred_i_1, puf_bd_i/puf_top_0/inst/array/cells[0].cell_inst/g0[14].ro/w4_inferred_i_1, puf_bd_i/puf_top_0/inst/array/cells[0].cell_inst/g0[14].ro/w5_inferred_i_1, puf_bd_i/puf_top_0/inst/array/cells[0].cell_inst/g0[14].ro/w6_inferred_i_1, and puf_bd_i/puf_top_0/inst/array/cells[0].cell_inst/g0[14].ro/w7_inferred_i_1.
CRITICAL WARNING: [DRC LUTLP-1] Combinatorial Loop Alert: 7 LUT cells form a combinatorial loop. This can create a race condition. Timing analysis may not be accurate. The preferred resolution is to modify the design to remove combinatorial logic loops. If the loop is known and understood, this DRC can be bypassed by acknowledging the condition and setting the following XDC constraint on any one of the nets in the loop: 'set_property ALLOW_COMBINATORIAL_LOOPS TRUE [get_nets <myHier/myNet>]'. One net in the loop is puf_bd_i/puf_top_0/inst/array/cells[0].cell_inst/g0[15].ro/w1. Please evaluate your design. The cells in the loop are: puf_bd_i/puf_top_0/inst/array/cells[0].cell_inst/g0[15].ro/w1_inferred_i_1, puf_bd_i/puf_top_0/inst/array/cells[0].cell_inst/g0[15].ro/w2_inferred_i_1, puf_bd_i/puf_top_0/inst/array/cells[0].cell_inst/g0[15].ro/w3_inferred_i_1, puf_bd_i/puf_top_0/inst/array/cells[0].cell_inst/g0[15].ro/w4_inferred_i_1, puf_bd_i/puf_top_0/inst/array/cells[0].cell_inst/g0[15].ro/w5_inferred_i_1, puf_bd_i/puf_top_0/inst/array/cells[0].cell_inst/g0[15].ro/w6_inferred_i_1, and puf_bd_i/puf_top_0/inst/array/cells[0].cell_inst/g0[15].ro/w7_inferred_i_1.
CRITICAL WARNING: [DRC LUTLP-1] Combinatorial Loop Alert: 7 LUT cells form a combinatorial loop. This can create a race condition. Timing analysis may not be accurate. The preferred resolution is to modify the design to remove combinatorial logic loops. If the loop is known and understood, this DRC can be bypassed by acknowledging the condition and setting the following XDC constraint on any one of the nets in the loop: 'set_property ALLOW_COMBINATORIAL_LOOPS TRUE [get_nets <myHier/myNet>]'. One net in the loop is puf_bd_i/puf_top_0/inst/array/cells[0].cell_inst/g0[1].ro/w1. Please evaluate your design. The cells in the loop are: puf_bd_i/puf_top_0/inst/array/cells[0].cell_inst/g0[1].ro/w1_inferred_i_1, puf_bd_i/puf_top_0/inst/array/cells[0].cell_inst/g0[1].ro/w2_inferred_i_1, puf_bd_i/puf_top_0/inst/array/cells[0].cell_inst/g0[1].ro/w3_inferred_i_1, puf_bd_i/puf_top_0/inst/array/cells[0].cell_inst/g0[1].ro/w4_inferred_i_1, puf_bd_i/puf_top_0/inst/array/cells[0].cell_inst/g0[1].ro/w5_inferred_i_1, puf_bd_i/puf_top_0/inst/array/cells[0].cell_inst/g0[1].ro/w6_inferred_i_1, and puf_bd_i/puf_top_0/inst/array/cells[0].cell_inst/g0[1].ro/w7_inferred_i_1.
CRITICAL WARNING: [DRC LUTLP-1] Combinatorial Loop Alert: 7 LUT cells form a combinatorial loop. This can create a race condition. Timing analysis may not be accurate. The preferred resolution is to modify the design to remove combinatorial logic loops. If the loop is known and understood, this DRC can be bypassed by acknowledging the condition and setting the following XDC constraint on any one of the nets in the loop: 'set_property ALLOW_COMBINATORIAL_LOOPS TRUE [get_nets <myHier/myNet>]'. One net in the loop is puf_bd_i/puf_top_0/inst/array/cells[0].cell_inst/g0[2].ro/w1. Please evaluate your design. The cells in the loop are: puf_bd_i/puf_top_0/inst/array/cells[0].cell_inst/g0[2].ro/w1_inferred_i_1, puf_bd_i/puf_top_0/inst/array/cells[0].cell_inst/g0[2].ro/w2_inferred_i_1, puf_bd_i/puf_top_0/inst/array/cells[0].cell_inst/g0[2].ro/w3_inferred_i_1, puf_bd_i/puf_top_0/inst/array/cells[0].cell_inst/g0[2].ro/w4_inferred_i_1, puf_bd_i/puf_top_0/inst/array/cells[0].cell_inst/g0[2].ro/w5_inferred_i_1, puf_bd_i/puf_top_0/inst/array/cells[0].cell_inst/g0[2].ro/w6_inferred_i_1, and puf_bd_i/puf_top_0/inst/array/cells[0].cell_inst/g0[2].ro/w7_inferred_i_1.
CRITICAL WARNING: [DRC LUTLP-1] Combinatorial Loop Alert: 7 LUT cells form a combinatorial loop. This can create a race condition. Timing analysis may not be accurate. The preferred resolution is to modify the design to remove combinatorial logic loops. If the loop is known and understood, this DRC can be bypassed by acknowledging the condition and setting the following XDC constraint on any one of the nets in the loop: 'set_property ALLOW_COMBINATORIAL_LOOPS TRUE [get_nets <myHier/myNet>]'. One net in the loop is puf_bd_i/puf_top_0/inst/array/cells[0].cell_inst/g0[3].ro/w1. Please evaluate your design. The cells in the loop are: puf_bd_i/puf_top_0/inst/array/cells[0].cell_inst/g0[3].ro/w1_inferred_i_1, puf_bd_i/puf_top_0/inst/array/cells[0].cell_inst/g0[3].ro/w2_inferred_i_1, puf_bd_i/puf_top_0/inst/array/cells[0].cell_inst/g0[3].ro/w3_inferred_i_1, puf_bd_i/puf_top_0/inst/array/cells[0].cell_inst/g0[3].ro/w4_inferred_i_1, puf_bd_i/puf_top_0/inst/array/cells[0].cell_inst/g0[3].ro/w5_inferred_i_1, puf_bd_i/puf_top_0/inst/array/cells[0].cell_inst/g0[3].ro/w6_inferred_i_1, and puf_bd_i/puf_top_0/inst/array/cells[0].cell_inst/g0[3].ro/w7_inferred_i_1.
CRITICAL WARNING: [DRC LUTLP-1] Combinatorial Loop Alert: 7 LUT cells form a combinatorial loop. This can create a race condition. Timing analysis may not be accurate. The preferred resolution is to modify the design to remove combinatorial logic loops. If the loop is known and understood, this DRC can be bypassed by acknowledging the condition and setting the following XDC constraint on any one of the nets in the loop: 'set_property ALLOW_COMBINATORIAL_LOOPS TRUE [get_nets <myHier/myNet>]'. One net in the loop is puf_bd_i/puf_top_0/inst/array/cells[0].cell_inst/g0[4].ro/w1. Please evaluate your design. The cells in the loop are: puf_bd_i/puf_top_0/inst/array/cells[0].cell_inst/g0[4].ro/w1_inferred_i_1, puf_bd_i/puf_top_0/inst/array/cells[0].cell_inst/g0[4].ro/w2_inferred_i_1, puf_bd_i/puf_top_0/inst/array/cells[0].cell_inst/g0[4].ro/w3_inferred_i_1, puf_bd_i/puf_top_0/inst/array/cells[0].cell_inst/g0[4].ro/w4_inferred_i_1, puf_bd_i/puf_top_0/inst/array/cells[0].cell_inst/g0[4].ro/w5_inferred_i_1, puf_bd_i/puf_top_0/inst/array/cells[0].cell_inst/g0[4].ro/w6_inferred_i_1, and puf_bd_i/puf_top_0/inst/array/cells[0].cell_inst/g0[4].ro/w7_inferred_i_1.
CRITICAL WARNING: [DRC LUTLP-1] Combinatorial Loop Alert: 7 LUT cells form a combinatorial loop. This can create a race condition. Timing analysis may not be accurate. The preferred resolution is to modify the design to remove combinatorial logic loops. If the loop is known and understood, this DRC can be bypassed by acknowledging the condition and setting the following XDC constraint on any one of the nets in the loop: 'set_property ALLOW_COMBINATORIAL_LOOPS TRUE [get_nets <myHier/myNet>]'. One net in the loop is puf_bd_i/puf_top_0/inst/array/cells[0].cell_inst/g0[5].ro/w1. Please evaluate your design. The cells in the loop are: puf_bd_i/puf_top_0/inst/array/cells[0].cell_inst/g0[5].ro/w1_inferred_i_1, puf_bd_i/puf_top_0/inst/array/cells[0].cell_inst/g0[5].ro/w2_inferred_i_1, puf_bd_i/puf_top_0/inst/array/cells[0].cell_inst/g0[5].ro/w3_inferred_i_1, puf_bd_i/puf_top_0/inst/array/cells[0].cell_inst/g0[5].ro/w4_inferred_i_1, puf_bd_i/puf_top_0/inst/array/cells[0].cell_inst/g0[5].ro/w5_inferred_i_1, puf_bd_i/puf_top_0/inst/array/cells[0].cell_inst/g0[5].ro/w6_inferred_i_1, and puf_bd_i/puf_top_0/inst/array/cells[0].cell_inst/g0[5].ro/w7_inferred_i_1.
CRITICAL WARNING: [DRC LUTLP-1] Combinatorial Loop Alert: 7 LUT cells form a combinatorial loop. This can create a race condition. Timing analysis may not be accurate. The preferred resolution is to modify the design to remove combinatorial logic loops. If the loop is known and understood, this DRC can be bypassed by acknowledging the condition and setting the following XDC constraint on any one of the nets in the loop: 'set_property ALLOW_COMBINATORIAL_LOOPS TRUE [get_nets <myHier/myNet>]'. One net in the loop is puf_bd_i/puf_top_0/inst/array/cells[0].cell_inst/g0[6].ro/w1. Please evaluate your design. The cells in the loop are: puf_bd_i/puf_top_0/inst/array/cells[0].cell_inst/g0[6].ro/w1_inferred_i_1, puf_bd_i/puf_top_0/inst/array/cells[0].cell_inst/g0[6].ro/w2_inferred_i_1, puf_bd_i/puf_top_0/inst/array/cells[0].cell_inst/g0[6].ro/w3_inferred_i_1, puf_bd_i/puf_top_0/inst/array/cells[0].cell_inst/g0[6].ro/w4_inferred_i_1, puf_bd_i/puf_top_0/inst/array/cells[0].cell_inst/g0[6].ro/w5_inferred_i_1, puf_bd_i/puf_top_0/inst/array/cells[0].cell_inst/g0[6].ro/w6_inferred_i_1, and puf_bd_i/puf_top_0/inst/array/cells[0].cell_inst/g0[6].ro/w7_inferred_i_1.
CRITICAL WARNING: [DRC LUTLP-1] Combinatorial Loop Alert: 7 LUT cells form a combinatorial loop. This can create a race condition. Timing analysis may not be accurate. The preferred resolution is to modify the design to remove combinatorial logic loops. If the loop is known and understood, this DRC can be bypassed by acknowledging the condition and setting the following XDC constraint on any one of the nets in the loop: 'set_property ALLOW_COMBINATORIAL_LOOPS TRUE [get_nets <myHier/myNet>]'. One net in the loop is puf_bd_i/puf_top_0/inst/array/cells[0].cell_inst/g0[7].ro/w1. Please evaluate your design. The cells in the loop are: puf_bd_i/puf_top_0/inst/array/cells[0].cell_inst/g0[7].ro/w1_inferred_i_1, puf_bd_i/puf_top_0/inst/array/cells[0].cell_inst/g0[7].ro/w2_inferred_i_1, puf_bd_i/puf_top_0/inst/array/cells[0].cell_inst/g0[7].ro/w3_inferred_i_1, puf_bd_i/puf_top_0/inst/array/cells[0].cell_inst/g0[7].ro/w4_inferred_i_1, puf_bd_i/puf_top_0/inst/array/cells[0].cell_inst/g0[7].ro/w5_inferred_i_1, puf_bd_i/puf_top_0/inst/array/cells[0].cell_inst/g0[7].ro/w6_inferred_i_1, and puf_bd_i/puf_top_0/inst/array/cells[0].cell_inst/g0[7].ro/w7_inferred_i_1.
CRITICAL WARNING: [DRC LUTLP-1] Combinatorial Loop Alert: 7 LUT cells form a combinatorial loop. This can create a race condition. Timing analysis may not be accurate. The preferred resolution is to modify the design to remove combinatorial logic loops. If the loop is known and understood, this DRC can be bypassed by acknowledging the condition and setting the following XDC constraint on any one of the nets in the loop: 'set_property ALLOW_COMBINATORIAL_LOOPS TRUE [get_nets <myHier/myNet>]'. One net in the loop is puf_bd_i/puf_top_0/inst/array/cells[0].cell_inst/g0[8].ro/w1. Please evaluate your design. The cells in the loop are: puf_bd_i/puf_top_0/inst/array/cells[0].cell_inst/g0[8].ro/w1_inferred_i_1, puf_bd_i/puf_top_0/inst/array/cells[0].cell_inst/g0[8].ro/w2_inferred_i_1, puf_bd_i/puf_top_0/inst/array/cells[0].cell_inst/g0[8].ro/w3_inferred_i_1, puf_bd_i/puf_top_0/inst/array/cells[0].cell_inst/g0[8].ro/w4_inferred_i_1, puf_bd_i/puf_top_0/inst/array/cells[0].cell_inst/g0[8].ro/w5_inferred_i_1, puf_bd_i/puf_top_0/inst/array/cells[0].cell_inst/g0[8].ro/w6_inferred_i_1, and puf_bd_i/puf_top_0/inst/array/cells[0].cell_inst/g0[8].ro/w7_inferred_i_1.
CRITICAL WARNING: [DRC LUTLP-1] Combinatorial Loop Alert: 7 LUT cells form a combinatorial loop. This can create a race condition. Timing analysis may not be accurate. The preferred resolution is to modify the design to remove combinatorial logic loops. If the loop is known and understood, this DRC can be bypassed by acknowledging the condition and setting the following XDC constraint on any one of the nets in the loop: 'set_property ALLOW_COMBINATORIAL_LOOPS TRUE [get_nets <myHier/myNet>]'. One net in the loop is puf_bd_i/puf_top_0/inst/array/cells[0].cell_inst/g0[9].ro/w1. Please evaluate your design. The cells in the loop are: puf_bd_i/puf_top_0/inst/array/cells[0].cell_inst/g0[9].ro/w1_inferred_i_1, puf_bd_i/puf_top_0/inst/array/cells[0].cell_inst/g0[9].ro/w2_inferred_i_1, puf_bd_i/puf_top_0/inst/array/cells[0].cell_inst/g0[9].ro/w3_inferred_i_1, puf_bd_i/puf_top_0/inst/array/cells[0].cell_inst/g0[9].ro/w4_inferred_i_1, puf_bd_i/puf_top_0/inst/array/cells[0].cell_inst/g0[9].ro/w5_inferred_i_1, puf_bd_i/puf_top_0/inst/array/cells[0].cell_inst/g0[9].ro/w6_inferred_i_1, and puf_bd_i/puf_top_0/inst/array/cells[0].cell_inst/g0[9].ro/w7_inferred_i_1.
CRITICAL WARNING: [DRC LUTLP-1] Combinatorial Loop Alert: 7 LUT cells form a combinatorial loop. This can create a race condition. Timing analysis may not be accurate. The preferred resolution is to modify the design to remove combinatorial logic loops. If the loop is known and understood, this DRC can be bypassed by acknowledging the condition and setting the following XDC constraint on any one of the nets in the loop: 'set_property ALLOW_COMBINATORIAL_LOOPS TRUE [get_nets <myHier/myNet>]'. One net in the loop is puf_bd_i/puf_top_0/inst/array/cells[0].cell_inst/g1[0].ro/w1. Please evaluate your design. The cells in the loop are: puf_bd_i/puf_top_0/inst/array/cells[0].cell_inst/g1[0].ro/w1_inferred_i_1, puf_bd_i/puf_top_0/inst/array/cells[0].cell_inst/g1[0].ro/w2_inferred_i_1, puf_bd_i/puf_top_0/inst/array/cells[0].cell_inst/g1[0].ro/w3_inferred_i_1, puf_bd_i/puf_top_0/inst/array/cells[0].cell_inst/g1[0].ro/w4_inferred_i_1, puf_bd_i/puf_top_0/inst/array/cells[0].cell_inst/g1[0].ro/w5_inferred_i_1, puf_bd_i/puf_top_0/inst/array/cells[0].cell_inst/g1[0].ro/w6_inferred_i_1, and puf_bd_i/puf_top_0/inst/array/cells[0].cell_inst/g1[0].ro/w7_inferred_i_1.
CRITICAL WARNING: [DRC LUTLP-1] Combinatorial Loop Alert: 7 LUT cells form a combinatorial loop. This can create a race condition. Timing analysis may not be accurate. The preferred resolution is to modify the design to remove combinatorial logic loops. If the loop is known and understood, this DRC can be bypassed by acknowledging the condition and setting the following XDC constraint on any one of the nets in the loop: 'set_property ALLOW_COMBINATORIAL_LOOPS TRUE [get_nets <myHier/myNet>]'. One net in the loop is puf_bd_i/puf_top_0/inst/array/cells[0].cell_inst/g1[10].ro/w1. Please evaluate your design. The cells in the loop are: puf_bd_i/puf_top_0/inst/array/cells[0].cell_inst/g1[10].ro/w1_inferred_i_1, puf_bd_i/puf_top_0/inst/array/cells[0].cell_inst/g1[10].ro/w2_inferred_i_1, puf_bd_i/puf_top_0/inst/array/cells[0].cell_inst/g1[10].ro/w3_inferred_i_1, puf_bd_i/puf_top_0/inst/array/cells[0].cell_inst/g1[10].ro/w4_inferred_i_1, puf_bd_i/puf_top_0/inst/array/cells[0].cell_inst/g1[10].ro/w5_inferred_i_1, puf_bd_i/puf_top_0/inst/array/cells[0].cell_inst/g1[10].ro/w6_inferred_i_1, and puf_bd_i/puf_top_0/inst/array/cells[0].cell_inst/g1[10].ro/w7_inferred_i_1.
CRITICAL WARNING: [DRC LUTLP-1] Combinatorial Loop Alert: 7 LUT cells form a combinatorial loop. This can create a race condition. Timing analysis may not be accurate. The preferred resolution is to modify the design to remove combinatorial logic loops. If the loop is known and understood, this DRC can be bypassed by acknowledging the condition and setting the following XDC constraint on any one of the nets in the loop: 'set_property ALLOW_COMBINATORIAL_LOOPS TRUE [get_nets <myHier/myNet>]'. One net in the loop is puf_bd_i/puf_top_0/inst/array/cells[0].cell_inst/g1[11].ro/w1. Please evaluate your design. The cells in the loop are: puf_bd_i/puf_top_0/inst/array/cells[0].cell_inst/g1[11].ro/w1_inferred_i_1, puf_bd_i/puf_top_0/inst/array/cells[0].cell_inst/g1[11].ro/w2_inferred_i_1, puf_bd_i/puf_top_0/inst/array/cells[0].cell_inst/g1[11].ro/w3_inferred_i_1, puf_bd_i/puf_top_0/inst/array/cells[0].cell_inst/g1[11].ro/w4_inferred_i_1, puf_bd_i/puf_top_0/inst/array/cells[0].cell_inst/g1[11].ro/w5_inferred_i_1, puf_bd_i/puf_top_0/inst/array/cells[0].cell_inst/g1[11].ro/w6_inferred_i_1, and puf_bd_i/puf_top_0/inst/array/cells[0].cell_inst/g1[11].ro/w7_inferred_i_1.
CRITICAL WARNING: [DRC LUTLP-1] Combinatorial Loop Alert: 7 LUT cells form a combinatorial loop. This can create a race condition. Timing analysis may not be accurate. The preferred resolution is to modify the design to remove combinatorial logic loops. If the loop is known and understood, this DRC can be bypassed by acknowledging the condition and setting the following XDC constraint on any one of the nets in the loop: 'set_property ALLOW_COMBINATORIAL_LOOPS TRUE [get_nets <myHier/myNet>]'. One net in the loop is puf_bd_i/puf_top_0/inst/array/cells[0].cell_inst/g1[12].ro/w1. Please evaluate your design. The cells in the loop are: puf_bd_i/puf_top_0/inst/array/cells[0].cell_inst/g1[12].ro/w1_inferred_i_1, puf_bd_i/puf_top_0/inst/array/cells[0].cell_inst/g1[12].ro/w2_inferred_i_1, puf_bd_i/puf_top_0/inst/array/cells[0].cell_inst/g1[12].ro/w3_inferred_i_1, puf_bd_i/puf_top_0/inst/array/cells[0].cell_inst/g1[12].ro/w4_inferred_i_1, puf_bd_i/puf_top_0/inst/array/cells[0].cell_inst/g1[12].ro/w5_inferred_i_1, puf_bd_i/puf_top_0/inst/array/cells[0].cell_inst/g1[12].ro/w6_inferred_i_1, and puf_bd_i/puf_top_0/inst/array/cells[0].cell_inst/g1[12].ro/w7_inferred_i_1.
CRITICAL WARNING: [DRC LUTLP-1] Combinatorial Loop Alert: 7 LUT cells form a combinatorial loop. This can create a race condition. Timing analysis may not be accurate. The preferred resolution is to modify the design to remove combinatorial logic loops. If the loop is known and understood, this DRC can be bypassed by acknowledging the condition and setting the following XDC constraint on any one of the nets in the loop: 'set_property ALLOW_COMBINATORIAL_LOOPS TRUE [get_nets <myHier/myNet>]'. One net in the loop is puf_bd_i/puf_top_0/inst/array/cells[0].cell_inst/g1[13].ro/w1. Please evaluate your design. The cells in the loop are: puf_bd_i/puf_top_0/inst/array/cells[0].cell_inst/g1[13].ro/w1_inferred_i_1, puf_bd_i/puf_top_0/inst/array/cells[0].cell_inst/g1[13].ro/w2_inferred_i_1, puf_bd_i/puf_top_0/inst/array/cells[0].cell_inst/g1[13].ro/w3_inferred_i_1, puf_bd_i/puf_top_0/inst/array/cells[0].cell_inst/g1[13].ro/w4_inferred_i_1, puf_bd_i/puf_top_0/inst/array/cells[0].cell_inst/g1[13].ro/w5_inferred_i_1, puf_bd_i/puf_top_0/inst/array/cells[0].cell_inst/g1[13].ro/w6_inferred_i_1, and puf_bd_i/puf_top_0/inst/array/cells[0].cell_inst/g1[13].ro/w7_inferred_i_1.
CRITICAL WARNING: [DRC LUTLP-1] Combinatorial Loop Alert: 7 LUT cells form a combinatorial loop. This can create a race condition. Timing analysis may not be accurate. The preferred resolution is to modify the design to remove combinatorial logic loops. If the loop is known and understood, this DRC can be bypassed by acknowledging the condition and setting the following XDC constraint on any one of the nets in the loop: 'set_property ALLOW_COMBINATORIAL_LOOPS TRUE [get_nets <myHier/myNet>]'. One net in the loop is puf_bd_i/puf_top_0/inst/array/cells[0].cell_inst/g1[14].ro/w1. Please evaluate your design. The cells in the loop are: puf_bd_i/puf_top_0/inst/array/cells[0].cell_inst/g1[14].ro/w1_inferred_i_1, puf_bd_i/puf_top_0/inst/array/cells[0].cell_inst/g1[14].ro/w2_inferred_i_1, puf_bd_i/puf_top_0/inst/array/cells[0].cell_inst/g1[14].ro/w3_inferred_i_1, puf_bd_i/puf_top_0/inst/array/cells[0].cell_inst/g1[14].ro/w4_inferred_i_1, puf_bd_i/puf_top_0/inst/array/cells[0].cell_inst/g1[14].ro/w5_inferred_i_1, puf_bd_i/puf_top_0/inst/array/cells[0].cell_inst/g1[14].ro/w6_inferred_i_1, and puf_bd_i/puf_top_0/inst/array/cells[0].cell_inst/g1[14].ro/w7_inferred_i_1.
CRITICAL WARNING: [DRC LUTLP-1] Combinatorial Loop Alert: 7 LUT cells form a combinatorial loop. This can create a race condition. Timing analysis may not be accurate. The preferred resolution is to modify the design to remove combinatorial logic loops. If the loop is known and understood, this DRC can be bypassed by acknowledging the condition and setting the following XDC constraint on any one of the nets in the loop: 'set_property ALLOW_COMBINATORIAL_LOOPS TRUE [get_nets <myHier/myNet>]'. One net in the loop is puf_bd_i/puf_top_0/inst/array/cells[0].cell_inst/g1[15].ro/w1. Please evaluate your design. The cells in the loop are: puf_bd_i/puf_top_0/inst/array/cells[0].cell_inst/g1[15].ro/w1_inferred_i_1, puf_bd_i/puf_top_0/inst/array/cells[0].cell_inst/g1[15].ro/w2_inferred_i_1, puf_bd_i/puf_top_0/inst/array/cells[0].cell_inst/g1[15].ro/w3_inferred_i_1, puf_bd_i/puf_top_0/inst/array/cells[0].cell_inst/g1[15].ro/w4_inferred_i_1, puf_bd_i/puf_top_0/inst/array/cells[0].cell_inst/g1[15].ro/w5_inferred_i_1, puf_bd_i/puf_top_0/inst/array/cells[0].cell_inst/g1[15].ro/w6_inferred_i_1, and puf_bd_i/puf_top_0/inst/array/cells[0].cell_inst/g1[15].ro/w7_inferred_i_1.
CRITICAL WARNING: [DRC LUTLP-1] Combinatorial Loop Alert: 7 LUT cells form a combinatorial loop. This can create a race condition. Timing analysis may not be accurate. The preferred resolution is to modify the design to remove combinatorial logic loops. If the loop is known and understood, this DRC can be bypassed by acknowledging the condition and setting the following XDC constraint on any one of the nets in the loop: 'set_property ALLOW_COMBINATORIAL_LOOPS TRUE [get_nets <myHier/myNet>]'. One net in the loop is puf_bd_i/puf_top_0/inst/array/cells[0].cell_inst/g1[1].ro/w1. Please evaluate your design. The cells in the loop are: puf_bd_i/puf_top_0/inst/array/cells[0].cell_inst/g1[1].ro/w1_inferred_i_1, puf_bd_i/puf_top_0/inst/array/cells[0].cell_inst/g1[1].ro/w2_inferred_i_1, puf_bd_i/puf_top_0/inst/array/cells[0].cell_inst/g1[1].ro/w3_inferred_i_1, puf_bd_i/puf_top_0/inst/array/cells[0].cell_inst/g1[1].ro/w4_inferred_i_1, puf_bd_i/puf_top_0/inst/array/cells[0].cell_inst/g1[1].ro/w5_inferred_i_1, puf_bd_i/puf_top_0/inst/array/cells[0].cell_inst/g1[1].ro/w6_inferred_i_1, and puf_bd_i/puf_top_0/inst/array/cells[0].cell_inst/g1[1].ro/w7_inferred_i_1.
CRITICAL WARNING: [DRC LUTLP-1] Combinatorial Loop Alert: 7 LUT cells form a combinatorial loop. This can create a race condition. Timing analysis may not be accurate. The preferred resolution is to modify the design to remove combinatorial logic loops. If the loop is known and understood, this DRC can be bypassed by acknowledging the condition and setting the following XDC constraint on any one of the nets in the loop: 'set_property ALLOW_COMBINATORIAL_LOOPS TRUE [get_nets <myHier/myNet>]'. One net in the loop is puf_bd_i/puf_top_0/inst/array/cells[0].cell_inst/g1[2].ro/w1. Please evaluate your design. The cells in the loop are: puf_bd_i/puf_top_0/inst/array/cells[0].cell_inst/g1[2].ro/w1_inferred_i_1, puf_bd_i/puf_top_0/inst/array/cells[0].cell_inst/g1[2].ro/w2_inferred_i_1, puf_bd_i/puf_top_0/inst/array/cells[0].cell_inst/g1[2].ro/w3_inferred_i_1, puf_bd_i/puf_top_0/inst/array/cells[0].cell_inst/g1[2].ro/w4_inferred_i_1, puf_bd_i/puf_top_0/inst/array/cells[0].cell_inst/g1[2].ro/w5_inferred_i_1, puf_bd_i/puf_top_0/inst/array/cells[0].cell_inst/g1[2].ro/w6_inferred_i_1, and puf_bd_i/puf_top_0/inst/array/cells[0].cell_inst/g1[2].ro/w7_inferred_i_1.
CRITICAL WARNING: [DRC LUTLP-1] Combinatorial Loop Alert: 7 LUT cells form a combinatorial loop. This can create a race condition. Timing analysis may not be accurate. The preferred resolution is to modify the design to remove combinatorial logic loops. If the loop is known and understood, this DRC can be bypassed by acknowledging the condition and setting the following XDC constraint on any one of the nets in the loop: 'set_property ALLOW_COMBINATORIAL_LOOPS TRUE [get_nets <myHier/myNet>]'. One net in the loop is puf_bd_i/puf_top_0/inst/array/cells[0].cell_inst/g1[3].ro/w1. Please evaluate your design. The cells in the loop are: puf_bd_i/puf_top_0/inst/array/cells[0].cell_inst/g1[3].ro/w1_inferred_i_1, puf_bd_i/puf_top_0/inst/array/cells[0].cell_inst/g1[3].ro/w2_inferred_i_1, puf_bd_i/puf_top_0/inst/array/cells[0].cell_inst/g1[3].ro/w3_inferred_i_1, puf_bd_i/puf_top_0/inst/array/cells[0].cell_inst/g1[3].ro/w4_inferred_i_1, puf_bd_i/puf_top_0/inst/array/cells[0].cell_inst/g1[3].ro/w5_inferred_i_1, puf_bd_i/puf_top_0/inst/array/cells[0].cell_inst/g1[3].ro/w6_inferred_i_1, and puf_bd_i/puf_top_0/inst/array/cells[0].cell_inst/g1[3].ro/w7_inferred_i_1.
CRITICAL WARNING: [DRC LUTLP-1] Combinatorial Loop Alert: 7 LUT cells form a combinatorial loop. This can create a race condition. Timing analysis may not be accurate. The preferred resolution is to modify the design to remove combinatorial logic loops. If the loop is known and understood, this DRC can be bypassed by acknowledging the condition and setting the following XDC constraint on any one of the nets in the loop: 'set_property ALLOW_COMBINATORIAL_LOOPS TRUE [get_nets <myHier/myNet>]'. One net in the loop is puf_bd_i/puf_top_0/inst/array/cells[0].cell_inst/g1[4].ro/w1. Please evaluate your design. The cells in the loop are: puf_bd_i/puf_top_0/inst/array/cells[0].cell_inst/g1[4].ro/w1_inferred_i_1, puf_bd_i/puf_top_0/inst/array/cells[0].cell_inst/g1[4].ro/w2_inferred_i_1, puf_bd_i/puf_top_0/inst/array/cells[0].cell_inst/g1[4].ro/w3_inferred_i_1, puf_bd_i/puf_top_0/inst/array/cells[0].cell_inst/g1[4].ro/w4_inferred_i_1, puf_bd_i/puf_top_0/inst/array/cells[0].cell_inst/g1[4].ro/w5_inferred_i_1, puf_bd_i/puf_top_0/inst/array/cells[0].cell_inst/g1[4].ro/w6_inferred_i_1, and puf_bd_i/puf_top_0/inst/array/cells[0].cell_inst/g1[4].ro/w7_inferred_i_1.
CRITICAL WARNING: [DRC LUTLP-1] Combinatorial Loop Alert: 7 LUT cells form a combinatorial loop. This can create a race condition. Timing analysis may not be accurate. The preferred resolution is to modify the design to remove combinatorial logic loops. If the loop is known and understood, this DRC can be bypassed by acknowledging the condition and setting the following XDC constraint on any one of the nets in the loop: 'set_property ALLOW_COMBINATORIAL_LOOPS TRUE [get_nets <myHier/myNet>]'. One net in the loop is puf_bd_i/puf_top_0/inst/array/cells[0].cell_inst/g1[5].ro/w1. Please evaluate your design. The cells in the loop are: puf_bd_i/puf_top_0/inst/array/cells[0].cell_inst/g1[5].ro/w1_inferred_i_1, puf_bd_i/puf_top_0/inst/array/cells[0].cell_inst/g1[5].ro/w2_inferred_i_1, puf_bd_i/puf_top_0/inst/array/cells[0].cell_inst/g1[5].ro/w3_inferred_i_1, puf_bd_i/puf_top_0/inst/array/cells[0].cell_inst/g1[5].ro/w4_inferred_i_1, puf_bd_i/puf_top_0/inst/array/cells[0].cell_inst/g1[5].ro/w5_inferred_i_1, puf_bd_i/puf_top_0/inst/array/cells[0].cell_inst/g1[5].ro/w6_inferred_i_1, and puf_bd_i/puf_top_0/inst/array/cells[0].cell_inst/g1[5].ro/w7_inferred_i_1.
CRITICAL WARNING: [DRC LUTLP-1] Combinatorial Loop Alert: 7 LUT cells form a combinatorial loop. This can create a race condition. Timing analysis may not be accurate. The preferred resolution is to modify the design to remove combinatorial logic loops. If the loop is known and understood, this DRC can be bypassed by acknowledging the condition and setting the following XDC constraint on any one of the nets in the loop: 'set_property ALLOW_COMBINATORIAL_LOOPS TRUE [get_nets <myHier/myNet>]'. One net in the loop is puf_bd_i/puf_top_0/inst/array/cells[0].cell_inst/g1[6].ro/w1. Please evaluate your design. The cells in the loop are: puf_bd_i/puf_top_0/inst/array/cells[0].cell_inst/g1[6].ro/w1_inferred_i_1, puf_bd_i/puf_top_0/inst/array/cells[0].cell_inst/g1[6].ro/w2_inferred_i_1, puf_bd_i/puf_top_0/inst/array/cells[0].cell_inst/g1[6].ro/w3_inferred_i_1, puf_bd_i/puf_top_0/inst/array/cells[0].cell_inst/g1[6].ro/w4_inferred_i_1, puf_bd_i/puf_top_0/inst/array/cells[0].cell_inst/g1[6].ro/w5_inferred_i_1, puf_bd_i/puf_top_0/inst/array/cells[0].cell_inst/g1[6].ro/w6_inferred_i_1, and puf_bd_i/puf_top_0/inst/array/cells[0].cell_inst/g1[6].ro/w7_inferred_i_1.
CRITICAL WARNING: [DRC LUTLP-1] Combinatorial Loop Alert: 7 LUT cells form a combinatorial loop. This can create a race condition. Timing analysis may not be accurate. The preferred resolution is to modify the design to remove combinatorial logic loops. If the loop is known and understood, this DRC can be bypassed by acknowledging the condition and setting the following XDC constraint on any one of the nets in the loop: 'set_property ALLOW_COMBINATORIAL_LOOPS TRUE [get_nets <myHier/myNet>]'. One net in the loop is puf_bd_i/puf_top_0/inst/array/cells[0].cell_inst/g1[7].ro/w1. Please evaluate your design. The cells in the loop are: puf_bd_i/puf_top_0/inst/array/cells[0].cell_inst/g1[7].ro/w1_inferred_i_1, puf_bd_i/puf_top_0/inst/array/cells[0].cell_inst/g1[7].ro/w2_inferred_i_1, puf_bd_i/puf_top_0/inst/array/cells[0].cell_inst/g1[7].ro/w3_inferred_i_1, puf_bd_i/puf_top_0/inst/array/cells[0].cell_inst/g1[7].ro/w4_inferred_i_1, puf_bd_i/puf_top_0/inst/array/cells[0].cell_inst/g1[7].ro/w5_inferred_i_1, puf_bd_i/puf_top_0/inst/array/cells[0].cell_inst/g1[7].ro/w6_inferred_i_1, and puf_bd_i/puf_top_0/inst/array/cells[0].cell_inst/g1[7].ro/w7_inferred_i_1.
CRITICAL WARNING: [DRC LUTLP-1] Combinatorial Loop Alert: 7 LUT cells form a combinatorial loop. This can create a race condition. Timing analysis may not be accurate. The preferred resolution is to modify the design to remove combinatorial logic loops. If the loop is known and understood, this DRC can be bypassed by acknowledging the condition and setting the following XDC constraint on any one of the nets in the loop: 'set_property ALLOW_COMBINATORIAL_LOOPS TRUE [get_nets <myHier/myNet>]'. One net in the loop is puf_bd_i/puf_top_0/inst/array/cells[0].cell_inst/g1[8].ro/w1. Please evaluate your design. The cells in the loop are: puf_bd_i/puf_top_0/inst/array/cells[0].cell_inst/g1[8].ro/w1_inferred_i_1, puf_bd_i/puf_top_0/inst/array/cells[0].cell_inst/g1[8].ro/w2_inferred_i_1, puf_bd_i/puf_top_0/inst/array/cells[0].cell_inst/g1[8].ro/w3_inferred_i_1, puf_bd_i/puf_top_0/inst/array/cells[0].cell_inst/g1[8].ro/w4_inferred_i_1, puf_bd_i/puf_top_0/inst/array/cells[0].cell_inst/g1[8].ro/w5_inferred_i_1, puf_bd_i/puf_top_0/inst/array/cells[0].cell_inst/g1[8].ro/w6_inferred_i_1, and puf_bd_i/puf_top_0/inst/array/cells[0].cell_inst/g1[8].ro/w7_inferred_i_1.
CRITICAL WARNING: [DRC LUTLP-1] Combinatorial Loop Alert: 7 LUT cells form a combinatorial loop. This can create a race condition. Timing analysis may not be accurate. The preferred resolution is to modify the design to remove combinatorial logic loops. If the loop is known and understood, this DRC can be bypassed by acknowledging the condition and setting the following XDC constraint on any one of the nets in the loop: 'set_property ALLOW_COMBINATORIAL_LOOPS TRUE [get_nets <myHier/myNet>]'. One net in the loop is puf_bd_i/puf_top_0/inst/array/cells[0].cell_inst/g1[9].ro/w1. Please evaluate your design. The cells in the loop are: puf_bd_i/puf_top_0/inst/array/cells[0].cell_inst/g1[9].ro/w1_inferred_i_1, puf_bd_i/puf_top_0/inst/array/cells[0].cell_inst/g1[9].ro/w2_inferred_i_1, puf_bd_i/puf_top_0/inst/array/cells[0].cell_inst/g1[9].ro/w3_inferred_i_1, puf_bd_i/puf_top_0/inst/array/cells[0].cell_inst/g1[9].ro/w4_inferred_i_1, puf_bd_i/puf_top_0/inst/array/cells[0].cell_inst/g1[9].ro/w5_inferred_i_1, puf_bd_i/puf_top_0/inst/array/cells[0].cell_inst/g1[9].ro/w6_inferred_i_1, and puf_bd_i/puf_top_0/inst/array/cells[0].cell_inst/g1[9].ro/w7_inferred_i_1.
CRITICAL WARNING: [DRC LUTLP-1] Combinatorial Loop Alert: 7 LUT cells form a combinatorial loop. This can create a race condition. Timing analysis may not be accurate. The preferred resolution is to modify the design to remove combinatorial logic loops. If the loop is known and understood, this DRC can be bypassed by acknowledging the condition and setting the following XDC constraint on any one of the nets in the loop: 'set_property ALLOW_COMBINATORIAL_LOOPS TRUE [get_nets <myHier/myNet>]'. One net in the loop is puf_bd_i/puf_top_0/inst/array/cells[1].cell_inst/g0[0].ro/w1. Please evaluate your design. The cells in the loop are: puf_bd_i/puf_top_0/inst/array/cells[1].cell_inst/g0[0].ro/w1_inferred_i_1, puf_bd_i/puf_top_0/inst/array/cells[1].cell_inst/g0[0].ro/w2_inferred_i_1, puf_bd_i/puf_top_0/inst/array/cells[1].cell_inst/g0[0].ro/w3_inferred_i_1, puf_bd_i/puf_top_0/inst/array/cells[1].cell_inst/g0[0].ro/w4_inferred_i_1, puf_bd_i/puf_top_0/inst/array/cells[1].cell_inst/g0[0].ro/w5_inferred_i_1, puf_bd_i/puf_top_0/inst/array/cells[1].cell_inst/g0[0].ro/w6_inferred_i_1, and puf_bd_i/puf_top_0/inst/array/cells[1].cell_inst/g0[0].ro/w7_inferred_i_1.
CRITICAL WARNING: [DRC LUTLP-1] Combinatorial Loop Alert: 7 LUT cells form a combinatorial loop. This can create a race condition. Timing analysis may not be accurate. The preferred resolution is to modify the design to remove combinatorial logic loops. If the loop is known and understood, this DRC can be bypassed by acknowledging the condition and setting the following XDC constraint on any one of the nets in the loop: 'set_property ALLOW_COMBINATORIAL_LOOPS TRUE [get_nets <myHier/myNet>]'. One net in the loop is puf_bd_i/puf_top_0/inst/array/cells[1].cell_inst/g0[10].ro/w1. Please evaluate your design. The cells in the loop are: puf_bd_i/puf_top_0/inst/array/cells[1].cell_inst/g0[10].ro/w1_inferred_i_1, puf_bd_i/puf_top_0/inst/array/cells[1].cell_inst/g0[10].ro/w2_inferred_i_1, puf_bd_i/puf_top_0/inst/array/cells[1].cell_inst/g0[10].ro/w3_inferred_i_1, puf_bd_i/puf_top_0/inst/array/cells[1].cell_inst/g0[10].ro/w4_inferred_i_1, puf_bd_i/puf_top_0/inst/array/cells[1].cell_inst/g0[10].ro/w5_inferred_i_1, puf_bd_i/puf_top_0/inst/array/cells[1].cell_inst/g0[10].ro/w6_inferred_i_1, and puf_bd_i/puf_top_0/inst/array/cells[1].cell_inst/g0[10].ro/w7_inferred_i_1.
CRITICAL WARNING: [DRC LUTLP-1] Combinatorial Loop Alert: 7 LUT cells form a combinatorial loop. This can create a race condition. Timing analysis may not be accurate. The preferred resolution is to modify the design to remove combinatorial logic loops. If the loop is known and understood, this DRC can be bypassed by acknowledging the condition and setting the following XDC constraint on any one of the nets in the loop: 'set_property ALLOW_COMBINATORIAL_LOOPS TRUE [get_nets <myHier/myNet>]'. One net in the loop is puf_bd_i/puf_top_0/inst/array/cells[1].cell_inst/g0[11].ro/w1. Please evaluate your design. The cells in the loop are: puf_bd_i/puf_top_0/inst/array/cells[1].cell_inst/g0[11].ro/w1_inferred_i_1, puf_bd_i/puf_top_0/inst/array/cells[1].cell_inst/g0[11].ro/w2_inferred_i_1, puf_bd_i/puf_top_0/inst/array/cells[1].cell_inst/g0[11].ro/w3_inferred_i_1, puf_bd_i/puf_top_0/inst/array/cells[1].cell_inst/g0[11].ro/w4_inferred_i_1, puf_bd_i/puf_top_0/inst/array/cells[1].cell_inst/g0[11].ro/w5_inferred_i_1, puf_bd_i/puf_top_0/inst/array/cells[1].cell_inst/g0[11].ro/w6_inferred_i_1, and puf_bd_i/puf_top_0/inst/array/cells[1].cell_inst/g0[11].ro/w7_inferred_i_1.
CRITICAL WARNING: [DRC LUTLP-1] Combinatorial Loop Alert: 7 LUT cells form a combinatorial loop. This can create a race condition. Timing analysis may not be accurate. The preferred resolution is to modify the design to remove combinatorial logic loops. If the loop is known and understood, this DRC can be bypassed by acknowledging the condition and setting the following XDC constraint on any one of the nets in the loop: 'set_property ALLOW_COMBINATORIAL_LOOPS TRUE [get_nets <myHier/myNet>]'. One net in the loop is puf_bd_i/puf_top_0/inst/array/cells[1].cell_inst/g0[12].ro/w1. Please evaluate your design. The cells in the loop are: puf_bd_i/puf_top_0/inst/array/cells[1].cell_inst/g0[12].ro/w1_inferred_i_1, puf_bd_i/puf_top_0/inst/array/cells[1].cell_inst/g0[12].ro/w2_inferred_i_1, puf_bd_i/puf_top_0/inst/array/cells[1].cell_inst/g0[12].ro/w3_inferred_i_1, puf_bd_i/puf_top_0/inst/array/cells[1].cell_inst/g0[12].ro/w4_inferred_i_1, puf_bd_i/puf_top_0/inst/array/cells[1].cell_inst/g0[12].ro/w5_inferred_i_1, puf_bd_i/puf_top_0/inst/array/cells[1].cell_inst/g0[12].ro/w6_inferred_i_1, and puf_bd_i/puf_top_0/inst/array/cells[1].cell_inst/g0[12].ro/w7_inferred_i_1.
CRITICAL WARNING: [DRC LUTLP-1] Combinatorial Loop Alert: 7 LUT cells form a combinatorial loop. This can create a race condition. Timing analysis may not be accurate. The preferred resolution is to modify the design to remove combinatorial logic loops. If the loop is known and understood, this DRC can be bypassed by acknowledging the condition and setting the following XDC constraint on any one of the nets in the loop: 'set_property ALLOW_COMBINATORIAL_LOOPS TRUE [get_nets <myHier/myNet>]'. One net in the loop is puf_bd_i/puf_top_0/inst/array/cells[1].cell_inst/g0[13].ro/w1. Please evaluate your design. The cells in the loop are: puf_bd_i/puf_top_0/inst/array/cells[1].cell_inst/g0[13].ro/w1_inferred_i_1, puf_bd_i/puf_top_0/inst/array/cells[1].cell_inst/g0[13].ro/w2_inferred_i_1, puf_bd_i/puf_top_0/inst/array/cells[1].cell_inst/g0[13].ro/w3_inferred_i_1, puf_bd_i/puf_top_0/inst/array/cells[1].cell_inst/g0[13].ro/w4_inferred_i_1, puf_bd_i/puf_top_0/inst/array/cells[1].cell_inst/g0[13].ro/w5_inferred_i_1, puf_bd_i/puf_top_0/inst/array/cells[1].cell_inst/g0[13].ro/w6_inferred_i_1, and puf_bd_i/puf_top_0/inst/array/cells[1].cell_inst/g0[13].ro/w7_inferred_i_1.
CRITICAL WARNING: [DRC LUTLP-1] Combinatorial Loop Alert: 7 LUT cells form a combinatorial loop. This can create a race condition. Timing analysis may not be accurate. The preferred resolution is to modify the design to remove combinatorial logic loops. If the loop is known and understood, this DRC can be bypassed by acknowledging the condition and setting the following XDC constraint on any one of the nets in the loop: 'set_property ALLOW_COMBINATORIAL_LOOPS TRUE [get_nets <myHier/myNet>]'. One net in the loop is puf_bd_i/puf_top_0/inst/array/cells[1].cell_inst/g0[14].ro/w1. Please evaluate your design. The cells in the loop are: puf_bd_i/puf_top_0/inst/array/cells[1].cell_inst/g0[14].ro/w1_inferred_i_1, puf_bd_i/puf_top_0/inst/array/cells[1].cell_inst/g0[14].ro/w2_inferred_i_1, puf_bd_i/puf_top_0/inst/array/cells[1].cell_inst/g0[14].ro/w3_inferred_i_1, puf_bd_i/puf_top_0/inst/array/cells[1].cell_inst/g0[14].ro/w4_inferred_i_1, puf_bd_i/puf_top_0/inst/array/cells[1].cell_inst/g0[14].ro/w5_inferred_i_1, puf_bd_i/puf_top_0/inst/array/cells[1].cell_inst/g0[14].ro/w6_inferred_i_1, and puf_bd_i/puf_top_0/inst/array/cells[1].cell_inst/g0[14].ro/w7_inferred_i_1.
CRITICAL WARNING: [DRC LUTLP-1] Combinatorial Loop Alert: 7 LUT cells form a combinatorial loop. This can create a race condition. Timing analysis may not be accurate. The preferred resolution is to modify the design to remove combinatorial logic loops. If the loop is known and understood, this DRC can be bypassed by acknowledging the condition and setting the following XDC constraint on any one of the nets in the loop: 'set_property ALLOW_COMBINATORIAL_LOOPS TRUE [get_nets <myHier/myNet>]'. One net in the loop is puf_bd_i/puf_top_0/inst/array/cells[1].cell_inst/g0[15].ro/w1. Please evaluate your design. The cells in the loop are: puf_bd_i/puf_top_0/inst/array/cells[1].cell_inst/g0[15].ro/w1_inferred_i_1, puf_bd_i/puf_top_0/inst/array/cells[1].cell_inst/g0[15].ro/w2_inferred_i_1, puf_bd_i/puf_top_0/inst/array/cells[1].cell_inst/g0[15].ro/w3_inferred_i_1, puf_bd_i/puf_top_0/inst/array/cells[1].cell_inst/g0[15].ro/w4_inferred_i_1, puf_bd_i/puf_top_0/inst/array/cells[1].cell_inst/g0[15].ro/w5_inferred_i_1, puf_bd_i/puf_top_0/inst/array/cells[1].cell_inst/g0[15].ro/w6_inferred_i_1, and puf_bd_i/puf_top_0/inst/array/cells[1].cell_inst/g0[15].ro/w7_inferred_i_1.
CRITICAL WARNING: [DRC LUTLP-1] Combinatorial Loop Alert: 7 LUT cells form a combinatorial loop. This can create a race condition. Timing analysis may not be accurate. The preferred resolution is to modify the design to remove combinatorial logic loops. If the loop is known and understood, this DRC can be bypassed by acknowledging the condition and setting the following XDC constraint on any one of the nets in the loop: 'set_property ALLOW_COMBINATORIAL_LOOPS TRUE [get_nets <myHier/myNet>]'. One net in the loop is puf_bd_i/puf_top_0/inst/array/cells[1].cell_inst/g0[1].ro/w1. Please evaluate your design. The cells in the loop are: puf_bd_i/puf_top_0/inst/array/cells[1].cell_inst/g0[1].ro/w1_inferred_i_1, puf_bd_i/puf_top_0/inst/array/cells[1].cell_inst/g0[1].ro/w2_inferred_i_1, puf_bd_i/puf_top_0/inst/array/cells[1].cell_inst/g0[1].ro/w3_inferred_i_1, puf_bd_i/puf_top_0/inst/array/cells[1].cell_inst/g0[1].ro/w4_inferred_i_1, puf_bd_i/puf_top_0/inst/array/cells[1].cell_inst/g0[1].ro/w5_inferred_i_1, puf_bd_i/puf_top_0/inst/array/cells[1].cell_inst/g0[1].ro/w6_inferred_i_1, and puf_bd_i/puf_top_0/inst/array/cells[1].cell_inst/g0[1].ro/w7_inferred_i_1.
CRITICAL WARNING: [DRC LUTLP-1] Combinatorial Loop Alert: 7 LUT cells form a combinatorial loop. This can create a race condition. Timing analysis may not be accurate. The preferred resolution is to modify the design to remove combinatorial logic loops. If the loop is known and understood, this DRC can be bypassed by acknowledging the condition and setting the following XDC constraint on any one of the nets in the loop: 'set_property ALLOW_COMBINATORIAL_LOOPS TRUE [get_nets <myHier/myNet>]'. One net in the loop is puf_bd_i/puf_top_0/inst/array/cells[1].cell_inst/g0[2].ro/w1. Please evaluate your design. The cells in the loop are: puf_bd_i/puf_top_0/inst/array/cells[1].cell_inst/g0[2].ro/w1_inferred_i_1, puf_bd_i/puf_top_0/inst/array/cells[1].cell_inst/g0[2].ro/w2_inferred_i_1, puf_bd_i/puf_top_0/inst/array/cells[1].cell_inst/g0[2].ro/w3_inferred_i_1, puf_bd_i/puf_top_0/inst/array/cells[1].cell_inst/g0[2].ro/w4_inferred_i_1, puf_bd_i/puf_top_0/inst/array/cells[1].cell_inst/g0[2].ro/w5_inferred_i_1, puf_bd_i/puf_top_0/inst/array/cells[1].cell_inst/g0[2].ro/w6_inferred_i_1, and puf_bd_i/puf_top_0/inst/array/cells[1].cell_inst/g0[2].ro/w7_inferred_i_1.
CRITICAL WARNING: [DRC LUTLP-1] Combinatorial Loop Alert: 7 LUT cells form a combinatorial loop. This can create a race condition. Timing analysis may not be accurate. The preferred resolution is to modify the design to remove combinatorial logic loops. If the loop is known and understood, this DRC can be bypassed by acknowledging the condition and setting the following XDC constraint on any one of the nets in the loop: 'set_property ALLOW_COMBINATORIAL_LOOPS TRUE [get_nets <myHier/myNet>]'. One net in the loop is puf_bd_i/puf_top_0/inst/array/cells[1].cell_inst/g0[3].ro/w1. Please evaluate your design. The cells in the loop are: puf_bd_i/puf_top_0/inst/array/cells[1].cell_inst/g0[3].ro/w1_inferred_i_1, puf_bd_i/puf_top_0/inst/array/cells[1].cell_inst/g0[3].ro/w2_inferred_i_1, puf_bd_i/puf_top_0/inst/array/cells[1].cell_inst/g0[3].ro/w3_inferred_i_1, puf_bd_i/puf_top_0/inst/array/cells[1].cell_inst/g0[3].ro/w4_inferred_i_1, puf_bd_i/puf_top_0/inst/array/cells[1].cell_inst/g0[3].ro/w5_inferred_i_1, puf_bd_i/puf_top_0/inst/array/cells[1].cell_inst/g0[3].ro/w6_inferred_i_1, and puf_bd_i/puf_top_0/inst/array/cells[1].cell_inst/g0[3].ro/w7_inferred_i_1.
CRITICAL WARNING: [DRC LUTLP-1] Combinatorial Loop Alert: 7 LUT cells form a combinatorial loop. This can create a race condition. Timing analysis may not be accurate. The preferred resolution is to modify the design to remove combinatorial logic loops. If the loop is known and understood, this DRC can be bypassed by acknowledging the condition and setting the following XDC constraint on any one of the nets in the loop: 'set_property ALLOW_COMBINATORIAL_LOOPS TRUE [get_nets <myHier/myNet>]'. One net in the loop is puf_bd_i/puf_top_0/inst/array/cells[1].cell_inst/g0[4].ro/w1. Please evaluate your design. The cells in the loop are: puf_bd_i/puf_top_0/inst/array/cells[1].cell_inst/g0[4].ro/w1_inferred_i_1, puf_bd_i/puf_top_0/inst/array/cells[1].cell_inst/g0[4].ro/w2_inferred_i_1, puf_bd_i/puf_top_0/inst/array/cells[1].cell_inst/g0[4].ro/w3_inferred_i_1, puf_bd_i/puf_top_0/inst/array/cells[1].cell_inst/g0[4].ro/w4_inferred_i_1, puf_bd_i/puf_top_0/inst/array/cells[1].cell_inst/g0[4].ro/w5_inferred_i_1, puf_bd_i/puf_top_0/inst/array/cells[1].cell_inst/g0[4].ro/w6_inferred_i_1, and puf_bd_i/puf_top_0/inst/array/cells[1].cell_inst/g0[4].ro/w7_inferred_i_1.
CRITICAL WARNING: [DRC LUTLP-1] Combinatorial Loop Alert: 7 LUT cells form a combinatorial loop. This can create a race condition. Timing analysis may not be accurate. The preferred resolution is to modify the design to remove combinatorial logic loops. If the loop is known and understood, this DRC can be bypassed by acknowledging the condition and setting the following XDC constraint on any one of the nets in the loop: 'set_property ALLOW_COMBINATORIAL_LOOPS TRUE [get_nets <myHier/myNet>]'. One net in the loop is puf_bd_i/puf_top_0/inst/array/cells[1].cell_inst/g0[5].ro/w1. Please evaluate your design. The cells in the loop are: puf_bd_i/puf_top_0/inst/array/cells[1].cell_inst/g0[5].ro/w1_inferred_i_1, puf_bd_i/puf_top_0/inst/array/cells[1].cell_inst/g0[5].ro/w2_inferred_i_1, puf_bd_i/puf_top_0/inst/array/cells[1].cell_inst/g0[5].ro/w3_inferred_i_1, puf_bd_i/puf_top_0/inst/array/cells[1].cell_inst/g0[5].ro/w4_inferred_i_1, puf_bd_i/puf_top_0/inst/array/cells[1].cell_inst/g0[5].ro/w5_inferred_i_1, puf_bd_i/puf_top_0/inst/array/cells[1].cell_inst/g0[5].ro/w6_inferred_i_1, and puf_bd_i/puf_top_0/inst/array/cells[1].cell_inst/g0[5].ro/w7_inferred_i_1.
CRITICAL WARNING: [DRC LUTLP-1] Combinatorial Loop Alert: 7 LUT cells form a combinatorial loop. This can create a race condition. Timing analysis may not be accurate. The preferred resolution is to modify the design to remove combinatorial logic loops. If the loop is known and understood, this DRC can be bypassed by acknowledging the condition and setting the following XDC constraint on any one of the nets in the loop: 'set_property ALLOW_COMBINATORIAL_LOOPS TRUE [get_nets <myHier/myNet>]'. One net in the loop is puf_bd_i/puf_top_0/inst/array/cells[1].cell_inst/g0[6].ro/w1. Please evaluate your design. The cells in the loop are: puf_bd_i/puf_top_0/inst/array/cells[1].cell_inst/g0[6].ro/w1_inferred_i_1, puf_bd_i/puf_top_0/inst/array/cells[1].cell_inst/g0[6].ro/w2_inferred_i_1, puf_bd_i/puf_top_0/inst/array/cells[1].cell_inst/g0[6].ro/w3_inferred_i_1, puf_bd_i/puf_top_0/inst/array/cells[1].cell_inst/g0[6].ro/w4_inferred_i_1, puf_bd_i/puf_top_0/inst/array/cells[1].cell_inst/g0[6].ro/w5_inferred_i_1, puf_bd_i/puf_top_0/inst/array/cells[1].cell_inst/g0[6].ro/w6_inferred_i_1, and puf_bd_i/puf_top_0/inst/array/cells[1].cell_inst/g0[6].ro/w7_inferred_i_1.
CRITICAL WARNING: [DRC LUTLP-1] Combinatorial Loop Alert: 7 LUT cells form a combinatorial loop. This can create a race condition. Timing analysis may not be accurate. The preferred resolution is to modify the design to remove combinatorial logic loops. If the loop is known and understood, this DRC can be bypassed by acknowledging the condition and setting the following XDC constraint on any one of the nets in the loop: 'set_property ALLOW_COMBINATORIAL_LOOPS TRUE [get_nets <myHier/myNet>]'. One net in the loop is puf_bd_i/puf_top_0/inst/array/cells[1].cell_inst/g0[7].ro/w1. Please evaluate your design. The cells in the loop are: puf_bd_i/puf_top_0/inst/array/cells[1].cell_inst/g0[7].ro/w1_inferred_i_1, puf_bd_i/puf_top_0/inst/array/cells[1].cell_inst/g0[7].ro/w2_inferred_i_1, puf_bd_i/puf_top_0/inst/array/cells[1].cell_inst/g0[7].ro/w3_inferred_i_1, puf_bd_i/puf_top_0/inst/array/cells[1].cell_inst/g0[7].ro/w4_inferred_i_1, puf_bd_i/puf_top_0/inst/array/cells[1].cell_inst/g0[7].ro/w5_inferred_i_1, puf_bd_i/puf_top_0/inst/array/cells[1].cell_inst/g0[7].ro/w6_inferred_i_1, and puf_bd_i/puf_top_0/inst/array/cells[1].cell_inst/g0[7].ro/w7_inferred_i_1.
CRITICAL WARNING: [DRC LUTLP-1] Combinatorial Loop Alert: 7 LUT cells form a combinatorial loop. This can create a race condition. Timing analysis may not be accurate. The preferred resolution is to modify the design to remove combinatorial logic loops. If the loop is known and understood, this DRC can be bypassed by acknowledging the condition and setting the following XDC constraint on any one of the nets in the loop: 'set_property ALLOW_COMBINATORIAL_LOOPS TRUE [get_nets <myHier/myNet>]'. One net in the loop is puf_bd_i/puf_top_0/inst/array/cells[1].cell_inst/g0[8].ro/w1. Please evaluate your design. The cells in the loop are: puf_bd_i/puf_top_0/inst/array/cells[1].cell_inst/g0[8].ro/w1_inferred_i_1, puf_bd_i/puf_top_0/inst/array/cells[1].cell_inst/g0[8].ro/w2_inferred_i_1, puf_bd_i/puf_top_0/inst/array/cells[1].cell_inst/g0[8].ro/w3_inferred_i_1, puf_bd_i/puf_top_0/inst/array/cells[1].cell_inst/g0[8].ro/w4_inferred_i_1, puf_bd_i/puf_top_0/inst/array/cells[1].cell_inst/g0[8].ro/w5_inferred_i_1, puf_bd_i/puf_top_0/inst/array/cells[1].cell_inst/g0[8].ro/w6_inferred_i_1, and puf_bd_i/puf_top_0/inst/array/cells[1].cell_inst/g0[8].ro/w7_inferred_i_1.
CRITICAL WARNING: [DRC LUTLP-1] Combinatorial Loop Alert: 7 LUT cells form a combinatorial loop. This can create a race condition. Timing analysis may not be accurate. The preferred resolution is to modify the design to remove combinatorial logic loops. If the loop is known and understood, this DRC can be bypassed by acknowledging the condition and setting the following XDC constraint on any one of the nets in the loop: 'set_property ALLOW_COMBINATORIAL_LOOPS TRUE [get_nets <myHier/myNet>]'. One net in the loop is puf_bd_i/puf_top_0/inst/array/cells[1].cell_inst/g0[9].ro/w1. Please evaluate your design. The cells in the loop are: puf_bd_i/puf_top_0/inst/array/cells[1].cell_inst/g0[9].ro/w1_inferred_i_1, puf_bd_i/puf_top_0/inst/array/cells[1].cell_inst/g0[9].ro/w2_inferred_i_1, puf_bd_i/puf_top_0/inst/array/cells[1].cell_inst/g0[9].ro/w3_inferred_i_1, puf_bd_i/puf_top_0/inst/array/cells[1].cell_inst/g0[9].ro/w4_inferred_i_1, puf_bd_i/puf_top_0/inst/array/cells[1].cell_inst/g0[9].ro/w5_inferred_i_1, puf_bd_i/puf_top_0/inst/array/cells[1].cell_inst/g0[9].ro/w6_inferred_i_1, and puf_bd_i/puf_top_0/inst/array/cells[1].cell_inst/g0[9].ro/w7_inferred_i_1.
CRITICAL WARNING: [DRC LUTLP-1] Combinatorial Loop Alert: 7 LUT cells form a combinatorial loop. This can create a race condition. Timing analysis may not be accurate. The preferred resolution is to modify the design to remove combinatorial logic loops. If the loop is known and understood, this DRC can be bypassed by acknowledging the condition and setting the following XDC constraint on any one of the nets in the loop: 'set_property ALLOW_COMBINATORIAL_LOOPS TRUE [get_nets <myHier/myNet>]'. One net in the loop is puf_bd_i/puf_top_0/inst/array/cells[1].cell_inst/g1[0].ro/w1. Please evaluate your design. The cells in the loop are: puf_bd_i/puf_top_0/inst/array/cells[1].cell_inst/g1[0].ro/w1_inferred_i_1, puf_bd_i/puf_top_0/inst/array/cells[1].cell_inst/g1[0].ro/w2_inferred_i_1, puf_bd_i/puf_top_0/inst/array/cells[1].cell_inst/g1[0].ro/w3_inferred_i_1, puf_bd_i/puf_top_0/inst/array/cells[1].cell_inst/g1[0].ro/w4_inferred_i_1, puf_bd_i/puf_top_0/inst/array/cells[1].cell_inst/g1[0].ro/w5_inferred_i_1, puf_bd_i/puf_top_0/inst/array/cells[1].cell_inst/g1[0].ro/w6_inferred_i_1, and puf_bd_i/puf_top_0/inst/array/cells[1].cell_inst/g1[0].ro/w7_inferred_i_1.
CRITICAL WARNING: [DRC LUTLP-1] Combinatorial Loop Alert: 7 LUT cells form a combinatorial loop. This can create a race condition. Timing analysis may not be accurate. The preferred resolution is to modify the design to remove combinatorial logic loops. If the loop is known and understood, this DRC can be bypassed by acknowledging the condition and setting the following XDC constraint on any one of the nets in the loop: 'set_property ALLOW_COMBINATORIAL_LOOPS TRUE [get_nets <myHier/myNet>]'. One net in the loop is puf_bd_i/puf_top_0/inst/array/cells[1].cell_inst/g1[10].ro/w1. Please evaluate your design. The cells in the loop are: puf_bd_i/puf_top_0/inst/array/cells[1].cell_inst/g1[10].ro/w1_inferred_i_1, puf_bd_i/puf_top_0/inst/array/cells[1].cell_inst/g1[10].ro/w2_inferred_i_1, puf_bd_i/puf_top_0/inst/array/cells[1].cell_inst/g1[10].ro/w3_inferred_i_1, puf_bd_i/puf_top_0/inst/array/cells[1].cell_inst/g1[10].ro/w4_inferred_i_1, puf_bd_i/puf_top_0/inst/array/cells[1].cell_inst/g1[10].ro/w5_inferred_i_1, puf_bd_i/puf_top_0/inst/array/cells[1].cell_inst/g1[10].ro/w6_inferred_i_1, and puf_bd_i/puf_top_0/inst/array/cells[1].cell_inst/g1[10].ro/w7_inferred_i_1.
CRITICAL WARNING: [DRC LUTLP-1] Combinatorial Loop Alert: 7 LUT cells form a combinatorial loop. This can create a race condition. Timing analysis may not be accurate. The preferred resolution is to modify the design to remove combinatorial logic loops. If the loop is known and understood, this DRC can be bypassed by acknowledging the condition and setting the following XDC constraint on any one of the nets in the loop: 'set_property ALLOW_COMBINATORIAL_LOOPS TRUE [get_nets <myHier/myNet>]'. One net in the loop is puf_bd_i/puf_top_0/inst/array/cells[1].cell_inst/g1[11].ro/w1. Please evaluate your design. The cells in the loop are: puf_bd_i/puf_top_0/inst/array/cells[1].cell_inst/g1[11].ro/w1_inferred_i_1, puf_bd_i/puf_top_0/inst/array/cells[1].cell_inst/g1[11].ro/w2_inferred_i_1, puf_bd_i/puf_top_0/inst/array/cells[1].cell_inst/g1[11].ro/w3_inferred_i_1, puf_bd_i/puf_top_0/inst/array/cells[1].cell_inst/g1[11].ro/w4_inferred_i_1, puf_bd_i/puf_top_0/inst/array/cells[1].cell_inst/g1[11].ro/w5_inferred_i_1, puf_bd_i/puf_top_0/inst/array/cells[1].cell_inst/g1[11].ro/w6_inferred_i_1, and puf_bd_i/puf_top_0/inst/array/cells[1].cell_inst/g1[11].ro/w7_inferred_i_1.
CRITICAL WARNING: [DRC LUTLP-1] Combinatorial Loop Alert: 7 LUT cells form a combinatorial loop. This can create a race condition. Timing analysis may not be accurate. The preferred resolution is to modify the design to remove combinatorial logic loops. If the loop is known and understood, this DRC can be bypassed by acknowledging the condition and setting the following XDC constraint on any one of the nets in the loop: 'set_property ALLOW_COMBINATORIAL_LOOPS TRUE [get_nets <myHier/myNet>]'. One net in the loop is puf_bd_i/puf_top_0/inst/array/cells[1].cell_inst/g1[12].ro/w1. Please evaluate your design. The cells in the loop are: puf_bd_i/puf_top_0/inst/array/cells[1].cell_inst/g1[12].ro/w1_inferred_i_1, puf_bd_i/puf_top_0/inst/array/cells[1].cell_inst/g1[12].ro/w2_inferred_i_1, puf_bd_i/puf_top_0/inst/array/cells[1].cell_inst/g1[12].ro/w3_inferred_i_1, puf_bd_i/puf_top_0/inst/array/cells[1].cell_inst/g1[12].ro/w4_inferred_i_1, puf_bd_i/puf_top_0/inst/array/cells[1].cell_inst/g1[12].ro/w5_inferred_i_1, puf_bd_i/puf_top_0/inst/array/cells[1].cell_inst/g1[12].ro/w6_inferred_i_1, and puf_bd_i/puf_top_0/inst/array/cells[1].cell_inst/g1[12].ro/w7_inferred_i_1.
CRITICAL WARNING: [DRC LUTLP-1] Combinatorial Loop Alert: 7 LUT cells form a combinatorial loop. This can create a race condition. Timing analysis may not be accurate. The preferred resolution is to modify the design to remove combinatorial logic loops. If the loop is known and understood, this DRC can be bypassed by acknowledging the condition and setting the following XDC constraint on any one of the nets in the loop: 'set_property ALLOW_COMBINATORIAL_LOOPS TRUE [get_nets <myHier/myNet>]'. One net in the loop is puf_bd_i/puf_top_0/inst/array/cells[1].cell_inst/g1[13].ro/w1. Please evaluate your design. The cells in the loop are: puf_bd_i/puf_top_0/inst/array/cells[1].cell_inst/g1[13].ro/w1_inferred_i_1, puf_bd_i/puf_top_0/inst/array/cells[1].cell_inst/g1[13].ro/w2_inferred_i_1, puf_bd_i/puf_top_0/inst/array/cells[1].cell_inst/g1[13].ro/w3_inferred_i_1, puf_bd_i/puf_top_0/inst/array/cells[1].cell_inst/g1[13].ro/w4_inferred_i_1, puf_bd_i/puf_top_0/inst/array/cells[1].cell_inst/g1[13].ro/w5_inferred_i_1, puf_bd_i/puf_top_0/inst/array/cells[1].cell_inst/g1[13].ro/w6_inferred_i_1, and puf_bd_i/puf_top_0/inst/array/cells[1].cell_inst/g1[13].ro/w7_inferred_i_1.
CRITICAL WARNING: [DRC LUTLP-1] Combinatorial Loop Alert: 7 LUT cells form a combinatorial loop. This can create a race condition. Timing analysis may not be accurate. The preferred resolution is to modify the design to remove combinatorial logic loops. If the loop is known and understood, this DRC can be bypassed by acknowledging the condition and setting the following XDC constraint on any one of the nets in the loop: 'set_property ALLOW_COMBINATORIAL_LOOPS TRUE [get_nets <myHier/myNet>]'. One net in the loop is puf_bd_i/puf_top_0/inst/array/cells[1].cell_inst/g1[14].ro/w1. Please evaluate your design. The cells in the loop are: puf_bd_i/puf_top_0/inst/array/cells[1].cell_inst/g1[14].ro/w1_inferred_i_1, puf_bd_i/puf_top_0/inst/array/cells[1].cell_inst/g1[14].ro/w2_inferred_i_1, puf_bd_i/puf_top_0/inst/array/cells[1].cell_inst/g1[14].ro/w3_inferred_i_1, puf_bd_i/puf_top_0/inst/array/cells[1].cell_inst/g1[14].ro/w4_inferred_i_1, puf_bd_i/puf_top_0/inst/array/cells[1].cell_inst/g1[14].ro/w5_inferred_i_1, puf_bd_i/puf_top_0/inst/array/cells[1].cell_inst/g1[14].ro/w6_inferred_i_1, and puf_bd_i/puf_top_0/inst/array/cells[1].cell_inst/g1[14].ro/w7_inferred_i_1.
CRITICAL WARNING: [DRC LUTLP-1] Combinatorial Loop Alert: 7 LUT cells form a combinatorial loop. This can create a race condition. Timing analysis may not be accurate. The preferred resolution is to modify the design to remove combinatorial logic loops. If the loop is known and understood, this DRC can be bypassed by acknowledging the condition and setting the following XDC constraint on any one of the nets in the loop: 'set_property ALLOW_COMBINATORIAL_LOOPS TRUE [get_nets <myHier/myNet>]'. One net in the loop is puf_bd_i/puf_top_0/inst/array/cells[1].cell_inst/g1[15].ro/w1. Please evaluate your design. The cells in the loop are: puf_bd_i/puf_top_0/inst/array/cells[1].cell_inst/g1[15].ro/w1_inferred_i_1, puf_bd_i/puf_top_0/inst/array/cells[1].cell_inst/g1[15].ro/w2_inferred_i_1, puf_bd_i/puf_top_0/inst/array/cells[1].cell_inst/g1[15].ro/w3_inferred_i_1, puf_bd_i/puf_top_0/inst/array/cells[1].cell_inst/g1[15].ro/w4_inferred_i_1, puf_bd_i/puf_top_0/inst/array/cells[1].cell_inst/g1[15].ro/w5_inferred_i_1, puf_bd_i/puf_top_0/inst/array/cells[1].cell_inst/g1[15].ro/w6_inferred_i_1, and puf_bd_i/puf_top_0/inst/array/cells[1].cell_inst/g1[15].ro/w7_inferred_i_1.
CRITICAL WARNING: [DRC LUTLP-1] Combinatorial Loop Alert: 7 LUT cells form a combinatorial loop. This can create a race condition. Timing analysis may not be accurate. The preferred resolution is to modify the design to remove combinatorial logic loops. If the loop is known and understood, this DRC can be bypassed by acknowledging the condition and setting the following XDC constraint on any one of the nets in the loop: 'set_property ALLOW_COMBINATORIAL_LOOPS TRUE [get_nets <myHier/myNet>]'. One net in the loop is puf_bd_i/puf_top_0/inst/array/cells[1].cell_inst/g1[1].ro/w1. Please evaluate your design. The cells in the loop are: puf_bd_i/puf_top_0/inst/array/cells[1].cell_inst/g1[1].ro/w1_inferred_i_1, puf_bd_i/puf_top_0/inst/array/cells[1].cell_inst/g1[1].ro/w2_inferred_i_1, puf_bd_i/puf_top_0/inst/array/cells[1].cell_inst/g1[1].ro/w3_inferred_i_1, puf_bd_i/puf_top_0/inst/array/cells[1].cell_inst/g1[1].ro/w4_inferred_i_1, puf_bd_i/puf_top_0/inst/array/cells[1].cell_inst/g1[1].ro/w5_inferred_i_1, puf_bd_i/puf_top_0/inst/array/cells[1].cell_inst/g1[1].ro/w6_inferred_i_1, and puf_bd_i/puf_top_0/inst/array/cells[1].cell_inst/g1[1].ro/w7_inferred_i_1.
CRITICAL WARNING: [DRC LUTLP-1] Combinatorial Loop Alert: 7 LUT cells form a combinatorial loop. This can create a race condition. Timing analysis may not be accurate. The preferred resolution is to modify the design to remove combinatorial logic loops. If the loop is known and understood, this DRC can be bypassed by acknowledging the condition and setting the following XDC constraint on any one of the nets in the loop: 'set_property ALLOW_COMBINATORIAL_LOOPS TRUE [get_nets <myHier/myNet>]'. One net in the loop is puf_bd_i/puf_top_0/inst/array/cells[1].cell_inst/g1[2].ro/w1. Please evaluate your design. The cells in the loop are: puf_bd_i/puf_top_0/inst/array/cells[1].cell_inst/g1[2].ro/w1_inferred_i_1, puf_bd_i/puf_top_0/inst/array/cells[1].cell_inst/g1[2].ro/w2_inferred_i_1, puf_bd_i/puf_top_0/inst/array/cells[1].cell_inst/g1[2].ro/w3_inferred_i_1, puf_bd_i/puf_top_0/inst/array/cells[1].cell_inst/g1[2].ro/w4_inferred_i_1, puf_bd_i/puf_top_0/inst/array/cells[1].cell_inst/g1[2].ro/w5_inferred_i_1, puf_bd_i/puf_top_0/inst/array/cells[1].cell_inst/g1[2].ro/w6_inferred_i_1, and puf_bd_i/puf_top_0/inst/array/cells[1].cell_inst/g1[2].ro/w7_inferred_i_1.
CRITICAL WARNING: [DRC LUTLP-1] Combinatorial Loop Alert: 7 LUT cells form a combinatorial loop. This can create a race condition. Timing analysis may not be accurate. The preferred resolution is to modify the design to remove combinatorial logic loops. If the loop is known and understood, this DRC can be bypassed by acknowledging the condition and setting the following XDC constraint on any one of the nets in the loop: 'set_property ALLOW_COMBINATORIAL_LOOPS TRUE [get_nets <myHier/myNet>]'. One net in the loop is puf_bd_i/puf_top_0/inst/array/cells[1].cell_inst/g1[3].ro/w1. Please evaluate your design. The cells in the loop are: puf_bd_i/puf_top_0/inst/array/cells[1].cell_inst/g1[3].ro/w1_inferred_i_1, puf_bd_i/puf_top_0/inst/array/cells[1].cell_inst/g1[3].ro/w2_inferred_i_1, puf_bd_i/puf_top_0/inst/array/cells[1].cell_inst/g1[3].ro/w3_inferred_i_1, puf_bd_i/puf_top_0/inst/array/cells[1].cell_inst/g1[3].ro/w4_inferred_i_1, puf_bd_i/puf_top_0/inst/array/cells[1].cell_inst/g1[3].ro/w5_inferred_i_1, puf_bd_i/puf_top_0/inst/array/cells[1].cell_inst/g1[3].ro/w6_inferred_i_1, and puf_bd_i/puf_top_0/inst/array/cells[1].cell_inst/g1[3].ro/w7_inferred_i_1.
CRITICAL WARNING: [DRC LUTLP-1] Combinatorial Loop Alert: 7 LUT cells form a combinatorial loop. This can create a race condition. Timing analysis may not be accurate. The preferred resolution is to modify the design to remove combinatorial logic loops. If the loop is known and understood, this DRC can be bypassed by acknowledging the condition and setting the following XDC constraint on any one of the nets in the loop: 'set_property ALLOW_COMBINATORIAL_LOOPS TRUE [get_nets <myHier/myNet>]'. One net in the loop is puf_bd_i/puf_top_0/inst/array/cells[1].cell_inst/g1[4].ro/w1. Please evaluate your design. The cells in the loop are: puf_bd_i/puf_top_0/inst/array/cells[1].cell_inst/g1[4].ro/w1_inferred_i_1, puf_bd_i/puf_top_0/inst/array/cells[1].cell_inst/g1[4].ro/w2_inferred_i_1, puf_bd_i/puf_top_0/inst/array/cells[1].cell_inst/g1[4].ro/w3_inferred_i_1, puf_bd_i/puf_top_0/inst/array/cells[1].cell_inst/g1[4].ro/w4_inferred_i_1, puf_bd_i/puf_top_0/inst/array/cells[1].cell_inst/g1[4].ro/w5_inferred_i_1, puf_bd_i/puf_top_0/inst/array/cells[1].cell_inst/g1[4].ro/w6_inferred_i_1, and puf_bd_i/puf_top_0/inst/array/cells[1].cell_inst/g1[4].ro/w7_inferred_i_1.
CRITICAL WARNING: [DRC LUTLP-1] Combinatorial Loop Alert: 7 LUT cells form a combinatorial loop. This can create a race condition. Timing analysis may not be accurate. The preferred resolution is to modify the design to remove combinatorial logic loops. If the loop is known and understood, this DRC can be bypassed by acknowledging the condition and setting the following XDC constraint on any one of the nets in the loop: 'set_property ALLOW_COMBINATORIAL_LOOPS TRUE [get_nets <myHier/myNet>]'. One net in the loop is puf_bd_i/puf_top_0/inst/array/cells[1].cell_inst/g1[5].ro/w1. Please evaluate your design. The cells in the loop are: puf_bd_i/puf_top_0/inst/array/cells[1].cell_inst/g1[5].ro/w1_inferred_i_1, puf_bd_i/puf_top_0/inst/array/cells[1].cell_inst/g1[5].ro/w2_inferred_i_1, puf_bd_i/puf_top_0/inst/array/cells[1].cell_inst/g1[5].ro/w3_inferred_i_1, puf_bd_i/puf_top_0/inst/array/cells[1].cell_inst/g1[5].ro/w4_inferred_i_1, puf_bd_i/puf_top_0/inst/array/cells[1].cell_inst/g1[5].ro/w5_inferred_i_1, puf_bd_i/puf_top_0/inst/array/cells[1].cell_inst/g1[5].ro/w6_inferred_i_1, and puf_bd_i/puf_top_0/inst/array/cells[1].cell_inst/g1[5].ro/w7_inferred_i_1.
CRITICAL WARNING: [DRC LUTLP-1] Combinatorial Loop Alert: 7 LUT cells form a combinatorial loop. This can create a race condition. Timing analysis may not be accurate. The preferred resolution is to modify the design to remove combinatorial logic loops. If the loop is known and understood, this DRC can be bypassed by acknowledging the condition and setting the following XDC constraint on any one of the nets in the loop: 'set_property ALLOW_COMBINATORIAL_LOOPS TRUE [get_nets <myHier/myNet>]'. One net in the loop is puf_bd_i/puf_top_0/inst/array/cells[1].cell_inst/g1[6].ro/w1. Please evaluate your design. The cells in the loop are: puf_bd_i/puf_top_0/inst/array/cells[1].cell_inst/g1[6].ro/w1_inferred_i_1, puf_bd_i/puf_top_0/inst/array/cells[1].cell_inst/g1[6].ro/w2_inferred_i_1, puf_bd_i/puf_top_0/inst/array/cells[1].cell_inst/g1[6].ro/w3_inferred_i_1, puf_bd_i/puf_top_0/inst/array/cells[1].cell_inst/g1[6].ro/w4_inferred_i_1, puf_bd_i/puf_top_0/inst/array/cells[1].cell_inst/g1[6].ro/w5_inferred_i_1, puf_bd_i/puf_top_0/inst/array/cells[1].cell_inst/g1[6].ro/w6_inferred_i_1, and puf_bd_i/puf_top_0/inst/array/cells[1].cell_inst/g1[6].ro/w7_inferred_i_1.
CRITICAL WARNING: [DRC LUTLP-1] Combinatorial Loop Alert: 7 LUT cells form a combinatorial loop. This can create a race condition. Timing analysis may not be accurate. The preferred resolution is to modify the design to remove combinatorial logic loops. If the loop is known and understood, this DRC can be bypassed by acknowledging the condition and setting the following XDC constraint on any one of the nets in the loop: 'set_property ALLOW_COMBINATORIAL_LOOPS TRUE [get_nets <myHier/myNet>]'. One net in the loop is puf_bd_i/puf_top_0/inst/array/cells[1].cell_inst/g1[7].ro/w1. Please evaluate your design. The cells in the loop are: puf_bd_i/puf_top_0/inst/array/cells[1].cell_inst/g1[7].ro/w1_inferred_i_1, puf_bd_i/puf_top_0/inst/array/cells[1].cell_inst/g1[7].ro/w2_inferred_i_1, puf_bd_i/puf_top_0/inst/array/cells[1].cell_inst/g1[7].ro/w3_inferred_i_1, puf_bd_i/puf_top_0/inst/array/cells[1].cell_inst/g1[7].ro/w4_inferred_i_1, puf_bd_i/puf_top_0/inst/array/cells[1].cell_inst/g1[7].ro/w5_inferred_i_1, puf_bd_i/puf_top_0/inst/array/cells[1].cell_inst/g1[7].ro/w6_inferred_i_1, and puf_bd_i/puf_top_0/inst/array/cells[1].cell_inst/g1[7].ro/w7_inferred_i_1.
CRITICAL WARNING: [DRC LUTLP-1] Combinatorial Loop Alert: 7 LUT cells form a combinatorial loop. This can create a race condition. Timing analysis may not be accurate. The preferred resolution is to modify the design to remove combinatorial logic loops. If the loop is known and understood, this DRC can be bypassed by acknowledging the condition and setting the following XDC constraint on any one of the nets in the loop: 'set_property ALLOW_COMBINATORIAL_LOOPS TRUE [get_nets <myHier/myNet>]'. One net in the loop is puf_bd_i/puf_top_0/inst/array/cells[1].cell_inst/g1[8].ro/w1. Please evaluate your design. The cells in the loop are: puf_bd_i/puf_top_0/inst/array/cells[1].cell_inst/g1[8].ro/w1_inferred_i_1, puf_bd_i/puf_top_0/inst/array/cells[1].cell_inst/g1[8].ro/w2_inferred_i_1, puf_bd_i/puf_top_0/inst/array/cells[1].cell_inst/g1[8].ro/w3_inferred_i_1, puf_bd_i/puf_top_0/inst/array/cells[1].cell_inst/g1[8].ro/w4_inferred_i_1, puf_bd_i/puf_top_0/inst/array/cells[1].cell_inst/g1[8].ro/w5_inferred_i_1, puf_bd_i/puf_top_0/inst/array/cells[1].cell_inst/g1[8].ro/w6_inferred_i_1, and puf_bd_i/puf_top_0/inst/array/cells[1].cell_inst/g1[8].ro/w7_inferred_i_1.
CRITICAL WARNING: [DRC LUTLP-1] Combinatorial Loop Alert: 7 LUT cells form a combinatorial loop. This can create a race condition. Timing analysis may not be accurate. The preferred resolution is to modify the design to remove combinatorial logic loops. If the loop is known and understood, this DRC can be bypassed by acknowledging the condition and setting the following XDC constraint on any one of the nets in the loop: 'set_property ALLOW_COMBINATORIAL_LOOPS TRUE [get_nets <myHier/myNet>]'. One net in the loop is puf_bd_i/puf_top_0/inst/array/cells[1].cell_inst/g1[9].ro/w1. Please evaluate your design. The cells in the loop are: puf_bd_i/puf_top_0/inst/array/cells[1].cell_inst/g1[9].ro/w1_inferred_i_1, puf_bd_i/puf_top_0/inst/array/cells[1].cell_inst/g1[9].ro/w2_inferred_i_1, puf_bd_i/puf_top_0/inst/array/cells[1].cell_inst/g1[9].ro/w3_inferred_i_1, puf_bd_i/puf_top_0/inst/array/cells[1].cell_inst/g1[9].ro/w4_inferred_i_1, puf_bd_i/puf_top_0/inst/array/cells[1].cell_inst/g1[9].ro/w5_inferred_i_1, puf_bd_i/puf_top_0/inst/array/cells[1].cell_inst/g1[9].ro/w6_inferred_i_1, and puf_bd_i/puf_top_0/inst/array/cells[1].cell_inst/g1[9].ro/w7_inferred_i_1.
CRITICAL WARNING: [DRC LUTLP-1] Combinatorial Loop Alert: 7 LUT cells form a combinatorial loop. This can create a race condition. Timing analysis may not be accurate. The preferred resolution is to modify the design to remove combinatorial logic loops. If the loop is known and understood, this DRC can be bypassed by acknowledging the condition and setting the following XDC constraint on any one of the nets in the loop: 'set_property ALLOW_COMBINATORIAL_LOOPS TRUE [get_nets <myHier/myNet>]'. One net in the loop is puf_bd_i/puf_top_0/inst/array/cells[2].cell_inst/g0[0].ro/w1. Please evaluate your design. The cells in the loop are: puf_bd_i/puf_top_0/inst/array/cells[2].cell_inst/g0[0].ro/w1_inferred_i_1, puf_bd_i/puf_top_0/inst/array/cells[2].cell_inst/g0[0].ro/w2_inferred_i_1, puf_bd_i/puf_top_0/inst/array/cells[2].cell_inst/g0[0].ro/w3_inferred_i_1, puf_bd_i/puf_top_0/inst/array/cells[2].cell_inst/g0[0].ro/w4_inferred_i_1, puf_bd_i/puf_top_0/inst/array/cells[2].cell_inst/g0[0].ro/w5_inferred_i_1, puf_bd_i/puf_top_0/inst/array/cells[2].cell_inst/g0[0].ro/w6_inferred_i_1, and puf_bd_i/puf_top_0/inst/array/cells[2].cell_inst/g0[0].ro/w7_inferred_i_1.
CRITICAL WARNING: [DRC LUTLP-1] Combinatorial Loop Alert: 7 LUT cells form a combinatorial loop. This can create a race condition. Timing analysis may not be accurate. The preferred resolution is to modify the design to remove combinatorial logic loops. If the loop is known and understood, this DRC can be bypassed by acknowledging the condition and setting the following XDC constraint on any one of the nets in the loop: 'set_property ALLOW_COMBINATORIAL_LOOPS TRUE [get_nets <myHier/myNet>]'. One net in the loop is puf_bd_i/puf_top_0/inst/array/cells[2].cell_inst/g0[10].ro/w1. Please evaluate your design. The cells in the loop are: puf_bd_i/puf_top_0/inst/array/cells[2].cell_inst/g0[10].ro/w1_inferred_i_1, puf_bd_i/puf_top_0/inst/array/cells[2].cell_inst/g0[10].ro/w2_inferred_i_1, puf_bd_i/puf_top_0/inst/array/cells[2].cell_inst/g0[10].ro/w3_inferred_i_1, puf_bd_i/puf_top_0/inst/array/cells[2].cell_inst/g0[10].ro/w4_inferred_i_1, puf_bd_i/puf_top_0/inst/array/cells[2].cell_inst/g0[10].ro/w5_inferred_i_1, puf_bd_i/puf_top_0/inst/array/cells[2].cell_inst/g0[10].ro/w6_inferred_i_1, and puf_bd_i/puf_top_0/inst/array/cells[2].cell_inst/g0[10].ro/w7_inferred_i_1.
CRITICAL WARNING: [DRC LUTLP-1] Combinatorial Loop Alert: 7 LUT cells form a combinatorial loop. This can create a race condition. Timing analysis may not be accurate. The preferred resolution is to modify the design to remove combinatorial logic loops. If the loop is known and understood, this DRC can be bypassed by acknowledging the condition and setting the following XDC constraint on any one of the nets in the loop: 'set_property ALLOW_COMBINATORIAL_LOOPS TRUE [get_nets <myHier/myNet>]'. One net in the loop is puf_bd_i/puf_top_0/inst/array/cells[2].cell_inst/g0[11].ro/w1. Please evaluate your design. The cells in the loop are: puf_bd_i/puf_top_0/inst/array/cells[2].cell_inst/g0[11].ro/w1_inferred_i_1, puf_bd_i/puf_top_0/inst/array/cells[2].cell_inst/g0[11].ro/w2_inferred_i_1, puf_bd_i/puf_top_0/inst/array/cells[2].cell_inst/g0[11].ro/w3_inferred_i_1, puf_bd_i/puf_top_0/inst/array/cells[2].cell_inst/g0[11].ro/w4_inferred_i_1, puf_bd_i/puf_top_0/inst/array/cells[2].cell_inst/g0[11].ro/w5_inferred_i_1, puf_bd_i/puf_top_0/inst/array/cells[2].cell_inst/g0[11].ro/w6_inferred_i_1, and puf_bd_i/puf_top_0/inst/array/cells[2].cell_inst/g0[11].ro/w7_inferred_i_1.
CRITICAL WARNING: [DRC LUTLP-1] Combinatorial Loop Alert: 7 LUT cells form a combinatorial loop. This can create a race condition. Timing analysis may not be accurate. The preferred resolution is to modify the design to remove combinatorial logic loops. If the loop is known and understood, this DRC can be bypassed by acknowledging the condition and setting the following XDC constraint on any one of the nets in the loop: 'set_property ALLOW_COMBINATORIAL_LOOPS TRUE [get_nets <myHier/myNet>]'. One net in the loop is puf_bd_i/puf_top_0/inst/array/cells[2].cell_inst/g0[12].ro/w1. Please evaluate your design. The cells in the loop are: puf_bd_i/puf_top_0/inst/array/cells[2].cell_inst/g0[12].ro/w1_inferred_i_1, puf_bd_i/puf_top_0/inst/array/cells[2].cell_inst/g0[12].ro/w2_inferred_i_1, puf_bd_i/puf_top_0/inst/array/cells[2].cell_inst/g0[12].ro/w3_inferred_i_1, puf_bd_i/puf_top_0/inst/array/cells[2].cell_inst/g0[12].ro/w4_inferred_i_1, puf_bd_i/puf_top_0/inst/array/cells[2].cell_inst/g0[12].ro/w5_inferred_i_1, puf_bd_i/puf_top_0/inst/array/cells[2].cell_inst/g0[12].ro/w6_inferred_i_1, and puf_bd_i/puf_top_0/inst/array/cells[2].cell_inst/g0[12].ro/w7_inferred_i_1.
CRITICAL WARNING: [DRC LUTLP-1] Combinatorial Loop Alert: 7 LUT cells form a combinatorial loop. This can create a race condition. Timing analysis may not be accurate. The preferred resolution is to modify the design to remove combinatorial logic loops. If the loop is known and understood, this DRC can be bypassed by acknowledging the condition and setting the following XDC constraint on any one of the nets in the loop: 'set_property ALLOW_COMBINATORIAL_LOOPS TRUE [get_nets <myHier/myNet>]'. One net in the loop is puf_bd_i/puf_top_0/inst/array/cells[2].cell_inst/g0[13].ro/w1. Please evaluate your design. The cells in the loop are: puf_bd_i/puf_top_0/inst/array/cells[2].cell_inst/g0[13].ro/w1_inferred_i_1, puf_bd_i/puf_top_0/inst/array/cells[2].cell_inst/g0[13].ro/w2_inferred_i_1, puf_bd_i/puf_top_0/inst/array/cells[2].cell_inst/g0[13].ro/w3_inferred_i_1, puf_bd_i/puf_top_0/inst/array/cells[2].cell_inst/g0[13].ro/w4_inferred_i_1, puf_bd_i/puf_top_0/inst/array/cells[2].cell_inst/g0[13].ro/w5_inferred_i_1, puf_bd_i/puf_top_0/inst/array/cells[2].cell_inst/g0[13].ro/w6_inferred_i_1, and puf_bd_i/puf_top_0/inst/array/cells[2].cell_inst/g0[13].ro/w7_inferred_i_1.
CRITICAL WARNING: [DRC LUTLP-1] Combinatorial Loop Alert: 7 LUT cells form a combinatorial loop. This can create a race condition. Timing analysis may not be accurate. The preferred resolution is to modify the design to remove combinatorial logic loops. If the loop is known and understood, this DRC can be bypassed by acknowledging the condition and setting the following XDC constraint on any one of the nets in the loop: 'set_property ALLOW_COMBINATORIAL_LOOPS TRUE [get_nets <myHier/myNet>]'. One net in the loop is puf_bd_i/puf_top_0/inst/array/cells[2].cell_inst/g0[14].ro/w1. Please evaluate your design. The cells in the loop are: puf_bd_i/puf_top_0/inst/array/cells[2].cell_inst/g0[14].ro/w1_inferred_i_1, puf_bd_i/puf_top_0/inst/array/cells[2].cell_inst/g0[14].ro/w2_inferred_i_1, puf_bd_i/puf_top_0/inst/array/cells[2].cell_inst/g0[14].ro/w3_inferred_i_1, puf_bd_i/puf_top_0/inst/array/cells[2].cell_inst/g0[14].ro/w4_inferred_i_1, puf_bd_i/puf_top_0/inst/array/cells[2].cell_inst/g0[14].ro/w5_inferred_i_1, puf_bd_i/puf_top_0/inst/array/cells[2].cell_inst/g0[14].ro/w6_inferred_i_1, and puf_bd_i/puf_top_0/inst/array/cells[2].cell_inst/g0[14].ro/w7_inferred_i_1.
CRITICAL WARNING: [DRC LUTLP-1] Combinatorial Loop Alert: 7 LUT cells form a combinatorial loop. This can create a race condition. Timing analysis may not be accurate. The preferred resolution is to modify the design to remove combinatorial logic loops. If the loop is known and understood, this DRC can be bypassed by acknowledging the condition and setting the following XDC constraint on any one of the nets in the loop: 'set_property ALLOW_COMBINATORIAL_LOOPS TRUE [get_nets <myHier/myNet>]'. One net in the loop is puf_bd_i/puf_top_0/inst/array/cells[2].cell_inst/g0[15].ro/w1. Please evaluate your design. The cells in the loop are: puf_bd_i/puf_top_0/inst/array/cells[2].cell_inst/g0[15].ro/w1_inferred_i_1, puf_bd_i/puf_top_0/inst/array/cells[2].cell_inst/g0[15].ro/w2_inferred_i_1, puf_bd_i/puf_top_0/inst/array/cells[2].cell_inst/g0[15].ro/w3_inferred_i_1, puf_bd_i/puf_top_0/inst/array/cells[2].cell_inst/g0[15].ro/w4_inferred_i_1, puf_bd_i/puf_top_0/inst/array/cells[2].cell_inst/g0[15].ro/w5_inferred_i_1, puf_bd_i/puf_top_0/inst/array/cells[2].cell_inst/g0[15].ro/w6_inferred_i_1, and puf_bd_i/puf_top_0/inst/array/cells[2].cell_inst/g0[15].ro/w7_inferred_i_1.
CRITICAL WARNING: [DRC LUTLP-1] Combinatorial Loop Alert: 7 LUT cells form a combinatorial loop. This can create a race condition. Timing analysis may not be accurate. The preferred resolution is to modify the design to remove combinatorial logic loops. If the loop is known and understood, this DRC can be bypassed by acknowledging the condition and setting the following XDC constraint on any one of the nets in the loop: 'set_property ALLOW_COMBINATORIAL_LOOPS TRUE [get_nets <myHier/myNet>]'. One net in the loop is puf_bd_i/puf_top_0/inst/array/cells[2].cell_inst/g0[1].ro/w1. Please evaluate your design. The cells in the loop are: puf_bd_i/puf_top_0/inst/array/cells[2].cell_inst/g0[1].ro/w1_inferred_i_1, puf_bd_i/puf_top_0/inst/array/cells[2].cell_inst/g0[1].ro/w2_inferred_i_1, puf_bd_i/puf_top_0/inst/array/cells[2].cell_inst/g0[1].ro/w3_inferred_i_1, puf_bd_i/puf_top_0/inst/array/cells[2].cell_inst/g0[1].ro/w4_inferred_i_1, puf_bd_i/puf_top_0/inst/array/cells[2].cell_inst/g0[1].ro/w5_inferred_i_1, puf_bd_i/puf_top_0/inst/array/cells[2].cell_inst/g0[1].ro/w6_inferred_i_1, and puf_bd_i/puf_top_0/inst/array/cells[2].cell_inst/g0[1].ro/w7_inferred_i_1.
CRITICAL WARNING: [DRC LUTLP-1] Combinatorial Loop Alert: 7 LUT cells form a combinatorial loop. This can create a race condition. Timing analysis may not be accurate. The preferred resolution is to modify the design to remove combinatorial logic loops. If the loop is known and understood, this DRC can be bypassed by acknowledging the condition and setting the following XDC constraint on any one of the nets in the loop: 'set_property ALLOW_COMBINATORIAL_LOOPS TRUE [get_nets <myHier/myNet>]'. One net in the loop is puf_bd_i/puf_top_0/inst/array/cells[2].cell_inst/g0[2].ro/w1. Please evaluate your design. The cells in the loop are: puf_bd_i/puf_top_0/inst/array/cells[2].cell_inst/g0[2].ro/w1_inferred_i_1, puf_bd_i/puf_top_0/inst/array/cells[2].cell_inst/g0[2].ro/w2_inferred_i_1, puf_bd_i/puf_top_0/inst/array/cells[2].cell_inst/g0[2].ro/w3_inferred_i_1, puf_bd_i/puf_top_0/inst/array/cells[2].cell_inst/g0[2].ro/w4_inferred_i_1, puf_bd_i/puf_top_0/inst/array/cells[2].cell_inst/g0[2].ro/w5_inferred_i_1, puf_bd_i/puf_top_0/inst/array/cells[2].cell_inst/g0[2].ro/w6_inferred_i_1, and puf_bd_i/puf_top_0/inst/array/cells[2].cell_inst/g0[2].ro/w7_inferred_i_1.
CRITICAL WARNING: [DRC LUTLP-1] Combinatorial Loop Alert: 7 LUT cells form a combinatorial loop. This can create a race condition. Timing analysis may not be accurate. The preferred resolution is to modify the design to remove combinatorial logic loops. If the loop is known and understood, this DRC can be bypassed by acknowledging the condition and setting the following XDC constraint on any one of the nets in the loop: 'set_property ALLOW_COMBINATORIAL_LOOPS TRUE [get_nets <myHier/myNet>]'. One net in the loop is puf_bd_i/puf_top_0/inst/array/cells[2].cell_inst/g0[3].ro/w1. Please evaluate your design. The cells in the loop are: puf_bd_i/puf_top_0/inst/array/cells[2].cell_inst/g0[3].ro/w1_inferred_i_1, puf_bd_i/puf_top_0/inst/array/cells[2].cell_inst/g0[3].ro/w2_inferred_i_1, puf_bd_i/puf_top_0/inst/array/cells[2].cell_inst/g0[3].ro/w3_inferred_i_1, puf_bd_i/puf_top_0/inst/array/cells[2].cell_inst/g0[3].ro/w4_inferred_i_1, puf_bd_i/puf_top_0/inst/array/cells[2].cell_inst/g0[3].ro/w5_inferred_i_1, puf_bd_i/puf_top_0/inst/array/cells[2].cell_inst/g0[3].ro/w6_inferred_i_1, and puf_bd_i/puf_top_0/inst/array/cells[2].cell_inst/g0[3].ro/w7_inferred_i_1.
CRITICAL WARNING: [DRC LUTLP-1] Combinatorial Loop Alert: 7 LUT cells form a combinatorial loop. This can create a race condition. Timing analysis may not be accurate. The preferred resolution is to modify the design to remove combinatorial logic loops. If the loop is known and understood, this DRC can be bypassed by acknowledging the condition and setting the following XDC constraint on any one of the nets in the loop: 'set_property ALLOW_COMBINATORIAL_LOOPS TRUE [get_nets <myHier/myNet>]'. One net in the loop is puf_bd_i/puf_top_0/inst/array/cells[2].cell_inst/g0[4].ro/w1. Please evaluate your design. The cells in the loop are: puf_bd_i/puf_top_0/inst/array/cells[2].cell_inst/g0[4].ro/w1_inferred_i_1, puf_bd_i/puf_top_0/inst/array/cells[2].cell_inst/g0[4].ro/w2_inferred_i_1, puf_bd_i/puf_top_0/inst/array/cells[2].cell_inst/g0[4].ro/w3_inferred_i_1, puf_bd_i/puf_top_0/inst/array/cells[2].cell_inst/g0[4].ro/w4_inferred_i_1, puf_bd_i/puf_top_0/inst/array/cells[2].cell_inst/g0[4].ro/w5_inferred_i_1, puf_bd_i/puf_top_0/inst/array/cells[2].cell_inst/g0[4].ro/w6_inferred_i_1, and puf_bd_i/puf_top_0/inst/array/cells[2].cell_inst/g0[4].ro/w7_inferred_i_1.
CRITICAL WARNING: [DRC LUTLP-1] Combinatorial Loop Alert: 7 LUT cells form a combinatorial loop. This can create a race condition. Timing analysis may not be accurate. The preferred resolution is to modify the design to remove combinatorial logic loops. If the loop is known and understood, this DRC can be bypassed by acknowledging the condition and setting the following XDC constraint on any one of the nets in the loop: 'set_property ALLOW_COMBINATORIAL_LOOPS TRUE [get_nets <myHier/myNet>]'. One net in the loop is puf_bd_i/puf_top_0/inst/array/cells[2].cell_inst/g0[5].ro/w1. Please evaluate your design. The cells in the loop are: puf_bd_i/puf_top_0/inst/array/cells[2].cell_inst/g0[5].ro/w1_inferred_i_1, puf_bd_i/puf_top_0/inst/array/cells[2].cell_inst/g0[5].ro/w2_inferred_i_1, puf_bd_i/puf_top_0/inst/array/cells[2].cell_inst/g0[5].ro/w3_inferred_i_1, puf_bd_i/puf_top_0/inst/array/cells[2].cell_inst/g0[5].ro/w4_inferred_i_1, puf_bd_i/puf_top_0/inst/array/cells[2].cell_inst/g0[5].ro/w5_inferred_i_1, puf_bd_i/puf_top_0/inst/array/cells[2].cell_inst/g0[5].ro/w6_inferred_i_1, and puf_bd_i/puf_top_0/inst/array/cells[2].cell_inst/g0[5].ro/w7_inferred_i_1.
CRITICAL WARNING: [DRC LUTLP-1] Combinatorial Loop Alert: 7 LUT cells form a combinatorial loop. This can create a race condition. Timing analysis may not be accurate. The preferred resolution is to modify the design to remove combinatorial logic loops. If the loop is known and understood, this DRC can be bypassed by acknowledging the condition and setting the following XDC constraint on any one of the nets in the loop: 'set_property ALLOW_COMBINATORIAL_LOOPS TRUE [get_nets <myHier/myNet>]'. One net in the loop is puf_bd_i/puf_top_0/inst/array/cells[2].cell_inst/g0[6].ro/w1. Please evaluate your design. The cells in the loop are: puf_bd_i/puf_top_0/inst/array/cells[2].cell_inst/g0[6].ro/w1_inferred_i_1, puf_bd_i/puf_top_0/inst/array/cells[2].cell_inst/g0[6].ro/w2_inferred_i_1, puf_bd_i/puf_top_0/inst/array/cells[2].cell_inst/g0[6].ro/w3_inferred_i_1, puf_bd_i/puf_top_0/inst/array/cells[2].cell_inst/g0[6].ro/w4_inferred_i_1, puf_bd_i/puf_top_0/inst/array/cells[2].cell_inst/g0[6].ro/w5_inferred_i_1, puf_bd_i/puf_top_0/inst/array/cells[2].cell_inst/g0[6].ro/w6_inferred_i_1, and puf_bd_i/puf_top_0/inst/array/cells[2].cell_inst/g0[6].ro/w7_inferred_i_1.
CRITICAL WARNING: [DRC LUTLP-1] Combinatorial Loop Alert: 7 LUT cells form a combinatorial loop. This can create a race condition. Timing analysis may not be accurate. The preferred resolution is to modify the design to remove combinatorial logic loops. If the loop is known and understood, this DRC can be bypassed by acknowledging the condition and setting the following XDC constraint on any one of the nets in the loop: 'set_property ALLOW_COMBINATORIAL_LOOPS TRUE [get_nets <myHier/myNet>]'. One net in the loop is puf_bd_i/puf_top_0/inst/array/cells[2].cell_inst/g0[7].ro/w1. Please evaluate your design. The cells in the loop are: puf_bd_i/puf_top_0/inst/array/cells[2].cell_inst/g0[7].ro/w1_inferred_i_1, puf_bd_i/puf_top_0/inst/array/cells[2].cell_inst/g0[7].ro/w2_inferred_i_1, puf_bd_i/puf_top_0/inst/array/cells[2].cell_inst/g0[7].ro/w3_inferred_i_1, puf_bd_i/puf_top_0/inst/array/cells[2].cell_inst/g0[7].ro/w4_inferred_i_1, puf_bd_i/puf_top_0/inst/array/cells[2].cell_inst/g0[7].ro/w5_inferred_i_1, puf_bd_i/puf_top_0/inst/array/cells[2].cell_inst/g0[7].ro/w6_inferred_i_1, and puf_bd_i/puf_top_0/inst/array/cells[2].cell_inst/g0[7].ro/w7_inferred_i_1.
CRITICAL WARNING: [DRC LUTLP-1] Combinatorial Loop Alert: 7 LUT cells form a combinatorial loop. This can create a race condition. Timing analysis may not be accurate. The preferred resolution is to modify the design to remove combinatorial logic loops. If the loop is known and understood, this DRC can be bypassed by acknowledging the condition and setting the following XDC constraint on any one of the nets in the loop: 'set_property ALLOW_COMBINATORIAL_LOOPS TRUE [get_nets <myHier/myNet>]'. One net in the loop is puf_bd_i/puf_top_0/inst/array/cells[2].cell_inst/g0[8].ro/w1. Please evaluate your design. The cells in the loop are: puf_bd_i/puf_top_0/inst/array/cells[2].cell_inst/g0[8].ro/w1_inferred_i_1, puf_bd_i/puf_top_0/inst/array/cells[2].cell_inst/g0[8].ro/w2_inferred_i_1, puf_bd_i/puf_top_0/inst/array/cells[2].cell_inst/g0[8].ro/w3_inferred_i_1, puf_bd_i/puf_top_0/inst/array/cells[2].cell_inst/g0[8].ro/w4_inferred_i_1, puf_bd_i/puf_top_0/inst/array/cells[2].cell_inst/g0[8].ro/w5_inferred_i_1, puf_bd_i/puf_top_0/inst/array/cells[2].cell_inst/g0[8].ro/w6_inferred_i_1, and puf_bd_i/puf_top_0/inst/array/cells[2].cell_inst/g0[8].ro/w7_inferred_i_1.
CRITICAL WARNING: [DRC LUTLP-1] Combinatorial Loop Alert: 7 LUT cells form a combinatorial loop. This can create a race condition. Timing analysis may not be accurate. The preferred resolution is to modify the design to remove combinatorial logic loops. If the loop is known and understood, this DRC can be bypassed by acknowledging the condition and setting the following XDC constraint on any one of the nets in the loop: 'set_property ALLOW_COMBINATORIAL_LOOPS TRUE [get_nets <myHier/myNet>]'. One net in the loop is puf_bd_i/puf_top_0/inst/array/cells[2].cell_inst/g0[9].ro/w1. Please evaluate your design. The cells in the loop are: puf_bd_i/puf_top_0/inst/array/cells[2].cell_inst/g0[9].ro/w1_inferred_i_1, puf_bd_i/puf_top_0/inst/array/cells[2].cell_inst/g0[9].ro/w2_inferred_i_1, puf_bd_i/puf_top_0/inst/array/cells[2].cell_inst/g0[9].ro/w3_inferred_i_1, puf_bd_i/puf_top_0/inst/array/cells[2].cell_inst/g0[9].ro/w4_inferred_i_1, puf_bd_i/puf_top_0/inst/array/cells[2].cell_inst/g0[9].ro/w5_inferred_i_1, puf_bd_i/puf_top_0/inst/array/cells[2].cell_inst/g0[9].ro/w6_inferred_i_1, and puf_bd_i/puf_top_0/inst/array/cells[2].cell_inst/g0[9].ro/w7_inferred_i_1.
CRITICAL WARNING: [DRC LUTLP-1] Combinatorial Loop Alert: 7 LUT cells form a combinatorial loop. This can create a race condition. Timing analysis may not be accurate. The preferred resolution is to modify the design to remove combinatorial logic loops. If the loop is known and understood, this DRC can be bypassed by acknowledging the condition and setting the following XDC constraint on any one of the nets in the loop: 'set_property ALLOW_COMBINATORIAL_LOOPS TRUE [get_nets <myHier/myNet>]'. One net in the loop is puf_bd_i/puf_top_0/inst/array/cells[2].cell_inst/g1[0].ro/w1. Please evaluate your design. The cells in the loop are: puf_bd_i/puf_top_0/inst/array/cells[2].cell_inst/g1[0].ro/w1_inferred_i_1, puf_bd_i/puf_top_0/inst/array/cells[2].cell_inst/g1[0].ro/w2_inferred_i_1, puf_bd_i/puf_top_0/inst/array/cells[2].cell_inst/g1[0].ro/w3_inferred_i_1, puf_bd_i/puf_top_0/inst/array/cells[2].cell_inst/g1[0].ro/w4_inferred_i_1, puf_bd_i/puf_top_0/inst/array/cells[2].cell_inst/g1[0].ro/w5_inferred_i_1, puf_bd_i/puf_top_0/inst/array/cells[2].cell_inst/g1[0].ro/w6_inferred_i_1, and puf_bd_i/puf_top_0/inst/array/cells[2].cell_inst/g1[0].ro/w7_inferred_i_1.
CRITICAL WARNING: [DRC LUTLP-1] Combinatorial Loop Alert: 7 LUT cells form a combinatorial loop. This can create a race condition. Timing analysis may not be accurate. The preferred resolution is to modify the design to remove combinatorial logic loops. If the loop is known and understood, this DRC can be bypassed by acknowledging the condition and setting the following XDC constraint on any one of the nets in the loop: 'set_property ALLOW_COMBINATORIAL_LOOPS TRUE [get_nets <myHier/myNet>]'. One net in the loop is puf_bd_i/puf_top_0/inst/array/cells[2].cell_inst/g1[10].ro/w1. Please evaluate your design. The cells in the loop are: puf_bd_i/puf_top_0/inst/array/cells[2].cell_inst/g1[10].ro/w1_inferred_i_1, puf_bd_i/puf_top_0/inst/array/cells[2].cell_inst/g1[10].ro/w2_inferred_i_1, puf_bd_i/puf_top_0/inst/array/cells[2].cell_inst/g1[10].ro/w3_inferred_i_1, puf_bd_i/puf_top_0/inst/array/cells[2].cell_inst/g1[10].ro/w4_inferred_i_1, puf_bd_i/puf_top_0/inst/array/cells[2].cell_inst/g1[10].ro/w5_inferred_i_1, puf_bd_i/puf_top_0/inst/array/cells[2].cell_inst/g1[10].ro/w6_inferred_i_1, and puf_bd_i/puf_top_0/inst/array/cells[2].cell_inst/g1[10].ro/w7_inferred_i_1.
CRITICAL WARNING: [DRC LUTLP-1] Combinatorial Loop Alert: 7 LUT cells form a combinatorial loop. This can create a race condition. Timing analysis may not be accurate. The preferred resolution is to modify the design to remove combinatorial logic loops. If the loop is known and understood, this DRC can be bypassed by acknowledging the condition and setting the following XDC constraint on any one of the nets in the loop: 'set_property ALLOW_COMBINATORIAL_LOOPS TRUE [get_nets <myHier/myNet>]'. One net in the loop is puf_bd_i/puf_top_0/inst/array/cells[2].cell_inst/g1[11].ro/w1. Please evaluate your design. The cells in the loop are: puf_bd_i/puf_top_0/inst/array/cells[2].cell_inst/g1[11].ro/w1_inferred_i_1, puf_bd_i/puf_top_0/inst/array/cells[2].cell_inst/g1[11].ro/w2_inferred_i_1, puf_bd_i/puf_top_0/inst/array/cells[2].cell_inst/g1[11].ro/w3_inferred_i_1, puf_bd_i/puf_top_0/inst/array/cells[2].cell_inst/g1[11].ro/w4_inferred_i_1, puf_bd_i/puf_top_0/inst/array/cells[2].cell_inst/g1[11].ro/w5_inferred_i_1, puf_bd_i/puf_top_0/inst/array/cells[2].cell_inst/g1[11].ro/w6_inferred_i_1, and puf_bd_i/puf_top_0/inst/array/cells[2].cell_inst/g1[11].ro/w7_inferred_i_1.
CRITICAL WARNING: [DRC LUTLP-1] Combinatorial Loop Alert: 7 LUT cells form a combinatorial loop. This can create a race condition. Timing analysis may not be accurate. The preferred resolution is to modify the design to remove combinatorial logic loops. If the loop is known and understood, this DRC can be bypassed by acknowledging the condition and setting the following XDC constraint on any one of the nets in the loop: 'set_property ALLOW_COMBINATORIAL_LOOPS TRUE [get_nets <myHier/myNet>]'. One net in the loop is puf_bd_i/puf_top_0/inst/array/cells[2].cell_inst/g1[12].ro/w1. Please evaluate your design. The cells in the loop are: puf_bd_i/puf_top_0/inst/array/cells[2].cell_inst/g1[12].ro/w1_inferred_i_1, puf_bd_i/puf_top_0/inst/array/cells[2].cell_inst/g1[12].ro/w2_inferred_i_1, puf_bd_i/puf_top_0/inst/array/cells[2].cell_inst/g1[12].ro/w3_inferred_i_1, puf_bd_i/puf_top_0/inst/array/cells[2].cell_inst/g1[12].ro/w4_inferred_i_1, puf_bd_i/puf_top_0/inst/array/cells[2].cell_inst/g1[12].ro/w5_inferred_i_1, puf_bd_i/puf_top_0/inst/array/cells[2].cell_inst/g1[12].ro/w6_inferred_i_1, and puf_bd_i/puf_top_0/inst/array/cells[2].cell_inst/g1[12].ro/w7_inferred_i_1.
CRITICAL WARNING: [DRC LUTLP-1] Combinatorial Loop Alert: 7 LUT cells form a combinatorial loop. This can create a race condition. Timing analysis may not be accurate. The preferred resolution is to modify the design to remove combinatorial logic loops. If the loop is known and understood, this DRC can be bypassed by acknowledging the condition and setting the following XDC constraint on any one of the nets in the loop: 'set_property ALLOW_COMBINATORIAL_LOOPS TRUE [get_nets <myHier/myNet>]'. One net in the loop is puf_bd_i/puf_top_0/inst/array/cells[2].cell_inst/g1[13].ro/w1. Please evaluate your design. The cells in the loop are: puf_bd_i/puf_top_0/inst/array/cells[2].cell_inst/g1[13].ro/w1_inferred_i_1, puf_bd_i/puf_top_0/inst/array/cells[2].cell_inst/g1[13].ro/w2_inferred_i_1, puf_bd_i/puf_top_0/inst/array/cells[2].cell_inst/g1[13].ro/w3_inferred_i_1, puf_bd_i/puf_top_0/inst/array/cells[2].cell_inst/g1[13].ro/w4_inferred_i_1, puf_bd_i/puf_top_0/inst/array/cells[2].cell_inst/g1[13].ro/w5_inferred_i_1, puf_bd_i/puf_top_0/inst/array/cells[2].cell_inst/g1[13].ro/w6_inferred_i_1, and puf_bd_i/puf_top_0/inst/array/cells[2].cell_inst/g1[13].ro/w7_inferred_i_1.
CRITICAL WARNING: [DRC LUTLP-1] Combinatorial Loop Alert: 7 LUT cells form a combinatorial loop. This can create a race condition. Timing analysis may not be accurate. The preferred resolution is to modify the design to remove combinatorial logic loops. If the loop is known and understood, this DRC can be bypassed by acknowledging the condition and setting the following XDC constraint on any one of the nets in the loop: 'set_property ALLOW_COMBINATORIAL_LOOPS TRUE [get_nets <myHier/myNet>]'. One net in the loop is puf_bd_i/puf_top_0/inst/array/cells[2].cell_inst/g1[14].ro/w1. Please evaluate your design. The cells in the loop are: puf_bd_i/puf_top_0/inst/array/cells[2].cell_inst/g1[14].ro/w1_inferred_i_1, puf_bd_i/puf_top_0/inst/array/cells[2].cell_inst/g1[14].ro/w2_inferred_i_1, puf_bd_i/puf_top_0/inst/array/cells[2].cell_inst/g1[14].ro/w3_inferred_i_1, puf_bd_i/puf_top_0/inst/array/cells[2].cell_inst/g1[14].ro/w4_inferred_i_1, puf_bd_i/puf_top_0/inst/array/cells[2].cell_inst/g1[14].ro/w5_inferred_i_1, puf_bd_i/puf_top_0/inst/array/cells[2].cell_inst/g1[14].ro/w6_inferred_i_1, and puf_bd_i/puf_top_0/inst/array/cells[2].cell_inst/g1[14].ro/w7_inferred_i_1.
CRITICAL WARNING: [DRC LUTLP-1] Combinatorial Loop Alert: 7 LUT cells form a combinatorial loop. This can create a race condition. Timing analysis may not be accurate. The preferred resolution is to modify the design to remove combinatorial logic loops. If the loop is known and understood, this DRC can be bypassed by acknowledging the condition and setting the following XDC constraint on any one of the nets in the loop: 'set_property ALLOW_COMBINATORIAL_LOOPS TRUE [get_nets <myHier/myNet>]'. One net in the loop is puf_bd_i/puf_top_0/inst/array/cells[2].cell_inst/g1[15].ro/w1. Please evaluate your design. The cells in the loop are: puf_bd_i/puf_top_0/inst/array/cells[2].cell_inst/g1[15].ro/w1_inferred_i_1, puf_bd_i/puf_top_0/inst/array/cells[2].cell_inst/g1[15].ro/w2_inferred_i_1, puf_bd_i/puf_top_0/inst/array/cells[2].cell_inst/g1[15].ro/w3_inferred_i_1, puf_bd_i/puf_top_0/inst/array/cells[2].cell_inst/g1[15].ro/w4_inferred_i_1, puf_bd_i/puf_top_0/inst/array/cells[2].cell_inst/g1[15].ro/w5_inferred_i_1, puf_bd_i/puf_top_0/inst/array/cells[2].cell_inst/g1[15].ro/w6_inferred_i_1, and puf_bd_i/puf_top_0/inst/array/cells[2].cell_inst/g1[15].ro/w7_inferred_i_1.
CRITICAL WARNING: [DRC LUTLP-1] Combinatorial Loop Alert: 7 LUT cells form a combinatorial loop. This can create a race condition. Timing analysis may not be accurate. The preferred resolution is to modify the design to remove combinatorial logic loops. If the loop is known and understood, this DRC can be bypassed by acknowledging the condition and setting the following XDC constraint on any one of the nets in the loop: 'set_property ALLOW_COMBINATORIAL_LOOPS TRUE [get_nets <myHier/myNet>]'. One net in the loop is puf_bd_i/puf_top_0/inst/array/cells[2].cell_inst/g1[1].ro/w1. Please evaluate your design. The cells in the loop are: puf_bd_i/puf_top_0/inst/array/cells[2].cell_inst/g1[1].ro/w1_inferred_i_1, puf_bd_i/puf_top_0/inst/array/cells[2].cell_inst/g1[1].ro/w2_inferred_i_1, puf_bd_i/puf_top_0/inst/array/cells[2].cell_inst/g1[1].ro/w3_inferred_i_1, puf_bd_i/puf_top_0/inst/array/cells[2].cell_inst/g1[1].ro/w4_inferred_i_1, puf_bd_i/puf_top_0/inst/array/cells[2].cell_inst/g1[1].ro/w5_inferred_i_1, puf_bd_i/puf_top_0/inst/array/cells[2].cell_inst/g1[1].ro/w6_inferred_i_1, and puf_bd_i/puf_top_0/inst/array/cells[2].cell_inst/g1[1].ro/w7_inferred_i_1.
CRITICAL WARNING: [DRC LUTLP-1] Combinatorial Loop Alert: 7 LUT cells form a combinatorial loop. This can create a race condition. Timing analysis may not be accurate. The preferred resolution is to modify the design to remove combinatorial logic loops. If the loop is known and understood, this DRC can be bypassed by acknowledging the condition and setting the following XDC constraint on any one of the nets in the loop: 'set_property ALLOW_COMBINATORIAL_LOOPS TRUE [get_nets <myHier/myNet>]'. One net in the loop is puf_bd_i/puf_top_0/inst/array/cells[2].cell_inst/g1[2].ro/w1. Please evaluate your design. The cells in the loop are: puf_bd_i/puf_top_0/inst/array/cells[2].cell_inst/g1[2].ro/w1_inferred_i_1, puf_bd_i/puf_top_0/inst/array/cells[2].cell_inst/g1[2].ro/w2_inferred_i_1, puf_bd_i/puf_top_0/inst/array/cells[2].cell_inst/g1[2].ro/w3_inferred_i_1, puf_bd_i/puf_top_0/inst/array/cells[2].cell_inst/g1[2].ro/w4_inferred_i_1, puf_bd_i/puf_top_0/inst/array/cells[2].cell_inst/g1[2].ro/w5_inferred_i_1, puf_bd_i/puf_top_0/inst/array/cells[2].cell_inst/g1[2].ro/w6_inferred_i_1, and puf_bd_i/puf_top_0/inst/array/cells[2].cell_inst/g1[2].ro/w7_inferred_i_1.
CRITICAL WARNING: [DRC LUTLP-1] Combinatorial Loop Alert: 7 LUT cells form a combinatorial loop. This can create a race condition. Timing analysis may not be accurate. The preferred resolution is to modify the design to remove combinatorial logic loops. If the loop is known and understood, this DRC can be bypassed by acknowledging the condition and setting the following XDC constraint on any one of the nets in the loop: 'set_property ALLOW_COMBINATORIAL_LOOPS TRUE [get_nets <myHier/myNet>]'. One net in the loop is puf_bd_i/puf_top_0/inst/array/cells[2].cell_inst/g1[3].ro/w1. Please evaluate your design. The cells in the loop are: puf_bd_i/puf_top_0/inst/array/cells[2].cell_inst/g1[3].ro/w1_inferred_i_1, puf_bd_i/puf_top_0/inst/array/cells[2].cell_inst/g1[3].ro/w2_inferred_i_1, puf_bd_i/puf_top_0/inst/array/cells[2].cell_inst/g1[3].ro/w3_inferred_i_1, puf_bd_i/puf_top_0/inst/array/cells[2].cell_inst/g1[3].ro/w4_inferred_i_1, puf_bd_i/puf_top_0/inst/array/cells[2].cell_inst/g1[3].ro/w5_inferred_i_1, puf_bd_i/puf_top_0/inst/array/cells[2].cell_inst/g1[3].ro/w6_inferred_i_1, and puf_bd_i/puf_top_0/inst/array/cells[2].cell_inst/g1[3].ro/w7_inferred_i_1.
CRITICAL WARNING: [DRC LUTLP-1] Combinatorial Loop Alert: 7 LUT cells form a combinatorial loop. This can create a race condition. Timing analysis may not be accurate. The preferred resolution is to modify the design to remove combinatorial logic loops. If the loop is known and understood, this DRC can be bypassed by acknowledging the condition and setting the following XDC constraint on any one of the nets in the loop: 'set_property ALLOW_COMBINATORIAL_LOOPS TRUE [get_nets <myHier/myNet>]'. One net in the loop is puf_bd_i/puf_top_0/inst/array/cells[2].cell_inst/g1[4].ro/w1. Please evaluate your design. The cells in the loop are: puf_bd_i/puf_top_0/inst/array/cells[2].cell_inst/g1[4].ro/w1_inferred_i_1, puf_bd_i/puf_top_0/inst/array/cells[2].cell_inst/g1[4].ro/w2_inferred_i_1, puf_bd_i/puf_top_0/inst/array/cells[2].cell_inst/g1[4].ro/w3_inferred_i_1, puf_bd_i/puf_top_0/inst/array/cells[2].cell_inst/g1[4].ro/w4_inferred_i_1, puf_bd_i/puf_top_0/inst/array/cells[2].cell_inst/g1[4].ro/w5_inferred_i_1, puf_bd_i/puf_top_0/inst/array/cells[2].cell_inst/g1[4].ro/w6_inferred_i_1, and puf_bd_i/puf_top_0/inst/array/cells[2].cell_inst/g1[4].ro/w7_inferred_i_1.
CRITICAL WARNING: [DRC LUTLP-1] Combinatorial Loop Alert: 7 LUT cells form a combinatorial loop. This can create a race condition. Timing analysis may not be accurate. The preferred resolution is to modify the design to remove combinatorial logic loops. If the loop is known and understood, this DRC can be bypassed by acknowledging the condition and setting the following XDC constraint on any one of the nets in the loop: 'set_property ALLOW_COMBINATORIAL_LOOPS TRUE [get_nets <myHier/myNet>]'. One net in the loop is puf_bd_i/puf_top_0/inst/array/cells[2].cell_inst/g1[5].ro/w1. Please evaluate your design. The cells in the loop are: puf_bd_i/puf_top_0/inst/array/cells[2].cell_inst/g1[5].ro/w1_inferred_i_1, puf_bd_i/puf_top_0/inst/array/cells[2].cell_inst/g1[5].ro/w2_inferred_i_1, puf_bd_i/puf_top_0/inst/array/cells[2].cell_inst/g1[5].ro/w3_inferred_i_1, puf_bd_i/puf_top_0/inst/array/cells[2].cell_inst/g1[5].ro/w4_inferred_i_1, puf_bd_i/puf_top_0/inst/array/cells[2].cell_inst/g1[5].ro/w5_inferred_i_1, puf_bd_i/puf_top_0/inst/array/cells[2].cell_inst/g1[5].ro/w6_inferred_i_1, and puf_bd_i/puf_top_0/inst/array/cells[2].cell_inst/g1[5].ro/w7_inferred_i_1.
CRITICAL WARNING: [DRC LUTLP-1] Combinatorial Loop Alert: 7 LUT cells form a combinatorial loop. This can create a race condition. Timing analysis may not be accurate. The preferred resolution is to modify the design to remove combinatorial logic loops. If the loop is known and understood, this DRC can be bypassed by acknowledging the condition and setting the following XDC constraint on any one of the nets in the loop: 'set_property ALLOW_COMBINATORIAL_LOOPS TRUE [get_nets <myHier/myNet>]'. One net in the loop is puf_bd_i/puf_top_0/inst/array/cells[2].cell_inst/g1[6].ro/w1. Please evaluate your design. The cells in the loop are: puf_bd_i/puf_top_0/inst/array/cells[2].cell_inst/g1[6].ro/w1_inferred_i_1, puf_bd_i/puf_top_0/inst/array/cells[2].cell_inst/g1[6].ro/w2_inferred_i_1, puf_bd_i/puf_top_0/inst/array/cells[2].cell_inst/g1[6].ro/w3_inferred_i_1, puf_bd_i/puf_top_0/inst/array/cells[2].cell_inst/g1[6].ro/w4_inferred_i_1, puf_bd_i/puf_top_0/inst/array/cells[2].cell_inst/g1[6].ro/w5_inferred_i_1, puf_bd_i/puf_top_0/inst/array/cells[2].cell_inst/g1[6].ro/w6_inferred_i_1, and puf_bd_i/puf_top_0/inst/array/cells[2].cell_inst/g1[6].ro/w7_inferred_i_1.
CRITICAL WARNING: [DRC LUTLP-1] Combinatorial Loop Alert: 7 LUT cells form a combinatorial loop. This can create a race condition. Timing analysis may not be accurate. The preferred resolution is to modify the design to remove combinatorial logic loops. If the loop is known and understood, this DRC can be bypassed by acknowledging the condition and setting the following XDC constraint on any one of the nets in the loop: 'set_property ALLOW_COMBINATORIAL_LOOPS TRUE [get_nets <myHier/myNet>]'. One net in the loop is puf_bd_i/puf_top_0/inst/array/cells[2].cell_inst/g1[7].ro/w1. Please evaluate your design. The cells in the loop are: puf_bd_i/puf_top_0/inst/array/cells[2].cell_inst/g1[7].ro/w1_inferred_i_1, puf_bd_i/puf_top_0/inst/array/cells[2].cell_inst/g1[7].ro/w2_inferred_i_1, puf_bd_i/puf_top_0/inst/array/cells[2].cell_inst/g1[7].ro/w3_inferred_i_1, puf_bd_i/puf_top_0/inst/array/cells[2].cell_inst/g1[7].ro/w4_inferred_i_1, puf_bd_i/puf_top_0/inst/array/cells[2].cell_inst/g1[7].ro/w5_inferred_i_1, puf_bd_i/puf_top_0/inst/array/cells[2].cell_inst/g1[7].ro/w6_inferred_i_1, and puf_bd_i/puf_top_0/inst/array/cells[2].cell_inst/g1[7].ro/w7_inferred_i_1.
CRITICAL WARNING: [DRC LUTLP-1] Combinatorial Loop Alert: 7 LUT cells form a combinatorial loop. This can create a race condition. Timing analysis may not be accurate. The preferred resolution is to modify the design to remove combinatorial logic loops. If the loop is known and understood, this DRC can be bypassed by acknowledging the condition and setting the following XDC constraint on any one of the nets in the loop: 'set_property ALLOW_COMBINATORIAL_LOOPS TRUE [get_nets <myHier/myNet>]'. One net in the loop is puf_bd_i/puf_top_0/inst/array/cells[2].cell_inst/g1[8].ro/w1. Please evaluate your design. The cells in the loop are: puf_bd_i/puf_top_0/inst/array/cells[2].cell_inst/g1[8].ro/w1_inferred_i_1, puf_bd_i/puf_top_0/inst/array/cells[2].cell_inst/g1[8].ro/w2_inferred_i_1, puf_bd_i/puf_top_0/inst/array/cells[2].cell_inst/g1[8].ro/w3_inferred_i_1, puf_bd_i/puf_top_0/inst/array/cells[2].cell_inst/g1[8].ro/w4_inferred_i_1, puf_bd_i/puf_top_0/inst/array/cells[2].cell_inst/g1[8].ro/w5_inferred_i_1, puf_bd_i/puf_top_0/inst/array/cells[2].cell_inst/g1[8].ro/w6_inferred_i_1, and puf_bd_i/puf_top_0/inst/array/cells[2].cell_inst/g1[8].ro/w7_inferred_i_1.
CRITICAL WARNING: [DRC LUTLP-1] Combinatorial Loop Alert: 7 LUT cells form a combinatorial loop. This can create a race condition. Timing analysis may not be accurate. The preferred resolution is to modify the design to remove combinatorial logic loops. If the loop is known and understood, this DRC can be bypassed by acknowledging the condition and setting the following XDC constraint on any one of the nets in the loop: 'set_property ALLOW_COMBINATORIAL_LOOPS TRUE [get_nets <myHier/myNet>]'. One net in the loop is puf_bd_i/puf_top_0/inst/array/cells[2].cell_inst/g1[9].ro/w1. Please evaluate your design. The cells in the loop are: puf_bd_i/puf_top_0/inst/array/cells[2].cell_inst/g1[9].ro/w1_inferred_i_1, puf_bd_i/puf_top_0/inst/array/cells[2].cell_inst/g1[9].ro/w2_inferred_i_1, puf_bd_i/puf_top_0/inst/array/cells[2].cell_inst/g1[9].ro/w3_inferred_i_1, puf_bd_i/puf_top_0/inst/array/cells[2].cell_inst/g1[9].ro/w4_inferred_i_1, puf_bd_i/puf_top_0/inst/array/cells[2].cell_inst/g1[9].ro/w5_inferred_i_1, puf_bd_i/puf_top_0/inst/array/cells[2].cell_inst/g1[9].ro/w6_inferred_i_1, and puf_bd_i/puf_top_0/inst/array/cells[2].cell_inst/g1[9].ro/w7_inferred_i_1.
CRITICAL WARNING: [DRC LUTLP-1] Combinatorial Loop Alert: 7 LUT cells form a combinatorial loop. This can create a race condition. Timing analysis may not be accurate. The preferred resolution is to modify the design to remove combinatorial logic loops. If the loop is known and understood, this DRC can be bypassed by acknowledging the condition and setting the following XDC constraint on any one of the nets in the loop: 'set_property ALLOW_COMBINATORIAL_LOOPS TRUE [get_nets <myHier/myNet>]'. One net in the loop is puf_bd_i/puf_top_0/inst/array/cells[3].cell_inst/g0[0].ro/w1. Please evaluate your design. The cells in the loop are: puf_bd_i/puf_top_0/inst/array/cells[3].cell_inst/g0[0].ro/w1_inferred_i_1, puf_bd_i/puf_top_0/inst/array/cells[3].cell_inst/g0[0].ro/w2_inferred_i_1, puf_bd_i/puf_top_0/inst/array/cells[3].cell_inst/g0[0].ro/w3_inferred_i_1, puf_bd_i/puf_top_0/inst/array/cells[3].cell_inst/g0[0].ro/w4_inferred_i_1, puf_bd_i/puf_top_0/inst/array/cells[3].cell_inst/g0[0].ro/w5_inferred_i_1, puf_bd_i/puf_top_0/inst/array/cells[3].cell_inst/g0[0].ro/w6_inferred_i_1, and puf_bd_i/puf_top_0/inst/array/cells[3].cell_inst/g0[0].ro/w7_inferred_i_1.
CRITICAL WARNING: [DRC LUTLP-1] Combinatorial Loop Alert: 7 LUT cells form a combinatorial loop. This can create a race condition. Timing analysis may not be accurate. The preferred resolution is to modify the design to remove combinatorial logic loops. If the loop is known and understood, this DRC can be bypassed by acknowledging the condition and setting the following XDC constraint on any one of the nets in the loop: 'set_property ALLOW_COMBINATORIAL_LOOPS TRUE [get_nets <myHier/myNet>]'. One net in the loop is puf_bd_i/puf_top_0/inst/array/cells[3].cell_inst/g0[10].ro/w1. Please evaluate your design. The cells in the loop are: puf_bd_i/puf_top_0/inst/array/cells[3].cell_inst/g0[10].ro/w1_inferred_i_1, puf_bd_i/puf_top_0/inst/array/cells[3].cell_inst/g0[10].ro/w2_inferred_i_1, puf_bd_i/puf_top_0/inst/array/cells[3].cell_inst/g0[10].ro/w3_inferred_i_1, puf_bd_i/puf_top_0/inst/array/cells[3].cell_inst/g0[10].ro/w4_inferred_i_1, puf_bd_i/puf_top_0/inst/array/cells[3].cell_inst/g0[10].ro/w5_inferred_i_1, puf_bd_i/puf_top_0/inst/array/cells[3].cell_inst/g0[10].ro/w6_inferred_i_1, and puf_bd_i/puf_top_0/inst/array/cells[3].cell_inst/g0[10].ro/w7_inferred_i_1.
CRITICAL WARNING: [DRC LUTLP-1] Combinatorial Loop Alert: 7 LUT cells form a combinatorial loop. This can create a race condition. Timing analysis may not be accurate. The preferred resolution is to modify the design to remove combinatorial logic loops. If the loop is known and understood, this DRC can be bypassed by acknowledging the condition and setting the following XDC constraint on any one of the nets in the loop: 'set_property ALLOW_COMBINATORIAL_LOOPS TRUE [get_nets <myHier/myNet>]'. One net in the loop is puf_bd_i/puf_top_0/inst/array/cells[3].cell_inst/g0[11].ro/w1. Please evaluate your design. The cells in the loop are: puf_bd_i/puf_top_0/inst/array/cells[3].cell_inst/g0[11].ro/w1_inferred_i_1, puf_bd_i/puf_top_0/inst/array/cells[3].cell_inst/g0[11].ro/w2_inferred_i_1, puf_bd_i/puf_top_0/inst/array/cells[3].cell_inst/g0[11].ro/w3_inferred_i_1, puf_bd_i/puf_top_0/inst/array/cells[3].cell_inst/g0[11].ro/w4_inferred_i_1, puf_bd_i/puf_top_0/inst/array/cells[3].cell_inst/g0[11].ro/w5_inferred_i_1, puf_bd_i/puf_top_0/inst/array/cells[3].cell_inst/g0[11].ro/w6_inferred_i_1, and puf_bd_i/puf_top_0/inst/array/cells[3].cell_inst/g0[11].ro/w7_inferred_i_1.
CRITICAL WARNING: [DRC LUTLP-1] Combinatorial Loop Alert: 7 LUT cells form a combinatorial loop. This can create a race condition. Timing analysis may not be accurate. The preferred resolution is to modify the design to remove combinatorial logic loops. If the loop is known and understood, this DRC can be bypassed by acknowledging the condition and setting the following XDC constraint on any one of the nets in the loop: 'set_property ALLOW_COMBINATORIAL_LOOPS TRUE [get_nets <myHier/myNet>]'. One net in the loop is puf_bd_i/puf_top_0/inst/array/cells[3].cell_inst/g0[12].ro/w1. Please evaluate your design. The cells in the loop are: puf_bd_i/puf_top_0/inst/array/cells[3].cell_inst/g0[12].ro/w1_inferred_i_1, puf_bd_i/puf_top_0/inst/array/cells[3].cell_inst/g0[12].ro/w2_inferred_i_1, puf_bd_i/puf_top_0/inst/array/cells[3].cell_inst/g0[12].ro/w3_inferred_i_1, puf_bd_i/puf_top_0/inst/array/cells[3].cell_inst/g0[12].ro/w4_inferred_i_1, puf_bd_i/puf_top_0/inst/array/cells[3].cell_inst/g0[12].ro/w5_inferred_i_1, puf_bd_i/puf_top_0/inst/array/cells[3].cell_inst/g0[12].ro/w6_inferred_i_1, and puf_bd_i/puf_top_0/inst/array/cells[3].cell_inst/g0[12].ro/w7_inferred_i_1.
INFO: [Common 17-14] Message 'DRC LUTLP-1' appears 100 times and further instances of the messages will be disabled. Use the Tcl command set_msg_config to change the current settings.
INFO: [Vivado_Tcl 4-198] DRC finished with 0 Errors, 256 Critical Warnings
INFO: [Vivado_Tcl 4-199] Please refer to the DRC report (report_drc) for more information.
INFO: [Place 30-611] Multithreading enabled for place_design using a maximum of 2 CPUs

Starting Placer Task

Phase 1 Placer Initialization

Phase 1.1 Placer Initialization Netlist Sorting
Netlist sorting complete. Time (s): cpu = 00:00:00 ; elapsed = 00:00:00.008 . Memory (MB): peak = 1996.387 ; gain = 0.000
Phase 1.1 Placer Initialization Netlist Sorting | Checksum: 131198afe

Time (s): cpu = 00:00:00 ; elapsed = 00:00:00.019 . Memory (MB): peak = 1996.387 ; gain = 0.000
Netlist sorting complete. Time (s): cpu = 00:00:00 ; elapsed = 00:00:00.007 . Memory (MB): peak = 1996.387 ; gain = 0.000

Phase 1.2 IO Placement/ Clock Placement/ Build Placer Device
WARNING: [Place 30-568] A LUT 'puf_bd_i/puf_top_0/inst/array/cells[0].cell_inst/g0[8].ro/wop_inferred_i_1' is driving clock pin of 1 registers. This could lead to large hold time violations. First few involved registers are:
	puf_bd_i/puf_top_0/inst/array/cells[0].cell_inst/g0[8].ro/div/q_reg {FDCE}
WARNING: [Place 30-568] A LUT 'puf_bd_i/puf_top_0/inst/array/cells[0].cell_inst/g0[0].ro/wop_inferred_i_1' is driving clock pin of 1 registers. This could lead to large hold time violations. First few involved registers are:
	puf_bd_i/puf_top_0/inst/array/cells[0].cell_inst/g0[0].ro/div/q_reg {FDCE}
WARNING: [Place 30-568] A LUT 'puf_bd_i/puf_top_0/inst/array/cells[0].cell_inst/g0[10].ro/wop_inferred_i_1' is driving clock pin of 1 registers. This could lead to large hold time violations. First few involved registers are:
	puf_bd_i/puf_top_0/inst/array/cells[0].cell_inst/g0[10].ro/div/q_reg {FDCE}
WARNING: [Place 30-568] A LUT 'puf_bd_i/puf_top_0/inst/array/cells[0].cell_inst/g0[11].ro/wop_inferred_i_1' is driving clock pin of 1 registers. This could lead to large hold time violations. First few involved registers are:
	puf_bd_i/puf_top_0/inst/array/cells[0].cell_inst/g0[11].ro/div/q_reg {FDCE}
WARNING: [Place 30-568] A LUT 'puf_bd_i/puf_top_0/inst/array/cells[0].cell_inst/g0[12].ro/wop_inferred_i_1' is driving clock pin of 1 registers. This could lead to large hold time violations. First few involved registers are:
	puf_bd_i/puf_top_0/inst/array/cells[0].cell_inst/g0[12].ro/div/q_reg {FDCE}
WARNING: [Place 30-568] A LUT 'puf_bd_i/puf_top_0/inst/array/cells[0].cell_inst/g0[13].ro/wop_inferred_i_1' is driving clock pin of 1 registers. This could lead to large hold time violations. First few involved registers are:
	puf_bd_i/puf_top_0/inst/array/cells[0].cell_inst/g0[13].ro/div/q_reg {FDCE}
WARNING: [Place 30-568] A LUT 'puf_bd_i/puf_top_0/inst/array/cells[0].cell_inst/g0[14].ro/wop_inferred_i_1' is driving clock pin of 1 registers. This could lead to large hold time violations. First few involved registers are:
	puf_bd_i/puf_top_0/inst/array/cells[0].cell_inst/g0[14].ro/div/q_reg {FDCE}
WARNING: [Place 30-568] A LUT 'puf_bd_i/puf_top_0/inst/array/cells[0].cell_inst/g0[15].ro/wop_inferred_i_1' is driving clock pin of 1 registers. This could lead to large hold time violations. First few involved registers are:
	puf_bd_i/puf_top_0/inst/array/cells[0].cell_inst/g0[15].ro/div/q_reg {FDCE}
WARNING: [Place 30-568] A LUT 'puf_bd_i/puf_top_0/inst/array/cells[0].cell_inst/g0[1].ro/wop_inferred_i_1' is driving clock pin of 1 registers. This could lead to large hold time violations. First few involved registers are:
	puf_bd_i/puf_top_0/inst/array/cells[0].cell_inst/g0[1].ro/div/q_reg {FDCE}
WARNING: [Place 30-568] A LUT 'puf_bd_i/puf_top_0/inst/array/cells[0].cell_inst/g0[2].ro/wop_inferred_i_1' is driving clock pin of 1 registers. This could lead to large hold time violations. First few involved registers are:
	puf_bd_i/puf_top_0/inst/array/cells[0].cell_inst/g0[2].ro/div/q_reg {FDCE}
WARNING: [Place 30-568] A LUT 'puf_bd_i/puf_top_0/inst/array/cells[0].cell_inst/g0[3].ro/wop_inferred_i_1' is driving clock pin of 1 registers. This could lead to large hold time violations. First few involved registers are:
	puf_bd_i/puf_top_0/inst/array/cells[0].cell_inst/g0[3].ro/div/q_reg {FDCE}
WARNING: [Place 30-568] A LUT 'puf_bd_i/puf_top_0/inst/array/cells[0].cell_inst/g0[4].ro/wop_inferred_i_1' is driving clock pin of 1 registers. This could lead to large hold time violations. First few involved registers are:
	puf_bd_i/puf_top_0/inst/array/cells[0].cell_inst/g0[4].ro/div/q_reg {FDCE}
WARNING: [Place 30-568] A LUT 'puf_bd_i/puf_top_0/inst/array/cells[0].cell_inst/g0[5].ro/wop_inferred_i_1' is driving clock pin of 1 registers. This could lead to large hold time violations. First few involved registers are:
	puf_bd_i/puf_top_0/inst/array/cells[0].cell_inst/g0[5].ro/div/q_reg {FDCE}
WARNING: [Place 30-568] A LUT 'puf_bd_i/puf_top_0/inst/array/cells[0].cell_inst/g0[6].ro/wop_inferred_i_1' is driving clock pin of 1 registers. This could lead to large hold time violations. First few involved registers are:
	puf_bd_i/puf_top_0/inst/array/cells[0].cell_inst/g0[6].ro/div/q_reg {FDCE}
WARNING: [Place 30-568] A LUT 'puf_bd_i/puf_top_0/inst/array/cells[0].cell_inst/g0[7].ro/wop_inferred_i_1' is driving clock pin of 1 registers. This could lead to large hold time violations. First few involved registers are:
	puf_bd_i/puf_top_0/inst/array/cells[0].cell_inst/g0[7].ro/div/q_reg {FDCE}
WARNING: [Place 30-568] A LUT 'puf_bd_i/puf_top_0/inst/array/cells[0].cell_inst/g1[12].ro/wop_inferred_i_1' is driving clock pin of 1 registers. This could lead to large hold time violations. First few involved registers are:
	puf_bd_i/puf_top_0/inst/array/cells[0].cell_inst/g1[12].ro/div/q_reg {FDCE}
WARNING: [Place 30-568] A LUT 'puf_bd_i/puf_top_0/inst/array/cells[0].cell_inst/g1[13].ro/wop_inferred_i_1' is driving clock pin of 1 registers. This could lead to large hold time violations. First few involved registers are:
	puf_bd_i/puf_top_0/inst/array/cells[0].cell_inst/g1[13].ro/div/q_reg {FDCE}
WARNING: [Place 30-568] A LUT 'puf_bd_i/puf_top_0/inst/array/cells[0].cell_inst/g1[14].ro/wop_inferred_i_1' is driving clock pin of 1 registers. This could lead to large hold time violations. First few involved registers are:
	puf_bd_i/puf_top_0/inst/array/cells[0].cell_inst/g1[14].ro/div/q_reg {FDCE}
WARNING: [Place 30-568] A LUT 'puf_bd_i/puf_top_0/inst/array/cells[0].cell_inst/g1[15].ro/wop_inferred_i_1' is driving clock pin of 1 registers. This could lead to large hold time violations. First few involved registers are:
	puf_bd_i/puf_top_0/inst/array/cells[0].cell_inst/g1[15].ro/div/q_reg {FDCE}
WARNING: [Place 30-568] A LUT 'puf_bd_i/puf_top_0/inst/array/cells[0].cell_inst/g1[1].ro/wop_inferred_i_1' is driving clock pin of 1 registers. This could lead to large hold time violations. First few involved registers are:
	puf_bd_i/puf_top_0/inst/array/cells[0].cell_inst/g1[1].ro/div/q_reg {FDCE}
WARNING: [Place 30-568] A LUT 'puf_bd_i/puf_top_0/inst/array/cells[0].cell_inst/g1[2].ro/wop_inferred_i_1' is driving clock pin of 1 registers. This could lead to large hold time violations. First few involved registers are:
	puf_bd_i/puf_top_0/inst/array/cells[0].cell_inst/g1[2].ro/div/q_reg {FDCE}
WARNING: [Place 30-568] A LUT 'puf_bd_i/puf_top_0/inst/array/cells[0].cell_inst/g1[3].ro/wop_inferred_i_1' is driving clock pin of 1 registers. This could lead to large hold time violations. First few involved registers are:
	puf_bd_i/puf_top_0/inst/array/cells[0].cell_inst/g1[3].ro/div/q_reg {FDCE}
WARNING: [Place 30-568] A LUT 'puf_bd_i/puf_top_0/inst/array/cells[0].cell_inst/g1[4].ro/wop_inferred_i_1' is driving clock pin of 1 registers. This could lead to large hold time violations. First few involved registers are:
	puf_bd_i/puf_top_0/inst/array/cells[0].cell_inst/g1[4].ro/div/q_reg {FDCE}
WARNING: [Place 30-568] A LUT 'puf_bd_i/puf_top_0/inst/array/cells[0].cell_inst/g1[5].ro/wop_inferred_i_1' is driving clock pin of 1 registers. This could lead to large hold time violations. First few involved registers are:
	puf_bd_i/puf_top_0/inst/array/cells[0].cell_inst/g1[5].ro/div/q_reg {FDCE}
WARNING: [Place 30-568] A LUT 'puf_bd_i/puf_top_0/inst/array/cells[0].cell_inst/g1[6].ro/wop_inferred_i_1' is driving clock pin of 1 registers. This could lead to large hold time violations. First few involved registers are:
	puf_bd_i/puf_top_0/inst/array/cells[0].cell_inst/g1[6].ro/div/q_reg {FDCE}
WARNING: [Place 30-568] A LUT 'puf_bd_i/puf_top_0/inst/array/cells[0].cell_inst/g1[7].ro/wop_inferred_i_1' is driving clock pin of 1 registers. This could lead to large hold time violations. First few involved registers are:
	puf_bd_i/puf_top_0/inst/array/cells[0].cell_inst/g1[7].ro/div/q_reg {FDCE}
WARNING: [Place 30-568] A LUT 'puf_bd_i/puf_top_0/inst/array/cells[0].cell_inst/g1[8].ro/wop_inferred_i_1' is driving clock pin of 1 registers. This could lead to large hold time violations. First few involved registers are:
	puf_bd_i/puf_top_0/inst/array/cells[0].cell_inst/g1[8].ro/div/q_reg {FDCE}
WARNING: [Place 30-568] A LUT 'puf_bd_i/puf_top_0/inst/array/cells[0].cell_inst/g1[9].ro/wop_inferred_i_1' is driving clock pin of 1 registers. This could lead to large hold time violations. First few involved registers are:
	puf_bd_i/puf_top_0/inst/array/cells[0].cell_inst/g1[9].ro/div/q_reg {FDCE}
WARNING: [Place 30-568] A LUT 'puf_bd_i/puf_top_0/inst/array/cells[1].cell_inst/g0[8].ro/wop_inferred_i_1' is driving clock pin of 1 registers. This could lead to large hold time violations. First few involved registers are:
	puf_bd_i/puf_top_0/inst/array/cells[1].cell_inst/g0[8].ro/div/q_reg {FDCE}
WARNING: [Place 30-568] A LUT 'puf_bd_i/puf_top_0/inst/array/cells[1].cell_inst/g0[9].ro/wop_inferred_i_1' is driving clock pin of 1 registers. This could lead to large hold time violations. First few involved registers are:
	puf_bd_i/puf_top_0/inst/array/cells[1].cell_inst/g0[9].ro/div/q_reg {FDCE}
WARNING: [Place 30-568] A LUT 'puf_bd_i/puf_top_0/inst/array/cells[1].cell_inst/g0[0].ro/wop_inferred_i_1' is driving clock pin of 1 registers. This could lead to large hold time violations. First few involved registers are:
	puf_bd_i/puf_top_0/inst/array/cells[1].cell_inst/g0[0].ro/div/q_reg {FDCE}
WARNING: [Place 30-568] A LUT 'puf_bd_i/puf_top_0/inst/array/cells[1].cell_inst/g0[10].ro/wop_inferred_i_1' is driving clock pin of 1 registers. This could lead to large hold time violations. First few involved registers are:
	puf_bd_i/puf_top_0/inst/array/cells[1].cell_inst/g0[10].ro/div/q_reg {FDCE}
WARNING: [Place 30-568] A LUT 'puf_bd_i/puf_top_0/inst/array/cells[1].cell_inst/g0[11].ro/wop_inferred_i_1' is driving clock pin of 1 registers. This could lead to large hold time violations. First few involved registers are:
	puf_bd_i/puf_top_0/inst/array/cells[1].cell_inst/g0[11].ro/div/q_reg {FDCE}
WARNING: [Place 30-568] A LUT 'puf_bd_i/puf_top_0/inst/array/cells[1].cell_inst/g0[12].ro/wop_inferred_i_1' is driving clock pin of 1 registers. This could lead to large hold time violations. First few involved registers are:
	puf_bd_i/puf_top_0/inst/array/cells[1].cell_inst/g0[12].ro/div/q_reg {FDCE}
WARNING: [Place 30-568] A LUT 'puf_bd_i/puf_top_0/inst/array/cells[1].cell_inst/g0[13].ro/wop_inferred_i_1' is driving clock pin of 1 registers. This could lead to large hold time violations. First few involved registers are:
	puf_bd_i/puf_top_0/inst/array/cells[1].cell_inst/g0[13].ro/div/q_reg {FDCE}
WARNING: [Place 30-568] A LUT 'puf_bd_i/puf_top_0/inst/array/cells[1].cell_inst/g0[14].ro/wop_inferred_i_1' is driving clock pin of 1 registers. This could lead to large hold time violations. First few involved registers are:
	puf_bd_i/puf_top_0/inst/array/cells[1].cell_inst/g0[14].ro/div/q_reg {FDCE}
WARNING: [Place 30-568] A LUT 'puf_bd_i/puf_top_0/inst/array/cells[1].cell_inst/g0[15].ro/wop_inferred_i_1' is driving clock pin of 1 registers. This could lead to large hold time violations. First few involved registers are:
	puf_bd_i/puf_top_0/inst/array/cells[1].cell_inst/g0[15].ro/div/q_reg {FDCE}
WARNING: [Place 30-568] A LUT 'puf_bd_i/puf_top_0/inst/array/cells[1].cell_inst/g0[1].ro/wop_inferred_i_1' is driving clock pin of 1 registers. This could lead to large hold time violations. First few involved registers are:
	puf_bd_i/puf_top_0/inst/array/cells[1].cell_inst/g0[1].ro/div/q_reg {FDCE}
WARNING: [Place 30-568] A LUT 'puf_bd_i/puf_top_0/inst/array/cells[1].cell_inst/g0[2].ro/wop_inferred_i_1' is driving clock pin of 1 registers. This could lead to large hold time violations. First few involved registers are:
	puf_bd_i/puf_top_0/inst/array/cells[1].cell_inst/g0[2].ro/div/q_reg {FDCE}
WARNING: [Place 30-568] A LUT 'puf_bd_i/puf_top_0/inst/array/cells[1].cell_inst/g0[3].ro/wop_inferred_i_1' is driving clock pin of 1 registers. This could lead to large hold time violations. First few involved registers are:
	puf_bd_i/puf_top_0/inst/array/cells[1].cell_inst/g0[3].ro/div/q_reg {FDCE}
WARNING: [Place 30-568] A LUT 'puf_bd_i/puf_top_0/inst/array/cells[1].cell_inst/g0[4].ro/wop_inferred_i_1' is driving clock pin of 1 registers. This could lead to large hold time violations. First few involved registers are:
	puf_bd_i/puf_top_0/inst/array/cells[1].cell_inst/g0[4].ro/div/q_reg {FDCE}
WARNING: [Place 30-568] A LUT 'puf_bd_i/puf_top_0/inst/array/cells[1].cell_inst/g0[5].ro/wop_inferred_i_1' is driving clock pin of 1 registers. This could lead to large hold time violations. First few involved registers are:
	puf_bd_i/puf_top_0/inst/array/cells[1].cell_inst/g0[5].ro/div/q_reg {FDCE}
WARNING: [Place 30-568] A LUT 'puf_bd_i/puf_top_0/inst/array/cells[1].cell_inst/g0[6].ro/wop_inferred_i_1' is driving clock pin of 1 registers. This could lead to large hold time violations. First few involved registers are:
	puf_bd_i/puf_top_0/inst/array/cells[1].cell_inst/g0[6].ro/div/q_reg {FDCE}
WARNING: [Place 30-568] A LUT 'puf_bd_i/puf_top_0/inst/array/cells[1].cell_inst/g0[7].ro/wop_inferred_i_1' is driving clock pin of 1 registers. This could lead to large hold time violations. First few involved registers are:
	puf_bd_i/puf_top_0/inst/array/cells[1].cell_inst/g0[7].ro/div/q_reg {FDCE}
WARNING: [Place 30-568] A LUT 'puf_bd_i/puf_top_0/inst/array/cells[0].cell_inst/g0[9].ro/wop_inferred_i_1' is driving clock pin of 1 registers. This could lead to large hold time violations. First few involved registers are:
	puf_bd_i/puf_top_0/inst/array/cells[0].cell_inst/g0[9].ro/div/q_reg {FDCE}
WARNING: [Place 30-568] A LUT 'puf_bd_i/puf_top_0/inst/array/cells[0].cell_inst/g1[0].ro/wop_inferred_i_1' is driving clock pin of 1 registers. This could lead to large hold time violations. First few involved registers are:
	puf_bd_i/puf_top_0/inst/array/cells[0].cell_inst/g1[0].ro/div/q_reg {FDCE}
WARNING: [Place 30-568] A LUT 'puf_bd_i/puf_top_0/inst/array/cells[0].cell_inst/g1[10].ro/wop_inferred_i_1' is driving clock pin of 1 registers. This could lead to large hold time violations. First few involved registers are:
	puf_bd_i/puf_top_0/inst/array/cells[0].cell_inst/g1[10].ro/div/q_reg {FDCE}
WARNING: [Place 30-568] A LUT 'puf_bd_i/puf_top_0/inst/array/cells[0].cell_inst/g1[11].ro/wop_inferred_i_1' is driving clock pin of 1 registers. This could lead to large hold time violations. First few involved registers are:
	puf_bd_i/puf_top_0/inst/array/cells[0].cell_inst/g1[11].ro/div/q_reg {FDCE}
WARNING: [Place 30-568] A LUT 'puf_bd_i/puf_top_0/inst/array/cells[1].cell_inst/g1[9].ro/wop_inferred_i_1' is driving clock pin of 1 registers. This could lead to large hold time violations. First few involved registers are:
	puf_bd_i/puf_top_0/inst/array/cells[1].cell_inst/g1[9].ro/div/q_reg {FDCE}
WARNING: [Place 30-568] A LUT 'puf_bd_i/puf_top_0/inst/array/cells[1].cell_inst/g1[0].ro/wop_inferred_i_1' is driving clock pin of 1 registers. This could lead to large hold time violations. First few involved registers are:
	puf_bd_i/puf_top_0/inst/array/cells[1].cell_inst/g1[0].ro/div/q_reg {FDCE}
WARNING: [Place 30-568] A LUT 'puf_bd_i/puf_top_0/inst/array/cells[1].cell_inst/g1[10].ro/wop_inferred_i_1' is driving clock pin of 1 registers. This could lead to large hold time violations. First few involved registers are:
	puf_bd_i/puf_top_0/inst/array/cells[1].cell_inst/g1[10].ro/div/q_reg {FDCE}
WARNING: [Place 30-568] A LUT 'puf_bd_i/puf_top_0/inst/array/cells[1].cell_inst/g1[11].ro/wop_inferred_i_1' is driving clock pin of 1 registers. This could lead to large hold time violations. First few involved registers are:
	puf_bd_i/puf_top_0/inst/array/cells[1].cell_inst/g1[11].ro/div/q_reg {FDCE}
WARNING: [Place 30-568] A LUT 'puf_bd_i/puf_top_0/inst/array/cells[1].cell_inst/g1[12].ro/wop_inferred_i_1' is driving clock pin of 1 registers. This could lead to large hold time violations. First few involved registers are:
	puf_bd_i/puf_top_0/inst/array/cells[1].cell_inst/g1[12].ro/div/q_reg {FDCE}
WARNING: [Place 30-568] A LUT 'puf_bd_i/puf_top_0/inst/array/cells[1].cell_inst/g1[13].ro/wop_inferred_i_1' is driving clock pin of 1 registers. This could lead to large hold time violations. First few involved registers are:
	puf_bd_i/puf_top_0/inst/array/cells[1].cell_inst/g1[13].ro/div/q_reg {FDCE}
WARNING: [Place 30-568] A LUT 'puf_bd_i/puf_top_0/inst/array/cells[1].cell_inst/g1[14].ro/wop_inferred_i_1' is driving clock pin of 1 registers. This could lead to large hold time violations. First few involved registers are:
	puf_bd_i/puf_top_0/inst/array/cells[1].cell_inst/g1[14].ro/div/q_reg {FDCE}
WARNING: [Place 30-568] A LUT 'puf_bd_i/puf_top_0/inst/array/cells[1].cell_inst/g1[15].ro/wop_inferred_i_1' is driving clock pin of 1 registers. This could lead to large hold time violations. First few involved registers are:
	puf_bd_i/puf_top_0/inst/array/cells[1].cell_inst/g1[15].ro/div/q_reg {FDCE}
WARNING: [Place 30-568] A LUT 'puf_bd_i/puf_top_0/inst/array/cells[1].cell_inst/g1[1].ro/wop_inferred_i_1' is driving clock pin of 1 registers. This could lead to large hold time violations. First few involved registers are:
	puf_bd_i/puf_top_0/inst/array/cells[1].cell_inst/g1[1].ro/div/q_reg {FDCE}
WARNING: [Place 30-568] A LUT 'puf_bd_i/puf_top_0/inst/array/cells[1].cell_inst/g1[2].ro/wop_inferred_i_1' is driving clock pin of 1 registers. This could lead to large hold time violations. First few involved registers are:
	puf_bd_i/puf_top_0/inst/array/cells[1].cell_inst/g1[2].ro/div/q_reg {FDCE}
WARNING: [Place 30-568] A LUT 'puf_bd_i/puf_top_0/inst/array/cells[1].cell_inst/g1[3].ro/wop_inferred_i_1' is driving clock pin of 1 registers. This could lead to large hold time violations. First few involved registers are:
	puf_bd_i/puf_top_0/inst/array/cells[1].cell_inst/g1[3].ro/div/q_reg {FDCE}
WARNING: [Place 30-568] A LUT 'puf_bd_i/puf_top_0/inst/array/cells[1].cell_inst/g1[4].ro/wop_inferred_i_1' is driving clock pin of 1 registers. This could lead to large hold time violations. First few involved registers are:
	puf_bd_i/puf_top_0/inst/array/cells[1].cell_inst/g1[4].ro/div/q_reg {FDCE}
WARNING: [Place 30-568] A LUT 'puf_bd_i/puf_top_0/inst/array/cells[1].cell_inst/g1[5].ro/wop_inferred_i_1' is driving clock pin of 1 registers. This could lead to large hold time violations. First few involved registers are:
	puf_bd_i/puf_top_0/inst/array/cells[1].cell_inst/g1[5].ro/div/q_reg {FDCE}
WARNING: [Place 30-568] A LUT 'puf_bd_i/puf_top_0/inst/array/cells[1].cell_inst/g1[6].ro/wop_inferred_i_1' is driving clock pin of 1 registers. This could lead to large hold time violations. First few involved registers are:
	puf_bd_i/puf_top_0/inst/array/cells[1].cell_inst/g1[6].ro/div/q_reg {FDCE}
WARNING: [Place 30-568] A LUT 'puf_bd_i/puf_top_0/inst/array/cells[1].cell_inst/g1[7].ro/wop_inferred_i_1' is driving clock pin of 1 registers. This could lead to large hold time violations. First few involved registers are:
	puf_bd_i/puf_top_0/inst/array/cells[1].cell_inst/g1[7].ro/div/q_reg {FDCE}
WARNING: [Place 30-568] A LUT 'puf_bd_i/puf_top_0/inst/array/cells[1].cell_inst/g1[8].ro/wop_inferred_i_1' is driving clock pin of 1 registers. This could lead to large hold time violations. First few involved registers are:
	puf_bd_i/puf_top_0/inst/array/cells[1].cell_inst/g1[8].ro/div/q_reg {FDCE}
WARNING: [Place 30-568] A LUT 'puf_bd_i/puf_top_0/inst/array/cells[2].cell_inst/g0[5].ro/wop_inferred_i_1' is driving clock pin of 1 registers. This could lead to large hold time violations. First few involved registers are:
	puf_bd_i/puf_top_0/inst/array/cells[2].cell_inst/g0[5].ro/div/q_reg {FDCE}
WARNING: [Place 30-568] A LUT 'puf_bd_i/puf_top_0/inst/array/cells[2].cell_inst/g0[6].ro/wop_inferred_i_1' is driving clock pin of 1 registers. This could lead to large hold time violations. First few involved registers are:
	puf_bd_i/puf_top_0/inst/array/cells[2].cell_inst/g0[6].ro/div/q_reg {FDCE}
WARNING: [Place 30-568] A LUT 'puf_bd_i/puf_top_0/inst/array/cells[2].cell_inst/g0[0].ro/wop_inferred_i_1' is driving clock pin of 1 registers. This could lead to large hold time violations. First few involved registers are:
	puf_bd_i/puf_top_0/inst/array/cells[2].cell_inst/g0[0].ro/div/q_reg {FDCE}
WARNING: [Place 30-568] A LUT 'puf_bd_i/puf_top_0/inst/array/cells[2].cell_inst/g0[10].ro/wop_inferred_i_1' is driving clock pin of 1 registers. This could lead to large hold time violations. First few involved registers are:
	puf_bd_i/puf_top_0/inst/array/cells[2].cell_inst/g0[10].ro/div/q_reg {FDCE}
WARNING: [Place 30-568] A LUT 'puf_bd_i/puf_top_0/inst/array/cells[2].cell_inst/g0[11].ro/wop_inferred_i_1' is driving clock pin of 1 registers. This could lead to large hold time violations. First few involved registers are:
	puf_bd_i/puf_top_0/inst/array/cells[2].cell_inst/g0[11].ro/div/q_reg {FDCE}
WARNING: [Place 30-568] A LUT 'puf_bd_i/puf_top_0/inst/array/cells[2].cell_inst/g0[12].ro/wop_inferred_i_1' is driving clock pin of 1 registers. This could lead to large hold time violations. First few involved registers are:
	puf_bd_i/puf_top_0/inst/array/cells[2].cell_inst/g0[12].ro/div/q_reg {FDCE}
WARNING: [Place 30-568] A LUT 'puf_bd_i/puf_top_0/inst/array/cells[2].cell_inst/g0[13].ro/wop_inferred_i_1' is driving clock pin of 1 registers. This could lead to large hold time violations. First few involved registers are:
	puf_bd_i/puf_top_0/inst/array/cells[2].cell_inst/g0[13].ro/div/q_reg {FDCE}
WARNING: [Place 30-568] A LUT 'puf_bd_i/puf_top_0/inst/array/cells[2].cell_inst/g0[14].ro/wop_inferred_i_1' is driving clock pin of 1 registers. This could lead to large hold time violations. First few involved registers are:
	puf_bd_i/puf_top_0/inst/array/cells[2].cell_inst/g0[14].ro/div/q_reg {FDCE}
WARNING: [Place 30-568] A LUT 'puf_bd_i/puf_top_0/inst/array/cells[2].cell_inst/g0[15].ro/wop_inferred_i_1' is driving clock pin of 1 registers. This could lead to large hold time violations. First few involved registers are:
	puf_bd_i/puf_top_0/inst/array/cells[2].cell_inst/g0[15].ro/div/q_reg {FDCE}
WARNING: [Place 30-568] A LUT 'puf_bd_i/puf_top_0/inst/array/cells[2].cell_inst/g0[1].ro/wop_inferred_i_1' is driving clock pin of 1 registers. This could lead to large hold time violations. First few involved registers are:
	puf_bd_i/puf_top_0/inst/array/cells[2].cell_inst/g0[1].ro/div/q_reg {FDCE}
WARNING: [Place 30-568] A LUT 'puf_bd_i/puf_top_0/inst/array/cells[2].cell_inst/g0[2].ro/wop_inferred_i_1' is driving clock pin of 1 registers. This could lead to large hold time violations. First few involved registers are:
	puf_bd_i/puf_top_0/inst/array/cells[2].cell_inst/g0[2].ro/div/q_reg {FDCE}
WARNING: [Place 30-568] A LUT 'puf_bd_i/puf_top_0/inst/array/cells[2].cell_inst/g0[3].ro/wop_inferred_i_1' is driving clock pin of 1 registers. This could lead to large hold time violations. First few involved registers are:
	puf_bd_i/puf_top_0/inst/array/cells[2].cell_inst/g0[3].ro/div/q_reg {FDCE}
WARNING: [Place 30-568] A LUT 'puf_bd_i/puf_top_0/inst/array/cells[2].cell_inst/g0[4].ro/wop_inferred_i_1' is driving clock pin of 1 registers. This could lead to large hold time violations. First few involved registers are:
	puf_bd_i/puf_top_0/inst/array/cells[2].cell_inst/g0[4].ro/div/q_reg {FDCE}
WARNING: [Place 30-568] A LUT 'puf_bd_i/puf_top_0/inst/array/cells[2].cell_inst/g0[7].ro/wop_inferred_i_1' is driving clock pin of 1 registers. This could lead to large hold time violations. First few involved registers are:
	puf_bd_i/puf_top_0/inst/array/cells[2].cell_inst/g0[7].ro/div/q_reg {FDCE}
WARNING: [Place 30-568] A LUT 'puf_bd_i/puf_top_0/inst/array/cells[2].cell_inst/g0[8].ro/wop_inferred_i_1' is driving clock pin of 1 registers. This could lead to large hold time violations. First few involved registers are:
	puf_bd_i/puf_top_0/inst/array/cells[2].cell_inst/g0[8].ro/div/q_reg {FDCE}
WARNING: [Place 30-568] A LUT 'puf_bd_i/puf_top_0/inst/array/cells[2].cell_inst/g0[9].ro/wop_inferred_i_1' is driving clock pin of 1 registers. This could lead to large hold time violations. First few involved registers are:
	puf_bd_i/puf_top_0/inst/array/cells[2].cell_inst/g0[9].ro/div/q_reg {FDCE}
WARNING: [Place 30-568] A LUT 'puf_bd_i/puf_top_0/inst/array/cells[2].cell_inst/g1[0].ro/wop_inferred_i_1' is driving clock pin of 1 registers. This could lead to large hold time violations. First few involved registers are:
	puf_bd_i/puf_top_0/inst/array/cells[2].cell_inst/g1[0].ro/div/q_reg {FDCE}
WARNING: [Place 30-568] A LUT 'puf_bd_i/puf_top_0/inst/array/cells[2].cell_inst/g1[10].ro/wop_inferred_i_1' is driving clock pin of 1 registers. This could lead to large hold time violations. First few involved registers are:
	puf_bd_i/puf_top_0/inst/array/cells[2].cell_inst/g1[10].ro/div/q_reg {FDCE}
WARNING: [Place 30-568] A LUT 'puf_bd_i/puf_top_0/inst/array/cells[2].cell_inst/g1[11].ro/wop_inferred_i_1' is driving clock pin of 1 registers. This could lead to large hold time violations. First few involved registers are:
	puf_bd_i/puf_top_0/inst/array/cells[2].cell_inst/g1[11].ro/div/q_reg {FDCE}
WARNING: [Place 30-568] A LUT 'puf_bd_i/puf_top_0/inst/array/cells[2].cell_inst/g1[12].ro/wop_inferred_i_1' is driving clock pin of 1 registers. This could lead to large hold time violations. First few involved registers are:
	puf_bd_i/puf_top_0/inst/array/cells[2].cell_inst/g1[12].ro/div/q_reg {FDCE}
WARNING: [Place 30-568] A LUT 'puf_bd_i/puf_top_0/inst/array/cells[2].cell_inst/g1[13].ro/wop_inferred_i_1' is driving clock pin of 1 registers. This could lead to large hold time violations. First few involved registers are:
	puf_bd_i/puf_top_0/inst/array/cells[2].cell_inst/g1[13].ro/div/q_reg {FDCE}
WARNING: [Place 30-568] A LUT 'puf_bd_i/puf_top_0/inst/array/cells[2].cell_inst/g1[14].ro/wop_inferred_i_1' is driving clock pin of 1 registers. This could lead to large hold time violations. First few involved registers are:
	puf_bd_i/puf_top_0/inst/array/cells[2].cell_inst/g1[14].ro/div/q_reg {FDCE}
WARNING: [Place 30-568] A LUT 'puf_bd_i/puf_top_0/inst/array/cells[2].cell_inst/g1[15].ro/wop_inferred_i_1' is driving clock pin of 1 registers. This could lead to large hold time violations. First few involved registers are:
	puf_bd_i/puf_top_0/inst/array/cells[2].cell_inst/g1[15].ro/div/q_reg {FDCE}
WARNING: [Place 30-568] A LUT 'puf_bd_i/puf_top_0/inst/array/cells[2].cell_inst/g1[1].ro/wop_inferred_i_1' is driving clock pin of 1 registers. This could lead to large hold time violations. First few involved registers are:
	puf_bd_i/puf_top_0/inst/array/cells[2].cell_inst/g1[1].ro/div/q_reg {FDCE}
WARNING: [Place 30-568] A LUT 'puf_bd_i/puf_top_0/inst/array/cells[2].cell_inst/g1[2].ro/wop_inferred_i_1' is driving clock pin of 1 registers. This could lead to large hold time violations. First few involved registers are:
	puf_bd_i/puf_top_0/inst/array/cells[2].cell_inst/g1[2].ro/div/q_reg {FDCE}
WARNING: [Place 30-568] A LUT 'puf_bd_i/puf_top_0/inst/array/cells[2].cell_inst/g1[3].ro/wop_inferred_i_1' is driving clock pin of 1 registers. This could lead to large hold time violations. First few involved registers are:
	puf_bd_i/puf_top_0/inst/array/cells[2].cell_inst/g1[3].ro/div/q_reg {FDCE}
WARNING: [Place 30-568] A LUT 'puf_bd_i/puf_top_0/inst/array/cells[2].cell_inst/g1[4].ro/wop_inferred_i_1' is driving clock pin of 1 registers. This could lead to large hold time violations. First few involved registers are:
	puf_bd_i/puf_top_0/inst/array/cells[2].cell_inst/g1[4].ro/div/q_reg {FDCE}
WARNING: [Place 30-568] A LUT 'puf_bd_i/puf_top_0/inst/array/cells[2].cell_inst/g1[5].ro/wop_inferred_i_1' is driving clock pin of 1 registers. This could lead to large hold time violations. First few involved registers are:
	puf_bd_i/puf_top_0/inst/array/cells[2].cell_inst/g1[5].ro/div/q_reg {FDCE}
WARNING: [Place 30-568] A LUT 'puf_bd_i/puf_top_0/inst/array/cells[2].cell_inst/g1[6].ro/wop_inferred_i_1' is driving clock pin of 1 registers. This could lead to large hold time violations. First few involved registers are:
	puf_bd_i/puf_top_0/inst/array/cells[2].cell_inst/g1[6].ro/div/q_reg {FDCE}
WARNING: [Place 30-568] A LUT 'puf_bd_i/puf_top_0/inst/array/cells[2].cell_inst/g1[7].ro/wop_inferred_i_1' is driving clock pin of 1 registers. This could lead to large hold time violations. First few involved registers are:
	puf_bd_i/puf_top_0/inst/array/cells[2].cell_inst/g1[7].ro/div/q_reg {FDCE}
WARNING: [Place 30-568] A LUT 'puf_bd_i/puf_top_0/inst/array/cells[2].cell_inst/g1[8].ro/wop_inferred_i_1' is driving clock pin of 1 registers. This could lead to large hold time violations. First few involved registers are:
	puf_bd_i/puf_top_0/inst/array/cells[2].cell_inst/g1[8].ro/div/q_reg {FDCE}
WARNING: [Place 30-568] A LUT 'puf_bd_i/puf_top_0/inst/array/cells[2].cell_inst/g1[9].ro/wop_inferred_i_1' is driving clock pin of 1 registers. This could lead to large hold time violations. First few involved registers are:
	puf_bd_i/puf_top_0/inst/array/cells[2].cell_inst/g1[9].ro/div/q_reg {FDCE}
WARNING: [Place 30-568] A LUT 'puf_bd_i/puf_top_0/inst/array/cells[3].cell_inst/g0[0].ro/wop_inferred_i_1' is driving clock pin of 1 registers. This could lead to large hold time violations. First few involved registers are:
	puf_bd_i/puf_top_0/inst/array/cells[3].cell_inst/g0[0].ro/div/q_reg {FDCE}
WARNING: [Place 30-568] A LUT 'puf_bd_i/puf_top_0/inst/array/cells[3].cell_inst/g0[10].ro/wop_inferred_i_1' is driving clock pin of 1 registers. This could lead to large hold time violations. First few involved registers are:
	puf_bd_i/puf_top_0/inst/array/cells[3].cell_inst/g0[10].ro/div/q_reg {FDCE}
WARNING: [Place 30-568] A LUT 'puf_bd_i/puf_top_0/inst/array/cells[3].cell_inst/g0[11].ro/wop_inferred_i_1' is driving clock pin of 1 registers. This could lead to large hold time violations. First few involved registers are:
	puf_bd_i/puf_top_0/inst/array/cells[3].cell_inst/g0[11].ro/div/q_reg {FDCE}
WARNING: [Place 30-568] A LUT 'puf_bd_i/puf_top_0/inst/array/cells[3].cell_inst/g0[12].ro/wop_inferred_i_1' is driving clock pin of 1 registers. This could lead to large hold time violations. First few involved registers are:
	puf_bd_i/puf_top_0/inst/array/cells[3].cell_inst/g0[12].ro/div/q_reg {FDCE}
INFO: [Common 17-14] Message 'Place 30-568' appears 100 times and further instances of the messages will be disabled. Use the Tcl command set_msg_config to change the current settings.
INFO: [Timing 38-35] Done setting XDC timing constraints.
Phase 1.2 IO Placement/ Clock Placement/ Build Placer Device | Checksum: 1110016c7

Time (s): cpu = 00:00:01 ; elapsed = 00:00:01 . Memory (MB): peak = 2014.676 ; gain = 18.289

Phase 1.3 Build Placer Netlist Model
Phase 1.3 Build Placer Netlist Model | Checksum: 10206ccda

Time (s): cpu = 00:00:02 ; elapsed = 00:00:02 . Memory (MB): peak = 2016.090 ; gain = 19.703

Phase 1.4 Constrain Clocks/Macros
Phase 1.4 Constrain Clocks/Macros | Checksum: 10206ccda

Time (s): cpu = 00:00:02 ; elapsed = 00:00:02 . Memory (MB): peak = 2016.090 ; gain = 19.703
Phase 1 Placer Initialization | Checksum: 10206ccda

Time (s): cpu = 00:00:02 ; elapsed = 00:00:02 . Memory (MB): peak = 2016.090 ; gain = 19.703

Phase 2 Global Placement

Phase 2.1 Floorplanning
Phase 2.1 Floorplanning | Checksum: 99e20b53

Time (s): cpu = 00:00:03 ; elapsed = 00:00:02 . Memory (MB): peak = 2016.090 ; gain = 19.703

Phase 2.2 Update Timing before SLR Path Opt
Phase 2.2 Update Timing before SLR Path Opt | Checksum: 145d86f8a

Time (s): cpu = 00:00:03 ; elapsed = 00:00:02 . Memory (MB): peak = 2016.090 ; gain = 19.703

Phase 2.3 Post-Processing in Floorplanning
Phase 2.3 Post-Processing in Floorplanning | Checksum: 145d86f8a

Time (s): cpu = 00:00:03 ; elapsed = 00:00:02 . Memory (MB): peak = 2016.090 ; gain = 19.703

Phase 2.4 Global Place Phase1
Phase 2.4 Global Place Phase1 | Checksum: 11cb98e1f

Time (s): cpu = 00:00:05 ; elapsed = 00:00:04 . Memory (MB): peak = 2016.090 ; gain = 19.703

Phase 2.5 Global Place Phase2

Phase 2.5.1 UpdateTiming Before Physical Synthesis
Phase 2.5.1 UpdateTiming Before Physical Synthesis | Checksum: cf25f10c

Time (s): cpu = 00:00:06 ; elapsed = 00:00:04 . Memory (MB): peak = 2016.090 ; gain = 19.703

Phase 2.5.2 Physical Synthesis In Placer
INFO: [Physopt 32-1035] Found 0 LUTNM shape to break, 8492 LUT instances to create LUTNM shape
INFO: [Physopt 32-1044] Break lutnm for timing: one critical 0, two critical 0, total 0, new lutff created 0
INFO: [Physopt 32-1138] End 1 Pass. Optimized 4182 nets or LUTs. Breaked 0 LUT, combined 4182 existing LUTs and moved 0 existing LUT
INFO: [Physopt 32-65] No nets found for high-fanout optimization.
INFO: [Physopt 32-232] Optimized 0 net. Created 0 new instance.
INFO: [Physopt 32-775] End 1 Pass. Optimized 0 net or cell. Created 0 new cell, deleted 0 existing cell and moved 0 existing cell
INFO: [Physopt 32-670] No setup violation found.  DSP Register Optimization was not performed.
INFO: [Physopt 32-670] No setup violation found.  Shift Register to Pipeline Optimization was not performed.
INFO: [Physopt 32-670] No setup violation found.  Shift Register Optimization was not performed.
INFO: [Physopt 32-670] No setup violation found.  BRAM Register Optimization was not performed.
INFO: [Physopt 32-670] No setup violation found.  URAM Register Optimization was not performed.
INFO: [Physopt 32-949] No candidate nets found for dynamic/static region interface net replication
INFO: [Physopt 32-775] End 1 Pass. Optimized 0 net or cell. Created 0 new cell, deleted 0 existing cell and moved 0 existing cell
Netlist sorting complete. Time (s): cpu = 00:00:00 ; elapsed = 00:00:00.007 . Memory (MB): peak = 2016.090 ; gain = 0.000

Summary of Physical Synthesis Optimizations
============================================


-----------------------------------------------------------------------------------------------------------------------------------------------------------
|  Optimization                                     |  Added Cells  |  Removed Cells  |  Optimized Cells/Nets  |  Dont Touch  |  Iterations  |  Elapsed   |
-----------------------------------------------------------------------------------------------------------------------------------------------------------
|  LUT Combining                                    |            0  |           4182  |                  4182  |           0  |           1  |  00:00:02  |
|  Retime                                           |            0  |              0  |                     0  |           0  |           1  |  00:00:00  |
|  Very High Fanout                                 |            0  |              0  |                     0  |           0  |           1  |  00:00:00  |
|  DSP Register                                     |            0  |              0  |                     0  |           0  |           0  |  00:00:00  |
|  Shift Register to Pipeline                       |            0  |              0  |                     0  |           0  |           0  |  00:00:00  |
|  Shift Register                                   |            0  |              0  |                     0  |           0  |           0  |  00:00:00  |
|  BRAM Register                                    |            0  |              0  |                     0  |           0  |           0  |  00:00:00  |
|  URAM Register                                    |            0  |              0  |                     0  |           0  |           0  |  00:00:00  |
|  Dynamic/Static Region Interface Net Replication  |            0  |              0  |                     0  |           0  |           1  |  00:00:00  |
|  Total                                            |            0  |           4182  |                  4182  |           0  |           4  |  00:00:02  |
-----------------------------------------------------------------------------------------------------------------------------------------------------------


Phase 2.5.2 Physical Synthesis In Placer | Checksum: 18971e747

Time (s): cpu = 00:00:08 ; elapsed = 00:00:07 . Memory (MB): peak = 2016.090 ; gain = 19.703
Phase 2.5 Global Place Phase2 | Checksum: 1c13b2495

Time (s): cpu = 00:00:08 ; elapsed = 00:00:07 . Memory (MB): peak = 2016.090 ; gain = 19.703
Phase 2 Global Placement | Checksum: 1c13b2495

Time (s): cpu = 00:00:08 ; elapsed = 00:00:07 . Memory (MB): peak = 2016.090 ; gain = 19.703

Phase 3 Detail Placement

Phase 3.1 Commit Multi Column Macros
Phase 3.1 Commit Multi Column Macros | Checksum: 1534b25cf

Time (s): cpu = 00:00:09 ; elapsed = 00:00:07 . Memory (MB): peak = 2016.090 ; gain = 19.703

Phase 3.2 Commit Most Macros & LUTRAMs
Phase 3.2 Commit Most Macros & LUTRAMs | Checksum: 2374d263a

Time (s): cpu = 00:00:09 ; elapsed = 00:00:07 . Memory (MB): peak = 2016.090 ; gain = 19.703

Phase 3.3 Area Swap Optimization
Phase 3.3 Area Swap Optimization | Checksum: 27210ff4a

Time (s): cpu = 00:00:09 ; elapsed = 00:00:07 . Memory (MB): peak = 2016.090 ; gain = 19.703

Phase 3.4 Pipeline Register Optimization
Phase 3.4 Pipeline Register Optimization | Checksum: 1fcc5d58b

Time (s): cpu = 00:00:09 ; elapsed = 00:00:07 . Memory (MB): peak = 2016.090 ; gain = 19.703

Phase 3.5 Small Shape Detail Placement
Phase 3.5 Small Shape Detail Placement | Checksum: 18b9e542c

Time (s): cpu = 00:00:12 ; elapsed = 00:00:10 . Memory (MB): peak = 2016.090 ; gain = 19.703

Phase 3.6 Re-assign LUT pins
Phase 3.6 Re-assign LUT pins | Checksum: 22f413be2

Time (s): cpu = 00:00:12 ; elapsed = 00:00:10 . Memory (MB): peak = 2016.090 ; gain = 19.703

Phase 3.7 Pipeline Register Optimization
Phase 3.7 Pipeline Register Optimization | Checksum: 2ac7451a3

Time (s): cpu = 00:00:12 ; elapsed = 00:00:10 . Memory (MB): peak = 2016.090 ; gain = 19.703
Phase 3 Detail Placement | Checksum: 2ac7451a3

Time (s): cpu = 00:00:12 ; elapsed = 00:00:10 . Memory (MB): peak = 2016.090 ; gain = 19.703

Phase 4 Post Placement Optimization and Clean-Up

Phase 4.1 Post Commit Optimization
INFO: [Timing 38-35] Done setting XDC timing constraints.

Phase 4.1.1 Post Placement Optimization
Post Placement Optimization Initialization | Checksum: 1e0b2fff9

Phase 4.1.1.1 BUFG Insertion

Starting Physical Synthesis Task

Phase 1 Physical Synthesis Initialization
INFO: [Physopt 32-721] Multithreading enabled for phys_opt_design using a maximum of 2 CPUs
INFO: [Physopt 32-619] Estimated Timing Summary | WNS=12.346 | TNS=0.000 |
Phase 1 Physical Synthesis Initialization | Checksum: 193476ef4

Time (s): cpu = 00:00:00 ; elapsed = 00:00:00.080 . Memory (MB): peak = 2061.754 ; gain = 0.000
INFO: [Place 46-56] BUFG insertion identified 0 candidate nets. Inserted BUFG: 0, Replicated BUFG Driver: 0, Skipped due to Placement/Routing Conflicts: 0, Skipped due to Timing Degradation: 0, Skipped due to netlist editing failed: 0.
Ending Physical Synthesis Task | Checksum: 20dc2b92e

Time (s): cpu = 00:00:00 ; elapsed = 00:00:00.139 . Memory (MB): peak = 2061.754 ; gain = 0.000
Phase 4.1.1.1 BUFG Insertion | Checksum: 1e0b2fff9

Time (s): cpu = 00:00:14 ; elapsed = 00:00:11 . Memory (MB): peak = 2061.754 ; gain = 65.367

Phase 4.1.1.2 Post Placement Timing Optimization
INFO: [Place 30-746] Post Placement Timing Summary WNS=12.346. For the most accurate timing information please run report_timing.
Phase 4.1.1.2 Post Placement Timing Optimization | Checksum: 236cbe593

Time (s): cpu = 00:00:14 ; elapsed = 00:00:11 . Memory (MB): peak = 2061.754 ; gain = 65.367

Time (s): cpu = 00:00:14 ; elapsed = 00:00:11 . Memory (MB): peak = 2061.754 ; gain = 65.367
Phase 4.1 Post Commit Optimization | Checksum: 236cbe593

Time (s): cpu = 00:00:14 ; elapsed = 00:00:11 . Memory (MB): peak = 2061.754 ; gain = 65.367

Phase 4.2 Post Placement Cleanup
Phase 4.2 Post Placement Cleanup | Checksum: 236cbe593

Time (s): cpu = 00:00:14 ; elapsed = 00:00:11 . Memory (MB): peak = 2061.754 ; gain = 65.367

Phase 4.3 Placer Reporting

Phase 4.3.1 Print Estimated Congestion
INFO: [Place 30-612] Post-Placement Estimated Congestion 
 ____________________________________________________
|           | Global Congestion | Short Congestion  |
| Direction | Region Size       | Region Size       |
|___________|___________________|___________________|
|      North|                1x1|                1x1|
|___________|___________________|___________________|
|      South|                1x1|                1x1|
|___________|___________________|___________________|
|       East|                1x1|                1x1|
|___________|___________________|___________________|
|       West|                1x1|                1x1|
|___________|___________________|___________________|

Phase 4.3.1 Print Estimated Congestion | Checksum: 236cbe593

Time (s): cpu = 00:00:14 ; elapsed = 00:00:12 . Memory (MB): peak = 2061.754 ; gain = 65.367
Phase 4.3 Placer Reporting | Checksum: 236cbe593

Time (s): cpu = 00:00:14 ; elapsed = 00:00:12 . Memory (MB): peak = 2061.754 ; gain = 65.367

Phase 4.4 Final Placement Cleanup
Netlist sorting complete. Time (s): cpu = 00:00:00 ; elapsed = 00:00:00.008 . Memory (MB): peak = 2061.754 ; gain = 0.000

Time (s): cpu = 00:00:14 ; elapsed = 00:00:12 . Memory (MB): peak = 2061.754 ; gain = 65.367
Phase 4 Post Placement Optimization and Clean-Up | Checksum: 1a6764ce9

Time (s): cpu = 00:00:14 ; elapsed = 00:00:12 . Memory (MB): peak = 2061.754 ; gain = 65.367
Ending Placer Task | Checksum: e85017ff

Time (s): cpu = 00:00:14 ; elapsed = 00:00:12 . Memory (MB): peak = 2061.754 ; gain = 65.367
80 Infos, 100 Warnings, 101 Critical Warnings and 0 Errors encountered.
place_design completed successfully
place_design: Time (s): cpu = 00:00:17 ; elapsed = 00:00:13 . Memory (MB): peak = 2061.754 ; gain = 65.367
INFO: [Vivado 12-24838] Running report commands "report_control_sets, report_io, report_utilization" in parallel.
Running report generation with 2 threads.
INFO: [Vivado 12-24828] Executing command : report_io -file puf_bd_wrapper_io_placed.rpt
report_io: Time (s): cpu = 00:00:01 ; elapsed = 00:00:00.091 . Memory (MB): peak = 2061.754 ; gain = 0.000
INFO: [Vivado 12-24828] Executing command : report_control_sets -verbose -file puf_bd_wrapper_control_sets_placed.rpt
report_control_sets: Time (s): cpu = 00:00:00 ; elapsed = 00:00:00.032 . Memory (MB): peak = 2061.754 ; gain = 0.000
INFO: [Vivado 12-24828] Executing command : report_utilization -file puf_bd_wrapper_utilization_placed.rpt -pb puf_bd_wrapper_utilization_placed.pb
INFO: [Timing 38-480] Writing timing data to binary archive.
Write ShapeDB Complete: Time (s): cpu = 00:00:00 ; elapsed = 00:00:00.083 . Memory (MB): peak = 2072.000 ; gain = 10.246
Wrote PlaceDB: Time (s): cpu = 00:00:02 ; elapsed = 00:00:01 . Memory (MB): peak = 2077.039 ; gain = 15.285
Wrote PulsedLatchDB: Time (s): cpu = 00:00:00 ; elapsed = 00:00:00 . Memory (MB): peak = 2077.039 ; gain = 0.000
Writing XDEF routing.
Writing XDEF routing logical nets.
Writing XDEF routing special nets.
Wrote RouteStorage: Time (s): cpu = 00:00:00 ; elapsed = 00:00:00.032 . Memory (MB): peak = 2077.039 ; gain = 0.000
Wrote Netlist Cache: Time (s): cpu = 00:00:00 ; elapsed = 00:00:00.013 . Memory (MB): peak = 2077.039 ; gain = 0.000
Wrote Device Cache: Time (s): cpu = 00:00:00 ; elapsed = 00:00:00.020 . Memory (MB): peak = 2077.039 ; gain = 0.000
Write Physdb Complete: Time (s): cpu = 00:00:02 ; elapsed = 00:00:01 . Memory (MB): peak = 2077.039 ; gain = 15.285
INFO: [Common 17-1381] The checkpoint 'C:/Users/HP/.vscode/ro-puf/PUF_VIV.runs/impl_1/puf_bd_wrapper_placed.dcp' has been generated.
Command: phys_opt_design
Attempting to get a license for feature 'Implementation' and/or device 'xc7z020'
INFO: [Common 17-349] Got license for feature 'Implementation' and/or device 'xc7z020'

Starting Initial Update Timing Task

Time (s): cpu = 00:00:00 ; elapsed = 00:00:00.349 . Memory (MB): peak = 2077.039 ; gain = 0.000
INFO: [Vivado_Tcl 4-2279] Estimated Timing Summary | WNS= 12.346 | TNS= 0.000 | 
INFO: [Vivado_Tcl 4-383] Design worst setup slack (WNS) is greater than or equal to 0.000 ns. All physical synthesis setup optimizations will be skipped.
INFO: [Vivado_Tcl 4-232] No setup violation found. The netlist was not modified.
INFO: [Common 17-83] Releasing license: Implementation
91 Infos, 100 Warnings, 101 Critical Warnings and 0 Errors encountered.
phys_opt_design completed successfully
INFO: [Timing 38-480] Writing timing data to binary archive.
Write ShapeDB Complete: Time (s): cpu = 00:00:01 ; elapsed = 00:00:00.070 . Memory (MB): peak = 2103.344 ; gain = 10.328
Wrote PlaceDB: Time (s): cpu = 00:00:03 ; elapsed = 00:00:01 . Memory (MB): peak = 2109.422 ; gain = 7.453
Wrote PulsedLatchDB: Time (s): cpu = 00:00:00 ; elapsed = 00:00:00 . Memory (MB): peak = 2109.422 ; gain = 0.000
Writing XDEF routing.
Writing XDEF routing logical nets.
Writing XDEF routing special nets.
Wrote RouteStorage: Time (s): cpu = 00:00:00 ; elapsed = 00:00:00.041 . Memory (MB): peak = 2109.422 ; gain = 0.000
Wrote Netlist Cache: Time (s): cpu = 00:00:00 ; elapsed = 00:00:00.012 . Memory (MB): peak = 2109.422 ; gain = 0.000
Wrote Device Cache: Time (s): cpu = 00:00:00 ; elapsed = 00:00:00.023 . Memory (MB): peak = 2109.422 ; gain = 0.000
Write Physdb Complete: Time (s): cpu = 00:00:03 ; elapsed = 00:00:01 . Memory (MB): peak = 2109.422 ; gain = 7.453
INFO: [Common 17-1381] The checkpoint 'C:/Users/HP/.vscode/ro-puf/PUF_VIV.runs/impl_1/puf_bd_wrapper_physopt.dcp' has been generated.
Command: route_design
Attempting to get a license for feature 'Implementation' and/or device 'xc7z020'
INFO: [Common 17-349] Got license for feature 'Implementation' and/or device 'xc7z020'


Starting Routing Task
INFO: [Route 35-254] Multithreading enabled for route_design using a maximum of 2 CPUs

Phase 1 Build RT Design
Checksum: PlaceDB: cc8f269a ConstDB: 0 ShapeSum: 5c77e75 RouteDB: 15f972f0
Post Restoration Checksum: NetGraph: 545f5958 | NumContArr: e0caf00a | Constraints: c2a8fa9d | Timing: c2a8fa9d
Phase 1 Build RT Design | Checksum: 2ba7c3e9c

Time (s): cpu = 00:00:34 ; elapsed = 00:00:31 . Memory (MB): peak = 2190.938 ; gain = 81.516

Phase 2 Router Initialization

Phase 2.1 Fix Topology Constraints
Phase 2.1 Fix Topology Constraints | Checksum: 2ba7c3e9c

Time (s): cpu = 00:00:34 ; elapsed = 00:00:31 . Memory (MB): peak = 2190.938 ; gain = 81.516

Phase 2.2 Pre Route Cleanup
Phase 2.2 Pre Route Cleanup | Checksum: 2ba7c3e9c

Time (s): cpu = 00:00:34 ; elapsed = 00:00:31 . Memory (MB): peak = 2190.938 ; gain = 81.516
 Number of Nodes with overlaps = 0

Phase 2.3 Update Timing
Phase 2.3 Update Timing | Checksum: 1e35cc132

Time (s): cpu = 00:00:36 ; elapsed = 00:00:32 . Memory (MB): peak = 2233.648 ; gain = 124.227
INFO: [Route 35-416] Intermediate Timing Summary | WNS=12.261 | TNS=0.000  | WHS=-0.143 | THS=-35.105|


Phase 2.4 Soft Constraint Pins - Fast Budgeting
Phase 2.4 Soft Constraint Pins - Fast Budgeting | Checksum: 290463da3

Time (s): cpu = 00:00:36 ; elapsed = 00:00:33 . Memory (MB): peak = 2257.688 ; gain = 148.266

Router Utilization Summary
  Global Vertical Routing Utilization    = 0.0890546 %
  Global Horizontal Routing Utilization  = 0.0511325 %
  Routable Net Status*
  *Does not include unroutable nets such as driverless and loadless.
  Run report_route_status for detailed report.
  Number of Failed Nets               = 2772
    (Failed Nets is the sum of unrouted and partially routed nets)
  Number of Unrouted Nets             = 2772
  Number of Partially Routed Nets     = 0
  Number of Node Overlaps             = 594

Phase 2 Router Initialization | Checksum: 1edcf0a42

Time (s): cpu = 00:00:37 ; elapsed = 00:00:33 . Memory (MB): peak = 2257.688 ; gain = 148.266

Phase 3 Global Routing
Phase 3 Global Routing | Checksum: 1edcf0a42

Time (s): cpu = 00:00:37 ; elapsed = 00:00:33 . Memory (MB): peak = 2257.688 ; gain = 148.266

Phase 4 Initial Routing

Phase 4.1 Initial Net Routing Pass
Phase 4.1 Initial Net Routing Pass | Checksum: 2955ff0c7

Time (s): cpu = 00:00:37 ; elapsed = 00:00:33 . Memory (MB): peak = 2257.688 ; gain = 148.266
Phase 4 Initial Routing | Checksum: 2955ff0c7

Time (s): cpu = 00:00:37 ; elapsed = 00:00:33 . Memory (MB): peak = 2257.688 ; gain = 148.266

Phase 5 Rip-up And Reroute

Phase 5.1 Global Iteration 0
 Number of Nodes with overlaps = 101
 Number of Nodes with overlaps = 1
 Number of Nodes with overlaps = 0
INFO: [Route 35-416] Intermediate Timing Summary | WNS=11.031 | TNS=0.000  | WHS=N/A    | THS=N/A    |

Phase 5.1 Global Iteration 0 | Checksum: 1c2bc87fe

Time (s): cpu = 00:00:39 ; elapsed = 00:00:34 . Memory (MB): peak = 2257.688 ; gain = 148.266

Phase 5.2 Global Iteration 1
 Number of Nodes with overlaps = 0
INFO: [Route 35-416] Intermediate Timing Summary | WNS=11.031 | TNS=0.000  | WHS=N/A    | THS=N/A    |

Phase 5.2 Global Iteration 1 | Checksum: 1bf3bfb56

Time (s): cpu = 00:00:39 ; elapsed = 00:00:34 . Memory (MB): peak = 2257.688 ; gain = 148.266
Phase 5 Rip-up And Reroute | Checksum: 1bf3bfb56

Time (s): cpu = 00:00:39 ; elapsed = 00:00:34 . Memory (MB): peak = 2257.688 ; gain = 148.266

Phase 6 Delay and Skew Optimization

Phase 6.1 Delay CleanUp
Phase 6.1 Delay CleanUp | Checksum: 1bf3bfb56

Time (s): cpu = 00:00:39 ; elapsed = 00:00:34 . Memory (MB): peak = 2257.688 ; gain = 148.266

Phase 6.2 Clock Skew Optimization
Phase 6.2 Clock Skew Optimization | Checksum: 1bf3bfb56

Time (s): cpu = 00:00:39 ; elapsed = 00:00:34 . Memory (MB): peak = 2257.688 ; gain = 148.266
Phase 6 Delay and Skew Optimization | Checksum: 1bf3bfb56

Time (s): cpu = 00:00:39 ; elapsed = 00:00:34 . Memory (MB): peak = 2257.688 ; gain = 148.266

Phase 7 Post Hold Fix

Phase 7.1 Hold Fix Iter
INFO: [Route 35-416] Intermediate Timing Summary | WNS=11.146 | TNS=0.000  | WHS=0.056  | THS=0.000  |

Phase 7.1 Hold Fix Iter | Checksum: 27d1dac1e

Time (s): cpu = 00:00:39 ; elapsed = 00:00:34 . Memory (MB): peak = 2257.688 ; gain = 148.266
Phase 7 Post Hold Fix | Checksum: 27d1dac1e

Time (s): cpu = 00:00:39 ; elapsed = 00:00:34 . Memory (MB): peak = 2257.688 ; gain = 148.266

Phase 8 Route finalize

Router Utilization Summary
  Global Vertical Routing Utilization    = 0.370923 %
  Global Horizontal Routing Utilization  = 0.42926 %
  Routable Net Status*
  *Does not include unroutable nets such as driverless and loadless.
  Run report_route_status for detailed report.
  Number of Failed Nets               = 0
    (Failed Nets is the sum of unrouted and partially routed nets)
  Number of Unrouted Nets             = 0
  Number of Partially Routed Nets     = 0
  Number of Node Overlaps             = 0

Phase 8 Route finalize | Checksum: 27d1dac1e

Time (s): cpu = 00:00:39 ; elapsed = 00:00:34 . Memory (MB): peak = 2257.688 ; gain = 148.266

Phase 9 Verifying routed nets

 Verification completed successfully
Phase 9 Verifying routed nets | Checksum: 27d1dac1e

Time (s): cpu = 00:00:39 ; elapsed = 00:00:34 . Memory (MB): peak = 2257.688 ; gain = 148.266

Phase 10 Depositing Routes
Phase 10 Depositing Routes | Checksum: 2e46a8b87

Time (s): cpu = 00:00:40 ; elapsed = 00:00:35 . Memory (MB): peak = 2257.688 ; gain = 148.266

Phase 11 Post Process Routing
Phase 11 Post Process Routing | Checksum: 2e46a8b87

Time (s): cpu = 00:00:40 ; elapsed = 00:00:35 . Memory (MB): peak = 2257.688 ; gain = 148.266

Phase 12 Post Router Timing
INFO: [Route 35-57] Estimated Timing Summary | WNS=11.146 | TNS=0.000  | WHS=0.056  | THS=0.000  |

INFO: [Route 35-327] The final timing numbers are based on the router estimated timing analysis. For a complete and accurate timing signoff, please run report_timing_summary.
Phase 12 Post Router Timing | Checksum: 2e46a8b87

Time (s): cpu = 00:00:40 ; elapsed = 00:00:35 . Memory (MB): peak = 2257.688 ; gain = 148.266
Total Elapsed time in route_design: 34.712 secs

Phase 13 Post-Route Event Processing
Phase 13 Post-Route Event Processing | Checksum: 1335c173c

Time (s): cpu = 00:00:40 ; elapsed = 00:00:35 . Memory (MB): peak = 2257.688 ; gain = 148.266
INFO: [Route 35-16] Router Completed Successfully
Ending Routing Task | Checksum: 1335c173c

Time (s): cpu = 00:00:40 ; elapsed = 00:00:35 . Memory (MB): peak = 2257.688 ; gain = 148.266

Routing Is Done.
INFO: [Common 17-83] Releasing license: Implementation
103 Infos, 100 Warnings, 101 Critical Warnings and 0 Errors encountered.
route_design completed successfully
route_design: Time (s): cpu = 00:00:40 ; elapsed = 00:00:35 . Memory (MB): peak = 2257.688 ; gain = 148.266
INFO: [Vivado 12-24828] Executing command : report_drc -file puf_bd_wrapper_drc_routed.rpt -pb puf_bd_wrapper_drc_routed.pb -rpx puf_bd_wrapper_drc_routed.rpx
Command: report_drc -file puf_bd_wrapper_drc_routed.rpt -pb puf_bd_wrapper_drc_routed.pb -rpx puf_bd_wrapper_drc_routed.rpx
INFO: [IP_Flow 19-1839] IP Catalog is up to date.
INFO: [DRC 23-27] Running DRC with 2 threads
INFO: [Vivado_Tcl 2-168] The results of DRC are in file C:/Users/HP/.vscode/ro-puf/PUF_VIV.runs/impl_1/puf_bd_wrapper_drc_routed.rpt.
report_drc completed successfully
report_drc: Time (s): cpu = 00:00:09 ; elapsed = 00:00:05 . Memory (MB): peak = 2272.398 ; gain = 14.711
INFO: [Vivado 12-24828] Executing command : report_methodology -file puf_bd_wrapper_methodology_drc_routed.rpt -pb puf_bd_wrapper_methodology_drc_routed.pb -rpx puf_bd_wrapper_methodology_drc_routed.rpx
Command: report_methodology -file puf_bd_wrapper_methodology_drc_routed.rpt -pb puf_bd_wrapper_methodology_drc_routed.pb -rpx puf_bd_wrapper_methodology_drc_routed.rpx
INFO: [Timing 38-35] Done setting XDC timing constraints.
INFO: [DRC 23-133] Running Methodology with 2 threads
INFO: [Vivado_Tcl 2-1520] The results of Report Methodology are in file C:/Users/HP/.vscode/ro-puf/PUF_VIV.runs/impl_1/puf_bd_wrapper_methodology_drc_routed.rpt.
report_methodology completed successfully
INFO: [Vivado 12-24828] Executing command : report_timing_summary -max_paths 10 -routable_nets -report_unconstrained -file puf_bd_wrapper_timing_summary_routed.rpt -pb puf_bd_wrapper_timing_summary_routed.pb -rpx puf_bd_wrapper_timing_summary_routed.rpx -warn_on_violation 
INFO: [Timing 38-35] Done setting XDC timing constraints.
INFO: [Timing 38-91] UpdateTimingParams: Speed grade: -1, Delay Type: min_max.
INFO: [Timing 38-191] Multithreading enabled for timing update using a maximum of 2 CPUs
INFO: [Timing 38-273] Loop limit of 100 reached; Use -loop_limit switch to increase the number of loops reported
INFO: [Vivado 12-24838] Running report commands "report_incremental_reuse, report_route_status" in parallel.
Running report generation with 2 threads.
INFO: [Vivado 12-24828] Executing command : report_incremental_reuse -file puf_bd_wrapper_incremental_reuse_routed.rpt
INFO: [Vivado_Tcl 4-1062] Incremental flow is disabled. No incremental reuse Info to report.
INFO: [Vivado 12-24828] Executing command : report_route_status -file puf_bd_wrapper_route_status.rpt -pb puf_bd_wrapper_route_status.pb
INFO: [Vivado 12-24828] Executing command : report_power -file puf_bd_wrapper_power_routed.rpt -pb puf_bd_wrapper_power_summary_routed.pb -rpx puf_bd_wrapper_power_routed.rpx
Command: report_power -file puf_bd_wrapper_power_routed.rpt -pb puf_bd_wrapper_power_summary_routed.pb -rpx puf_bd_wrapper_power_routed.rpx
Running Vector-less Activity Propagation...

Finished Running Vector-less Activity Propagation
121 Infos, 100 Warnings, 101 Critical Warnings and 0 Errors encountered.
report_power completed successfully
INFO: [Vivado 12-24828] Executing command : report_clock_utilization -file puf_bd_wrapper_clock_utilization_routed.rpt
INFO: [Vivado 12-24828] Executing command : report_bus_skew -warn_on_violation -file puf_bd_wrapper_bus_skew_routed.rpt -pb puf_bd_wrapper_bus_skew_routed.pb -rpx puf_bd_wrapper_bus_skew_routed.rpx
INFO: [Timing 38-91] UpdateTimingParams: Speed grade: -1, Delay Type: min_max.
INFO: [Timing 38-191] Multithreading enabled for timing update using a maximum of 2 CPUs
generate_parallel_reports: Time (s): cpu = 00:00:22 ; elapsed = 00:00:13 . Memory (MB): peak = 2298.445 ; gain = 40.758
INFO: [Timing 38-480] Writing timing data to binary archive.
Write ShapeDB Complete: Time (s): cpu = 00:00:00 ; elapsed = 00:00:00.071 . Memory (MB): peak = 2320.895 ; gain = 10.297
Wrote PlaceDB: Time (s): cpu = 00:00:02 ; elapsed = 00:00:01 . Memory (MB): peak = 2331.820 ; gain = 21.223
Wrote PulsedLatchDB: Time (s): cpu = 00:00:00 ; elapsed = 00:00:00.001 . Memory (MB): peak = 2331.820 ; gain = 0.000
Writing XDEF routing.
Writing XDEF routing logical nets.
Writing XDEF routing special nets.
Wrote RouteStorage: Time (s): cpu = 00:00:00 ; elapsed = 00:00:00.083 . Memory (MB): peak = 2331.820 ; gain = 0.000
Wrote Netlist Cache: Time (s): cpu = 00:00:00 ; elapsed = 00:00:00.014 . Memory (MB): peak = 2331.820 ; gain = 0.000
Wrote Device Cache: Time (s): cpu = 00:00:00 ; elapsed = 00:00:00.014 . Memory (MB): peak = 2331.820 ; gain = 0.000
Write Physdb Complete: Time (s): cpu = 00:00:02 ; elapsed = 00:00:01 . Memory (MB): peak = 2331.820 ; gain = 21.223
INFO: [Common 17-1381] The checkpoint 'C:/Users/HP/.vscode/ro-puf/PUF_VIV.runs/impl_1/puf_bd_wrapper_routed.dcp' has been generated.
INFO: [Common 17-206] Exiting Vivado at Mon Aug 24 22:58:43 2026...

*** Running vivado
    with args -log puf_bd_wrapper.vdi -applog -m64 -product Vivado -messageDb vivado.pb -mode batch -source puf_bd_wrapper.tcl -notrace



****** Vivado v2025.1 (64-bit)
  **** SW Build 6140274 on Thu May 22 00:12:29 MDT 2025
  **** IP Build 6138677 on Thu May 22 03:10:11 MDT 2025
  **** SharedData Build 6139179 on Tue May 20 17:58:58 MDT 2025
  **** Start of session at: Mon Aug 24 23:00:48 2026
    ** Copyright 1986-2022 Xilinx, Inc. All Rights Reserved.
    ** Copyright 2022-2025 Advanced Micro Devices, Inc. All Rights Reserved.

source puf_bd_wrapper.tcl -notrace
Command: open_checkpoint puf_bd_wrapper_routed.dcp
INFO: [Device 21-403] Loading part xc7z020clg400-1
Netlist sorting complete. Time (s): cpu = 00:00:00 ; elapsed = 00:00:00.150 . Memory (MB): peak = 770.438 ; gain = 0.000
INFO: [Netlist 29-17] Analyzing 139 Unisim elements for replacement
INFO: [Netlist 29-28] Unisim Transformation completed in 0 CPU seconds
INFO: [Project 1-479] Netlist was created with Vivado 2025.1
INFO: [Project 1-570] Preparing netlist for logic optimization
Read ShapeDB Complete: Time (s): cpu = 00:00:00 ; elapsed = 00:00:00.044 . Memory (MB): peak = 907.797 ; gain = 2.703
INFO: [Timing 38-478] Restoring timing data from binary archive.
INFO: [Timing 38-479] Binary timing data restore complete.
INFO: [Project 1-856] Restoring constraints from binary archive.
INFO: [Project 1-853] Binary constraint restore complete.
INFO: [Designutils 20-5722] Start Reading Physical Databases.
Reading placement.
Read Netlist Cache: Time (s): cpu = 00:00:00 ; elapsed = 00:00:00.004 . Memory (MB): peak = 1522.156 ; gain = 0.000
Reading placer database...
Read Device Cache: Time (s): cpu = 00:00:00 ; elapsed = 00:00:00.014 . Memory (MB): peak = 1522.156 ; gain = 0.000
Read PlaceDB: Time (s): cpu = 00:00:01 ; elapsed = 00:00:00.450 . Memory (MB): peak = 1522.156 ; gain = 0.000
Read PulsedLatchDB: Time (s): cpu = 00:00:00 ; elapsed = 00:00:00 . Memory (MB): peak = 1522.156 ; gain = 0.000
Reading routing.
Read RouteStorage: Time (s): cpu = 00:00:00 ; elapsed = 00:00:00.059 . Memory (MB): peak = 1522.156 ; gain = 0.000
Read Physdb Files: Time (s): cpu = 00:00:01 ; elapsed = 00:00:00.538 . Memory (MB): peak = 1522.156 ; gain = 0.000
Restored from archive | CPU: 1.000000 secs | Memory: 0.000000 MB |
Finished XDEF File Restore: Time (s): cpu = 00:00:01 ; elapsed = 00:00:00.581 . Memory (MB): peak = 1522.156 ; gain = 1.977
Netlist sorting complete. Time (s): cpu = 00:00:00 ; elapsed = 00:00:00.006 . Memory (MB): peak = 1522.156 ; gain = 0.000
INFO: [Project 1-111] Unisim Transformation Summary:
No Unisim elements were transformed.

INFO: [Project 1-604] Checkpoint was created with Vivado v2025.1 (64-bit) build 6140274
WARNING: [Vivado 12-23575] Critical violations of the methodology design rules detected. Critical violations may contribute to timing failures or cause functional issues in hardware. Run report_methodology for more information.
open_checkpoint: Time (s): cpu = 00:00:21 ; elapsed = 00:00:20 . Memory (MB): peak = 1522.422 ; gain = 1217.168
Command: write_bitstream -force puf_bd_wrapper.bit
Attempting to get a license for feature 'Implementation' and/or device 'xc7z020'
INFO: [Common 17-349] Got license for feature 'Implementation' and/or device 'xc7z020'
Running DRC as a precondition to command write_bitstream
INFO: [IP_Flow 19-234] Refreshing IP repositories
INFO: [IP_Flow 19-1704] No user IP repositories specified
INFO: [IP_Flow 19-2313] Loaded Vivado IP repository 'E:/Xilinx/2025.1/Vivado/data/ip'.
INFO: [DRC 23-27] Running DRC with 2 threads
ERROR: [DRC LUTLP-1] Combinatorial Loop Alert: 7 LUT cells form a combinatorial loop. This can create a race condition. Timing analysis may not be accurate. The preferred resolution is to modify the design to remove combinatorial logic loops. If the loop is known and understood, this DRC can be bypassed by acknowledging the condition and setting the following XDC constraint on any one of the nets in the loop: 'set_property ALLOW_COMBINATORIAL_LOOPS TRUE [get_nets <myHier/myNet>]'. One net in the loop is puf_bd_i/puf_top_0/inst/array/cells[0].cell_inst/g0[0].ro/w1. Please evaluate your design. The cells in the loop are: puf_bd_i/puf_top_0/inst/array/cells[0].cell_inst/g0[0].ro/w1_inferred_i_1, puf_bd_i/puf_top_0/inst/array/cells[0].cell_inst/g0[0].ro/w2_inferred_i_1, puf_bd_i/puf_top_0/inst/array/cells[0].cell_inst/g0[0].ro/w3_inferred_i_1, puf_bd_i/puf_top_0/inst/array/cells[0].cell_inst/g0[0].ro/w4_inferred_i_1, puf_bd_i/puf_top_0/inst/array/cells[0].cell_inst/g0[0].ro/w5_inferred_i_1, puf_bd_i/puf_top_0/inst/array/cells[0].cell_inst/g0[0].ro/w6_inferred_i_1, and puf_bd_i/puf_top_0/inst/array/cells[0].cell_inst/g0[0].ro/w7_inferred_i_1.
ERROR: [DRC LUTLP-1] Combinatorial Loop Alert: 7 LUT cells form a combinatorial loop. This can create a race condition. Timing analysis may not be accurate. The preferred resolution is to modify the design to remove combinatorial logic loops. If the loop is known and understood, this DRC can be bypassed by acknowledging the condition and setting the following XDC constraint on any one of the nets in the loop: 'set_property ALLOW_COMBINATORIAL_LOOPS TRUE [get_nets <myHier/myNet>]'. One net in the loop is puf_bd_i/puf_top_0/inst/array/cells[0].cell_inst/g0[10].ro/w1. Please evaluate your design. The cells in the loop are: puf_bd_i/puf_top_0/inst/array/cells[0].cell_inst/g0[10].ro/w1_inferred_i_1, puf_bd_i/puf_top_0/inst/array/cells[0].cell_inst/g0[10].ro/w2_inferred_i_1, puf_bd_i/puf_top_0/inst/array/cells[0].cell_inst/g0[10].ro/w3_inferred_i_1, puf_bd_i/puf_top_0/inst/array/cells[0].cell_inst/g0[10].ro/w4_inferred_i_1, puf_bd_i/puf_top_0/inst/array/cells[0].cell_inst/g0[10].ro/w5_inferred_i_1, puf_bd_i/puf_top_0/inst/array/cells[0].cell_inst/g0[10].ro/w6_inferred_i_1, and puf_bd_i/puf_top_0/inst/array/cells[0].cell_inst/g0[10].ro/w7_inferred_i_1.
ERROR: [DRC LUTLP-1] Combinatorial Loop Alert: 7 LUT cells form a combinatorial loop. This can create a race condition. Timing analysis may not be accurate. The preferred resolution is to modify the design to remove combinatorial logic loops. If the loop is known and understood, this DRC can be bypassed by acknowledging the condition and setting the following XDC constraint on any one of the nets in the loop: 'set_property ALLOW_COMBINATORIAL_LOOPS TRUE [get_nets <myHier/myNet>]'. One net in the loop is puf_bd_i/puf_top_0/inst/array/cells[0].cell_inst/g0[11].ro/w1. Please evaluate your design. The cells in the loop are: puf_bd_i/puf_top_0/inst/array/cells[0].cell_inst/g0[11].ro/w1_inferred_i_1, puf_bd_i/puf_top_0/inst/array/cells[0].cell_inst/g0[11].ro/w2_inferred_i_1, puf_bd_i/puf_top_0/inst/array/cells[0].cell_inst/g0[11].ro/w3_inferred_i_1, puf_bd_i/puf_top_0/inst/array/cells[0].cell_inst/g0[11].ro/w4_inferred_i_1, puf_bd_i/puf_top_0/inst/array/cells[0].cell_inst/g0[11].ro/w5_inferred_i_1, puf_bd_i/puf_top_0/inst/array/cells[0].cell_inst/g0[11].ro/w6_inferred_i_1, and puf_bd_i/puf_top_0/inst/array/cells[0].cell_inst/g0[11].ro/w7_inferred_i_1.
ERROR: [DRC LUTLP-1] Combinatorial Loop Alert: 7 LUT cells form a combinatorial loop. This can create a race condition. Timing analysis may not be accurate. The preferred resolution is to modify the design to remove combinatorial logic loops. If the loop is known and understood, this DRC can be bypassed by acknowledging the condition and setting the following XDC constraint on any one of the nets in the loop: 'set_property ALLOW_COMBINATORIAL_LOOPS TRUE [get_nets <myHier/myNet>]'. One net in the loop is puf_bd_i/puf_top_0/inst/array/cells[0].cell_inst/g0[12].ro/w1. Please evaluate your design. The cells in the loop are: puf_bd_i/puf_top_0/inst/array/cells[0].cell_inst/g0[12].ro/w1_inferred_i_1, puf_bd_i/puf_top_0/inst/array/cells[0].cell_inst/g0[12].ro/w2_inferred_i_1, puf_bd_i/puf_top_0/inst/array/cells[0].cell_inst/g0[12].ro/w3_inferred_i_1, puf_bd_i/puf_top_0/inst/array/cells[0].cell_inst/g0[12].ro/w4_inferred_i_1, puf_bd_i/puf_top_0/inst/array/cells[0].cell_inst/g0[12].ro/w5_inferred_i_1, puf_bd_i/puf_top_0/inst/array/cells[0].cell_inst/g0[12].ro/w6_inferred_i_1, and puf_bd_i/puf_top_0/inst/array/cells[0].cell_inst/g0[12].ro/w7_inferred_i_1.
ERROR: [DRC LUTLP-1] Combinatorial Loop Alert: 7 LUT cells form a combinatorial loop. This can create a race condition. Timing analysis may not be accurate. The preferred resolution is to modify the design to remove combinatorial logic loops. If the loop is known and understood, this DRC can be bypassed by acknowledging the condition and setting the following XDC constraint on any one of the nets in the loop: 'set_property ALLOW_COMBINATORIAL_LOOPS TRUE [get_nets <myHier/myNet>]'. One net in the loop is puf_bd_i/puf_top_0/inst/array/cells[0].cell_inst/g0[13].ro/w1. Please evaluate your design. The cells in the loop are: puf_bd_i/puf_top_0/inst/array/cells[0].cell_inst/g0[13].ro/w1_inferred_i_1, puf_bd_i/puf_top_0/inst/array/cells[0].cell_inst/g0[13].ro/w2_inferred_i_1, puf_bd_i/puf_top_0/inst/array/cells[0].cell_inst/g0[13].ro/w3_inferred_i_1, puf_bd_i/puf_top_0/inst/array/cells[0].cell_inst/g0[13].ro/w4_inferred_i_1, puf_bd_i/puf_top_0/inst/array/cells[0].cell_inst/g0[13].ro/w5_inferred_i_1, puf_bd_i/puf_top_0/inst/array/cells[0].cell_inst/g0[13].ro/w6_inferred_i_1, and puf_bd_i/puf_top_0/inst/array/cells[0].cell_inst/g0[13].ro/w7_inferred_i_1.
ERROR: [DRC LUTLP-1] Combinatorial Loop Alert: 7 LUT cells form a combinatorial loop. This can create a race condition. Timing analysis may not be accurate. The preferred resolution is to modify the design to remove combinatorial logic loops. If the loop is known and understood, this DRC can be bypassed by acknowledging the condition and setting the following XDC constraint on any one of the nets in the loop: 'set_property ALLOW_COMBINATORIAL_LOOPS TRUE [get_nets <myHier/myNet>]'. One net in the loop is puf_bd_i/puf_top_0/inst/array/cells[0].cell_inst/g0[14].ro/w1. Please evaluate your design. The cells in the loop are: puf_bd_i/puf_top_0/inst/array/cells[0].cell_inst/g0[14].ro/w1_inferred_i_1, puf_bd_i/puf_top_0/inst/array/cells[0].cell_inst/g0[14].ro/w2_inferred_i_1, puf_bd_i/puf_top_0/inst/array/cells[0].cell_inst/g0[14].ro/w3_inferred_i_1, puf_bd_i/puf_top_0/inst/array/cells[0].cell_inst/g0[14].ro/w4_inferred_i_1, puf_bd_i/puf_top_0/inst/array/cells[0].cell_inst/g0[14].ro/w5_inferred_i_1, puf_bd_i/puf_top_0/inst/array/cells[0].cell_inst/g0[14].ro/w6_inferred_i_1, and puf_bd_i/puf_top_0/inst/array/cells[0].cell_inst/g0[14].ro/w7_inferred_i_1.
ERROR: [DRC LUTLP-1] Combinatorial Loop Alert: 7 LUT cells form a combinatorial loop. This can create a race condition. Timing analysis may not be accurate. The preferred resolution is to modify the design to remove combinatorial logic loops. If the loop is known and understood, this DRC can be bypassed by acknowledging the condition and setting the following XDC constraint on any one of the nets in the loop: 'set_property ALLOW_COMBINATORIAL_LOOPS TRUE [get_nets <myHier/myNet>]'. One net in the loop is puf_bd_i/puf_top_0/inst/array/cells[0].cell_inst/g0[15].ro/w1. Please evaluate your design. The cells in the loop are: puf_bd_i/puf_top_0/inst/array/cells[0].cell_inst/g0[15].ro/w1_inferred_i_1, puf_bd_i/puf_top_0/inst/array/cells[0].cell_inst/g0[15].ro/w2_inferred_i_1, puf_bd_i/puf_top_0/inst/array/cells[0].cell_inst/g0[15].ro/w3_inferred_i_1, puf_bd_i/puf_top_0/inst/array/cells[0].cell_inst/g0[15].ro/w4_inferred_i_1, puf_bd_i/puf_top_0/inst/array/cells[0].cell_inst/g0[15].ro/w5_inferred_i_1, puf_bd_i/puf_top_0/inst/array/cells[0].cell_inst/g0[15].ro/w6_inferred_i_1, and puf_bd_i/puf_top_0/inst/array/cells[0].cell_inst/g0[15].ro/w7_inferred_i_1.
ERROR: [DRC LUTLP-1] Combinatorial Loop Alert: 7 LUT cells form a combinatorial loop. This can create a race condition. Timing analysis may not be accurate. The preferred resolution is to modify the design to remove combinatorial logic loops. If the loop is known and understood, this DRC can be bypassed by acknowledging the condition and setting the following XDC constraint on any one of the nets in the loop: 'set_property ALLOW_COMBINATORIAL_LOOPS TRUE [get_nets <myHier/myNet>]'. One net in the loop is puf_bd_i/puf_top_0/inst/array/cells[0].cell_inst/g0[1].ro/w1. Please evaluate your design. The cells in the loop are: puf_bd_i/puf_top_0/inst/array/cells[0].cell_inst/g0[1].ro/w1_inferred_i_1, puf_bd_i/puf_top_0/inst/array/cells[0].cell_inst/g0[1].ro/w2_inferred_i_1, puf_bd_i/puf_top_0/inst/array/cells[0].cell_inst/g0[1].ro/w3_inferred_i_1, puf_bd_i/puf_top_0/inst/array/cells[0].cell_inst/g0[1].ro/w4_inferred_i_1, puf_bd_i/puf_top_0/inst/array/cells[0].cell_inst/g0[1].ro/w5_inferred_i_1, puf_bd_i/puf_top_0/inst/array/cells[0].cell_inst/g0[1].ro/w6_inferred_i_1, and puf_bd_i/puf_top_0/inst/array/cells[0].cell_inst/g0[1].ro/w7_inferred_i_1.
ERROR: [DRC LUTLP-1] Combinatorial Loop Alert: 7 LUT cells form a combinatorial loop. This can create a race condition. Timing analysis may not be accurate. The preferred resolution is to modify the design to remove combinatorial logic loops. If the loop is known and understood, this DRC can be bypassed by acknowledging the condition and setting the following XDC constraint on any one of the nets in the loop: 'set_property ALLOW_COMBINATORIAL_LOOPS TRUE [get_nets <myHier/myNet>]'. One net in the loop is puf_bd_i/puf_top_0/inst/array/cells[0].cell_inst/g0[2].ro/w1. Please evaluate your design. The cells in the loop are: puf_bd_i/puf_top_0/inst/array/cells[0].cell_inst/g0[2].ro/w1_inferred_i_1, puf_bd_i/puf_top_0/inst/array/cells[0].cell_inst/g0[2].ro/w2_inferred_i_1, puf_bd_i/puf_top_0/inst/array/cells[0].cell_inst/g0[2].ro/w3_inferred_i_1, puf_bd_i/puf_top_0/inst/array/cells[0].cell_inst/g0[2].ro/w4_inferred_i_1, puf_bd_i/puf_top_0/inst/array/cells[0].cell_inst/g0[2].ro/w5_inferred_i_1, puf_bd_i/puf_top_0/inst/array/cells[0].cell_inst/g0[2].ro/w6_inferred_i_1, and puf_bd_i/puf_top_0/inst/array/cells[0].cell_inst/g0[2].ro/w7_inferred_i_1.
ERROR: [DRC LUTLP-1] Combinatorial Loop Alert: 7 LUT cells form a combinatorial loop. This can create a race condition. Timing analysis may not be accurate. The preferred resolution is to modify the design to remove combinatorial logic loops. If the loop is known and understood, this DRC can be bypassed by acknowledging the condition and setting the following XDC constraint on any one of the nets in the loop: 'set_property ALLOW_COMBINATORIAL_LOOPS TRUE [get_nets <myHier/myNet>]'. One net in the loop is puf_bd_i/puf_top_0/inst/array/cells[0].cell_inst/g0[3].ro/w1. Please evaluate your design. The cells in the loop are: puf_bd_i/puf_top_0/inst/array/cells[0].cell_inst/g0[3].ro/w1_inferred_i_1, puf_bd_i/puf_top_0/inst/array/cells[0].cell_inst/g0[3].ro/w2_inferred_i_1, puf_bd_i/puf_top_0/inst/array/cells[0].cell_inst/g0[3].ro/w3_inferred_i_1, puf_bd_i/puf_top_0/inst/array/cells[0].cell_inst/g0[3].ro/w4_inferred_i_1, puf_bd_i/puf_top_0/inst/array/cells[0].cell_inst/g0[3].ro/w5_inferred_i_1, puf_bd_i/puf_top_0/inst/array/cells[0].cell_inst/g0[3].ro/w6_inferred_i_1, and puf_bd_i/puf_top_0/inst/array/cells[0].cell_inst/g0[3].ro/w7_inferred_i_1.
ERROR: [DRC LUTLP-1] Combinatorial Loop Alert: 7 LUT cells form a combinatorial loop. This can create a race condition. Timing analysis may not be accurate. The preferred resolution is to modify the design to remove combinatorial logic loops. If the loop is known and understood, this DRC can be bypassed by acknowledging the condition and setting the following XDC constraint on any one of the nets in the loop: 'set_property ALLOW_COMBINATORIAL_LOOPS TRUE [get_nets <myHier/myNet>]'. One net in the loop is puf_bd_i/puf_top_0/inst/array/cells[0].cell_inst/g0[4].ro/w1. Please evaluate your design. The cells in the loop are: puf_bd_i/puf_top_0/inst/array/cells[0].cell_inst/g0[4].ro/w1_inferred_i_1, puf_bd_i/puf_top_0/inst/array/cells[0].cell_inst/g0[4].ro/w2_inferred_i_1, puf_bd_i/puf_top_0/inst/array/cells[0].cell_inst/g0[4].ro/w3_inferred_i_1, puf_bd_i/puf_top_0/inst/array/cells[0].cell_inst/g0[4].ro/w4_inferred_i_1, puf_bd_i/puf_top_0/inst/array/cells[0].cell_inst/g0[4].ro/w5_inferred_i_1, puf_bd_i/puf_top_0/inst/array/cells[0].cell_inst/g0[4].ro/w6_inferred_i_1, and puf_bd_i/puf_top_0/inst/array/cells[0].cell_inst/g0[4].ro/w7_inferred_i_1.
ERROR: [DRC LUTLP-1] Combinatorial Loop Alert: 7 LUT cells form a combinatorial loop. This can create a race condition. Timing analysis may not be accurate. The preferred resolution is to modify the design to remove combinatorial logic loops. If the loop is known and understood, this DRC can be bypassed by acknowledging the condition and setting the following XDC constraint on any one of the nets in the loop: 'set_property ALLOW_COMBINATORIAL_LOOPS TRUE [get_nets <myHier/myNet>]'. One net in the loop is puf_bd_i/puf_top_0/inst/array/cells[0].cell_inst/g0[5].ro/w1. Please evaluate your design. The cells in the loop are: puf_bd_i/puf_top_0/inst/array/cells[0].cell_inst/g0[5].ro/w1_inferred_i_1, puf_bd_i/puf_top_0/inst/array/cells[0].cell_inst/g0[5].ro/w2_inferred_i_1, puf_bd_i/puf_top_0/inst/array/cells[0].cell_inst/g0[5].ro/w3_inferred_i_1, puf_bd_i/puf_top_0/inst/array/cells[0].cell_inst/g0[5].ro/w4_inferred_i_1, puf_bd_i/puf_top_0/inst/array/cells[0].cell_inst/g0[5].ro/w5_inferred_i_1, puf_bd_i/puf_top_0/inst/array/cells[0].cell_inst/g0[5].ro/w6_inferred_i_1, and puf_bd_i/puf_top_0/inst/array/cells[0].cell_inst/g0[5].ro/w7_inferred_i_1.
ERROR: [DRC LUTLP-1] Combinatorial Loop Alert: 7 LUT cells form a combinatorial loop. This can create a race condition. Timing analysis may not be accurate. The preferred resolution is to modify the design to remove combinatorial logic loops. If the loop is known and understood, this DRC can be bypassed by acknowledging the condition and setting the following XDC constraint on any one of the nets in the loop: 'set_property ALLOW_COMBINATORIAL_LOOPS TRUE [get_nets <myHier/myNet>]'. One net in the loop is puf_bd_i/puf_top_0/inst/array/cells[0].cell_inst/g0[6].ro/w1. Please evaluate your design. The cells in the loop are: puf_bd_i/puf_top_0/inst/array/cells[0].cell_inst/g0[6].ro/w1_inferred_i_1, puf_bd_i/puf_top_0/inst/array/cells[0].cell_inst/g0[6].ro/w2_inferred_i_1, puf_bd_i/puf_top_0/inst/array/cells[0].cell_inst/g0[6].ro/w3_inferred_i_1, puf_bd_i/puf_top_0/inst/array/cells[0].cell_inst/g0[6].ro/w4_inferred_i_1, puf_bd_i/puf_top_0/inst/array/cells[0].cell_inst/g0[6].ro/w5_inferred_i_1, puf_bd_i/puf_top_0/inst/array/cells[0].cell_inst/g0[6].ro/w6_inferred_i_1, and puf_bd_i/puf_top_0/inst/array/cells[0].cell_inst/g0[6].ro/w7_inferred_i_1.
ERROR: [DRC LUTLP-1] Combinatorial Loop Alert: 7 LUT cells form a combinatorial loop. This can create a race condition. Timing analysis may not be accurate. The preferred resolution is to modify the design to remove combinatorial logic loops. If the loop is known and understood, this DRC can be bypassed by acknowledging the condition and setting the following XDC constraint on any one of the nets in the loop: 'set_property ALLOW_COMBINATORIAL_LOOPS TRUE [get_nets <myHier/myNet>]'. One net in the loop is puf_bd_i/puf_top_0/inst/array/cells[0].cell_inst/g0[7].ro/w1. Please evaluate your design. The cells in the loop are: puf_bd_i/puf_top_0/inst/array/cells[0].cell_inst/g0[7].ro/w1_inferred_i_1, puf_bd_i/puf_top_0/inst/array/cells[0].cell_inst/g0[7].ro/w2_inferred_i_1, puf_bd_i/puf_top_0/inst/array/cells[0].cell_inst/g0[7].ro/w3_inferred_i_1, puf_bd_i/puf_top_0/inst/array/cells[0].cell_inst/g0[7].ro/w4_inferred_i_1, puf_bd_i/puf_top_0/inst/array/cells[0].cell_inst/g0[7].ro/w5_inferred_i_1, puf_bd_i/puf_top_0/inst/array/cells[0].cell_inst/g0[7].ro/w6_inferred_i_1, and puf_bd_i/puf_top_0/inst/array/cells[0].cell_inst/g0[7].ro/w7_inferred_i_1.
ERROR: [DRC LUTLP-1] Combinatorial Loop Alert: 7 LUT cells form a combinatorial loop. This can create a race condition. Timing analysis may not be accurate. The preferred resolution is to modify the design to remove combinatorial logic loops. If the loop is known and understood, this DRC can be bypassed by acknowledging the condition and setting the following XDC constraint on any one of the nets in the loop: 'set_property ALLOW_COMBINATORIAL_LOOPS TRUE [get_nets <myHier/myNet>]'. One net in the loop is puf_bd_i/puf_top_0/inst/array/cells[0].cell_inst/g0[8].ro/w1. Please evaluate your design. The cells in the loop are: puf_bd_i/puf_top_0/inst/array/cells[0].cell_inst/g0[8].ro/w1_inferred_i_1, puf_bd_i/puf_top_0/inst/array/cells[0].cell_inst/g0[8].ro/w2_inferred_i_1, puf_bd_i/puf_top_0/inst/array/cells[0].cell_inst/g0[8].ro/w3_inferred_i_1, puf_bd_i/puf_top_0/inst/array/cells[0].cell_inst/g0[8].ro/w4_inferred_i_1, puf_bd_i/puf_top_0/inst/array/cells[0].cell_inst/g0[8].ro/w5_inferred_i_1, puf_bd_i/puf_top_0/inst/array/cells[0].cell_inst/g0[8].ro/w6_inferred_i_1, and puf_bd_i/puf_top_0/inst/array/cells[0].cell_inst/g0[8].ro/w7_inferred_i_1.
ERROR: [DRC LUTLP-1] Combinatorial Loop Alert: 7 LUT cells form a combinatorial loop. This can create a race condition. Timing analysis may not be accurate. The preferred resolution is to modify the design to remove combinatorial logic loops. If the loop is known and understood, this DRC can be bypassed by acknowledging the condition and setting the following XDC constraint on any one of the nets in the loop: 'set_property ALLOW_COMBINATORIAL_LOOPS TRUE [get_nets <myHier/myNet>]'. One net in the loop is puf_bd_i/puf_top_0/inst/array/cells[0].cell_inst/g0[9].ro/w1. Please evaluate your design. The cells in the loop are: puf_bd_i/puf_top_0/inst/array/cells[0].cell_inst/g0[9].ro/w1_inferred_i_1, puf_bd_i/puf_top_0/inst/array/cells[0].cell_inst/g0[9].ro/w2_inferred_i_1, puf_bd_i/puf_top_0/inst/array/cells[0].cell_inst/g0[9].ro/w3_inferred_i_1, puf_bd_i/puf_top_0/inst/array/cells[0].cell_inst/g0[9].ro/w4_inferred_i_1, puf_bd_i/puf_top_0/inst/array/cells[0].cell_inst/g0[9].ro/w5_inferred_i_1, puf_bd_i/puf_top_0/inst/array/cells[0].cell_inst/g0[9].ro/w6_inferred_i_1, and puf_bd_i/puf_top_0/inst/array/cells[0].cell_inst/g0[9].ro/w7_inferred_i_1.
ERROR: [DRC LUTLP-1] Combinatorial Loop Alert: 7 LUT cells form a combinatorial loop. This can create a race condition. Timing analysis may not be accurate. The preferred resolution is to modify the design to remove combinatorial logic loops. If the loop is known and understood, this DRC can be bypassed by acknowledging the condition and setting the following XDC constraint on any one of the nets in the loop: 'set_property ALLOW_COMBINATORIAL_LOOPS TRUE [get_nets <myHier/myNet>]'. One net in the loop is puf_bd_i/puf_top_0/inst/array/cells[0].cell_inst/g1[0].ro/w1. Please evaluate your design. The cells in the loop are: puf_bd_i/puf_top_0/inst/array/cells[0].cell_inst/g1[0].ro/w1_inferred_i_1, puf_bd_i/puf_top_0/inst/array/cells[0].cell_inst/g1[0].ro/w2_inferred_i_1, puf_bd_i/puf_top_0/inst/array/cells[0].cell_inst/g1[0].ro/w3_inferred_i_1, puf_bd_i/puf_top_0/inst/array/cells[0].cell_inst/g1[0].ro/w4_inferred_i_1, puf_bd_i/puf_top_0/inst/array/cells[0].cell_inst/g1[0].ro/w5_inferred_i_1, puf_bd_i/puf_top_0/inst/array/cells[0].cell_inst/g1[0].ro/w6_inferred_i_1, and puf_bd_i/puf_top_0/inst/array/cells[0].cell_inst/g1[0].ro/w7_inferred_i_1.
ERROR: [DRC LUTLP-1] Combinatorial Loop Alert: 7 LUT cells form a combinatorial loop. This can create a race condition. Timing analysis may not be accurate. The preferred resolution is to modify the design to remove combinatorial logic loops. If the loop is known and understood, this DRC can be bypassed by acknowledging the condition and setting the following XDC constraint on any one of the nets in the loop: 'set_property ALLOW_COMBINATORIAL_LOOPS TRUE [get_nets <myHier/myNet>]'. One net in the loop is puf_bd_i/puf_top_0/inst/array/cells[0].cell_inst/g1[10].ro/w1. Please evaluate your design. The cells in the loop are: puf_bd_i/puf_top_0/inst/array/cells[0].cell_inst/g1[10].ro/w1_inferred_i_1, puf_bd_i/puf_top_0/inst/array/cells[0].cell_inst/g1[10].ro/w2_inferred_i_1, puf_bd_i/puf_top_0/inst/array/cells[0].cell_inst/g1[10].ro/w3_inferred_i_1, puf_bd_i/puf_top_0/inst/array/cells[0].cell_inst/g1[10].ro/w4_inferred_i_1, puf_bd_i/puf_top_0/inst/array/cells[0].cell_inst/g1[10].ro/w5_inferred_i_1, puf_bd_i/puf_top_0/inst/array/cells[0].cell_inst/g1[10].ro/w6_inferred_i_1, and puf_bd_i/puf_top_0/inst/array/cells[0].cell_inst/g1[10].ro/w7_inferred_i_1.
ERROR: [DRC LUTLP-1] Combinatorial Loop Alert: 7 LUT cells form a combinatorial loop. This can create a race condition. Timing analysis may not be accurate. The preferred resolution is to modify the design to remove combinatorial logic loops. If the loop is known and understood, this DRC can be bypassed by acknowledging the condition and setting the following XDC constraint on any one of the nets in the loop: 'set_property ALLOW_COMBINATORIAL_LOOPS TRUE [get_nets <myHier/myNet>]'. One net in the loop is puf_bd_i/puf_top_0/inst/array/cells[0].cell_inst/g1[11].ro/w1. Please evaluate your design. The cells in the loop are: puf_bd_i/puf_top_0/inst/array/cells[0].cell_inst/g1[11].ro/w1_inferred_i_1, puf_bd_i/puf_top_0/inst/array/cells[0].cell_inst/g1[11].ro/w2_inferred_i_1, puf_bd_i/puf_top_0/inst/array/cells[0].cell_inst/g1[11].ro/w3_inferred_i_1, puf_bd_i/puf_top_0/inst/array/cells[0].cell_inst/g1[11].ro/w4_inferred_i_1, puf_bd_i/puf_top_0/inst/array/cells[0].cell_inst/g1[11].ro/w5_inferred_i_1, puf_bd_i/puf_top_0/inst/array/cells[0].cell_inst/g1[11].ro/w6_inferred_i_1, and puf_bd_i/puf_top_0/inst/array/cells[0].cell_inst/g1[11].ro/w7_inferred_i_1.
ERROR: [DRC LUTLP-1] Combinatorial Loop Alert: 7 LUT cells form a combinatorial loop. This can create a race condition. Timing analysis may not be accurate. The preferred resolution is to modify the design to remove combinatorial logic loops. If the loop is known and understood, this DRC can be bypassed by acknowledging the condition and setting the following XDC constraint on any one of the nets in the loop: 'set_property ALLOW_COMBINATORIAL_LOOPS TRUE [get_nets <myHier/myNet>]'. One net in the loop is puf_bd_i/puf_top_0/inst/array/cells[0].cell_inst/g1[12].ro/w1. Please evaluate your design. The cells in the loop are: puf_bd_i/puf_top_0/inst/array/cells[0].cell_inst/g1[12].ro/w1_inferred_i_1, puf_bd_i/puf_top_0/inst/array/cells[0].cell_inst/g1[12].ro/w2_inferred_i_1, puf_bd_i/puf_top_0/inst/array/cells[0].cell_inst/g1[12].ro/w3_inferred_i_1, puf_bd_i/puf_top_0/inst/array/cells[0].cell_inst/g1[12].ro/w4_inferred_i_1, puf_bd_i/puf_top_0/inst/array/cells[0].cell_inst/g1[12].ro/w5_inferred_i_1, puf_bd_i/puf_top_0/inst/array/cells[0].cell_inst/g1[12].ro/w6_inferred_i_1, and puf_bd_i/puf_top_0/inst/array/cells[0].cell_inst/g1[12].ro/w7_inferred_i_1.
ERROR: [DRC LUTLP-1] Combinatorial Loop Alert: 7 LUT cells form a combinatorial loop. This can create a race condition. Timing analysis may not be accurate. The preferred resolution is to modify the design to remove combinatorial logic loops. If the loop is known and understood, this DRC can be bypassed by acknowledging the condition and setting the following XDC constraint on any one of the nets in the loop: 'set_property ALLOW_COMBINATORIAL_LOOPS TRUE [get_nets <myHier/myNet>]'. One net in the loop is puf_bd_i/puf_top_0/inst/array/cells[0].cell_inst/g1[13].ro/w1. Please evaluate your design. The cells in the loop are: puf_bd_i/puf_top_0/inst/array/cells[0].cell_inst/g1[13].ro/w1_inferred_i_1, puf_bd_i/puf_top_0/inst/array/cells[0].cell_inst/g1[13].ro/w2_inferred_i_1, puf_bd_i/puf_top_0/inst/array/cells[0].cell_inst/g1[13].ro/w3_inferred_i_1, puf_bd_i/puf_top_0/inst/array/cells[0].cell_inst/g1[13].ro/w4_inferred_i_1, puf_bd_i/puf_top_0/inst/array/cells[0].cell_inst/g1[13].ro/w5_inferred_i_1, puf_bd_i/puf_top_0/inst/array/cells[0].cell_inst/g1[13].ro/w6_inferred_i_1, and puf_bd_i/puf_top_0/inst/array/cells[0].cell_inst/g1[13].ro/w7_inferred_i_1.
ERROR: [DRC LUTLP-1] Combinatorial Loop Alert: 7 LUT cells form a combinatorial loop. This can create a race condition. Timing analysis may not be accurate. The preferred resolution is to modify the design to remove combinatorial logic loops. If the loop is known and understood, this DRC can be bypassed by acknowledging the condition and setting the following XDC constraint on any one of the nets in the loop: 'set_property ALLOW_COMBINATORIAL_LOOPS TRUE [get_nets <myHier/myNet>]'. One net in the loop is puf_bd_i/puf_top_0/inst/array/cells[0].cell_inst/g1[14].ro/w1. Please evaluate your design. The cells in the loop are: puf_bd_i/puf_top_0/inst/array/cells[0].cell_inst/g1[14].ro/w1_inferred_i_1, puf_bd_i/puf_top_0/inst/array/cells[0].cell_inst/g1[14].ro/w2_inferred_i_1, puf_bd_i/puf_top_0/inst/array/cells[0].cell_inst/g1[14].ro/w3_inferred_i_1, puf_bd_i/puf_top_0/inst/array/cells[0].cell_inst/g1[14].ro/w4_inferred_i_1, puf_bd_i/puf_top_0/inst/array/cells[0].cell_inst/g1[14].ro/w5_inferred_i_1, puf_bd_i/puf_top_0/inst/array/cells[0].cell_inst/g1[14].ro/w6_inferred_i_1, and puf_bd_i/puf_top_0/inst/array/cells[0].cell_inst/g1[14].ro/w7_inferred_i_1.
ERROR: [DRC LUTLP-1] Combinatorial Loop Alert: 7 LUT cells form a combinatorial loop. This can create a race condition. Timing analysis may not be accurate. The preferred resolution is to modify the design to remove combinatorial logic loops. If the loop is known and understood, this DRC can be bypassed by acknowledging the condition and setting the following XDC constraint on any one of the nets in the loop: 'set_property ALLOW_COMBINATORIAL_LOOPS TRUE [get_nets <myHier/myNet>]'. One net in the loop is puf_bd_i/puf_top_0/inst/array/cells[0].cell_inst/g1[15].ro/w1. Please evaluate your design. The cells in the loop are: puf_bd_i/puf_top_0/inst/array/cells[0].cell_inst/g1[15].ro/w1_inferred_i_1, puf_bd_i/puf_top_0/inst/array/cells[0].cell_inst/g1[15].ro/w2_inferred_i_1, puf_bd_i/puf_top_0/inst/array/cells[0].cell_inst/g1[15].ro/w3_inferred_i_1, puf_bd_i/puf_top_0/inst/array/cells[0].cell_inst/g1[15].ro/w4_inferred_i_1, puf_bd_i/puf_top_0/inst/array/cells[0].cell_inst/g1[15].ro/w5_inferred_i_1, puf_bd_i/puf_top_0/inst/array/cells[0].cell_inst/g1[15].ro/w6_inferred_i_1, and puf_bd_i/puf_top_0/inst/array/cells[0].cell_inst/g1[15].ro/w7_inferred_i_1.
ERROR: [DRC LUTLP-1] Combinatorial Loop Alert: 7 LUT cells form a combinatorial loop. This can create a race condition. Timing analysis may not be accurate. The preferred resolution is to modify the design to remove combinatorial logic loops. If the loop is known and understood, this DRC can be bypassed by acknowledging the condition and setting the following XDC constraint on any one of the nets in the loop: 'set_property ALLOW_COMBINATORIAL_LOOPS TRUE [get_nets <myHier/myNet>]'. One net in the loop is puf_bd_i/puf_top_0/inst/array/cells[0].cell_inst/g1[1].ro/w1. Please evaluate your design. The cells in the loop are: puf_bd_i/puf_top_0/inst/array/cells[0].cell_inst/g1[1].ro/w1_inferred_i_1, puf_bd_i/puf_top_0/inst/array/cells[0].cell_inst/g1[1].ro/w2_inferred_i_1, puf_bd_i/puf_top_0/inst/array/cells[0].cell_inst/g1[1].ro/w3_inferred_i_1, puf_bd_i/puf_top_0/inst/array/cells[0].cell_inst/g1[1].ro/w4_inferred_i_1, puf_bd_i/puf_top_0/inst/array/cells[0].cell_inst/g1[1].ro/w5_inferred_i_1, puf_bd_i/puf_top_0/inst/array/cells[0].cell_inst/g1[1].ro/w6_inferred_i_1, and puf_bd_i/puf_top_0/inst/array/cells[0].cell_inst/g1[1].ro/w7_inferred_i_1.
ERROR: [DRC LUTLP-1] Combinatorial Loop Alert: 7 LUT cells form a combinatorial loop. This can create a race condition. Timing analysis may not be accurate. The preferred resolution is to modify the design to remove combinatorial logic loops. If the loop is known and understood, this DRC can be bypassed by acknowledging the condition and setting the following XDC constraint on any one of the nets in the loop: 'set_property ALLOW_COMBINATORIAL_LOOPS TRUE [get_nets <myHier/myNet>]'. One net in the loop is puf_bd_i/puf_top_0/inst/array/cells[0].cell_inst/g1[2].ro/w1. Please evaluate your design. The cells in the loop are: puf_bd_i/puf_top_0/inst/array/cells[0].cell_inst/g1[2].ro/w1_inferred_i_1, puf_bd_i/puf_top_0/inst/array/cells[0].cell_inst/g1[2].ro/w2_inferred_i_1, puf_bd_i/puf_top_0/inst/array/cells[0].cell_inst/g1[2].ro/w3_inferred_i_1, puf_bd_i/puf_top_0/inst/array/cells[0].cell_inst/g1[2].ro/w4_inferred_i_1, puf_bd_i/puf_top_0/inst/array/cells[0].cell_inst/g1[2].ro/w5_inferred_i_1, puf_bd_i/puf_top_0/inst/array/cells[0].cell_inst/g1[2].ro/w6_inferred_i_1, and puf_bd_i/puf_top_0/inst/array/cells[0].cell_inst/g1[2].ro/w7_inferred_i_1.
ERROR: [DRC LUTLP-1] Combinatorial Loop Alert: 7 LUT cells form a combinatorial loop. This can create a race condition. Timing analysis may not be accurate. The preferred resolution is to modify the design to remove combinatorial logic loops. If the loop is known and understood, this DRC can be bypassed by acknowledging the condition and setting the following XDC constraint on any one of the nets in the loop: 'set_property ALLOW_COMBINATORIAL_LOOPS TRUE [get_nets <myHier/myNet>]'. One net in the loop is puf_bd_i/puf_top_0/inst/array/cells[0].cell_inst/g1[3].ro/w1. Please evaluate your design. The cells in the loop are: puf_bd_i/puf_top_0/inst/array/cells[0].cell_inst/g1[3].ro/w1_inferred_i_1, puf_bd_i/puf_top_0/inst/array/cells[0].cell_inst/g1[3].ro/w2_inferred_i_1, puf_bd_i/puf_top_0/inst/array/cells[0].cell_inst/g1[3].ro/w3_inferred_i_1, puf_bd_i/puf_top_0/inst/array/cells[0].cell_inst/g1[3].ro/w4_inferred_i_1, puf_bd_i/puf_top_0/inst/array/cells[0].cell_inst/g1[3].ro/w5_inferred_i_1, puf_bd_i/puf_top_0/inst/array/cells[0].cell_inst/g1[3].ro/w6_inferred_i_1, and puf_bd_i/puf_top_0/inst/array/cells[0].cell_inst/g1[3].ro/w7_inferred_i_1.
ERROR: [DRC LUTLP-1] Combinatorial Loop Alert: 7 LUT cells form a combinatorial loop. This can create a race condition. Timing analysis may not be accurate. The preferred resolution is to modify the design to remove combinatorial logic loops. If the loop is known and understood, this DRC can be bypassed by acknowledging the condition and setting the following XDC constraint on any one of the nets in the loop: 'set_property ALLOW_COMBINATORIAL_LOOPS TRUE [get_nets <myHier/myNet>]'. One net in the loop is puf_bd_i/puf_top_0/inst/array/cells[0].cell_inst/g1[4].ro/w1. Please evaluate your design. The cells in the loop are: puf_bd_i/puf_top_0/inst/array/cells[0].cell_inst/g1[4].ro/w1_inferred_i_1, puf_bd_i/puf_top_0/inst/array/cells[0].cell_inst/g1[4].ro/w2_inferred_i_1, puf_bd_i/puf_top_0/inst/array/cells[0].cell_inst/g1[4].ro/w3_inferred_i_1, puf_bd_i/puf_top_0/inst/array/cells[0].cell_inst/g1[4].ro/w4_inferred_i_1, puf_bd_i/puf_top_0/inst/array/cells[0].cell_inst/g1[4].ro/w5_inferred_i_1, puf_bd_i/puf_top_0/inst/array/cells[0].cell_inst/g1[4].ro/w6_inferred_i_1, and puf_bd_i/puf_top_0/inst/array/cells[0].cell_inst/g1[4].ro/w7_inferred_i_1.
ERROR: [DRC LUTLP-1] Combinatorial Loop Alert: 7 LUT cells form a combinatorial loop. This can create a race condition. Timing analysis may not be accurate. The preferred resolution is to modify the design to remove combinatorial logic loops. If the loop is known and understood, this DRC can be bypassed by acknowledging the condition and setting the following XDC constraint on any one of the nets in the loop: 'set_property ALLOW_COMBINATORIAL_LOOPS TRUE [get_nets <myHier/myNet>]'. One net in the loop is puf_bd_i/puf_top_0/inst/array/cells[0].cell_inst/g1[5].ro/w1. Please evaluate your design. The cells in the loop are: puf_bd_i/puf_top_0/inst/array/cells[0].cell_inst/g1[5].ro/w1_inferred_i_1, puf_bd_i/puf_top_0/inst/array/cells[0].cell_inst/g1[5].ro/w2_inferred_i_1, puf_bd_i/puf_top_0/inst/array/cells[0].cell_inst/g1[5].ro/w3_inferred_i_1, puf_bd_i/puf_top_0/inst/array/cells[0].cell_inst/g1[5].ro/w4_inferred_i_1, puf_bd_i/puf_top_0/inst/array/cells[0].cell_inst/g1[5].ro/w5_inferred_i_1, puf_bd_i/puf_top_0/inst/array/cells[0].cell_inst/g1[5].ro/w6_inferred_i_1, and puf_bd_i/puf_top_0/inst/array/cells[0].cell_inst/g1[5].ro/w7_inferred_i_1.
ERROR: [DRC LUTLP-1] Combinatorial Loop Alert: 7 LUT cells form a combinatorial loop. This can create a race condition. Timing analysis may not be accurate. The preferred resolution is to modify the design to remove combinatorial logic loops. If the loop is known and understood, this DRC can be bypassed by acknowledging the condition and setting the following XDC constraint on any one of the nets in the loop: 'set_property ALLOW_COMBINATORIAL_LOOPS TRUE [get_nets <myHier/myNet>]'. One net in the loop is puf_bd_i/puf_top_0/inst/array/cells[0].cell_inst/g1[6].ro/w1. Please evaluate your design. The cells in the loop are: puf_bd_i/puf_top_0/inst/array/cells[0].cell_inst/g1[6].ro/w1_inferred_i_1, puf_bd_i/puf_top_0/inst/array/cells[0].cell_inst/g1[6].ro/w2_inferred_i_1, puf_bd_i/puf_top_0/inst/array/cells[0].cell_inst/g1[6].ro/w3_inferred_i_1, puf_bd_i/puf_top_0/inst/array/cells[0].cell_inst/g1[6].ro/w4_inferred_i_1, puf_bd_i/puf_top_0/inst/array/cells[0].cell_inst/g1[6].ro/w5_inferred_i_1, puf_bd_i/puf_top_0/inst/array/cells[0].cell_inst/g1[6].ro/w6_inferred_i_1, and puf_bd_i/puf_top_0/inst/array/cells[0].cell_inst/g1[6].ro/w7_inferred_i_1.
ERROR: [DRC LUTLP-1] Combinatorial Loop Alert: 7 LUT cells form a combinatorial loop. This can create a race condition. Timing analysis may not be accurate. The preferred resolution is to modify the design to remove combinatorial logic loops. If the loop is known and understood, this DRC can be bypassed by acknowledging the condition and setting the following XDC constraint on any one of the nets in the loop: 'set_property ALLOW_COMBINATORIAL_LOOPS TRUE [get_nets <myHier/myNet>]'. One net in the loop is puf_bd_i/puf_top_0/inst/array/cells[0].cell_inst/g1[7].ro/w1. Please evaluate your design. The cells in the loop are: puf_bd_i/puf_top_0/inst/array/cells[0].cell_inst/g1[7].ro/w1_inferred_i_1, puf_bd_i/puf_top_0/inst/array/cells[0].cell_inst/g1[7].ro/w2_inferred_i_1, puf_bd_i/puf_top_0/inst/array/cells[0].cell_inst/g1[7].ro/w3_inferred_i_1, puf_bd_i/puf_top_0/inst/array/cells[0].cell_inst/g1[7].ro/w4_inferred_i_1, puf_bd_i/puf_top_0/inst/array/cells[0].cell_inst/g1[7].ro/w5_inferred_i_1, puf_bd_i/puf_top_0/inst/array/cells[0].cell_inst/g1[7].ro/w6_inferred_i_1, and puf_bd_i/puf_top_0/inst/array/cells[0].cell_inst/g1[7].ro/w7_inferred_i_1.
ERROR: [DRC LUTLP-1] Combinatorial Loop Alert: 7 LUT cells form a combinatorial loop. This can create a race condition. Timing analysis may not be accurate. The preferred resolution is to modify the design to remove combinatorial logic loops. If the loop is known and understood, this DRC can be bypassed by acknowledging the condition and setting the following XDC constraint on any one of the nets in the loop: 'set_property ALLOW_COMBINATORIAL_LOOPS TRUE [get_nets <myHier/myNet>]'. One net in the loop is puf_bd_i/puf_top_0/inst/array/cells[0].cell_inst/g1[8].ro/w1. Please evaluate your design. The cells in the loop are: puf_bd_i/puf_top_0/inst/array/cells[0].cell_inst/g1[8].ro/w1_inferred_i_1, puf_bd_i/puf_top_0/inst/array/cells[0].cell_inst/g1[8].ro/w2_inferred_i_1, puf_bd_i/puf_top_0/inst/array/cells[0].cell_inst/g1[8].ro/w3_inferred_i_1, puf_bd_i/puf_top_0/inst/array/cells[0].cell_inst/g1[8].ro/w4_inferred_i_1, puf_bd_i/puf_top_0/inst/array/cells[0].cell_inst/g1[8].ro/w5_inferred_i_1, puf_bd_i/puf_top_0/inst/array/cells[0].cell_inst/g1[8].ro/w6_inferred_i_1, and puf_bd_i/puf_top_0/inst/array/cells[0].cell_inst/g1[8].ro/w7_inferred_i_1.
ERROR: [DRC LUTLP-1] Combinatorial Loop Alert: 7 LUT cells form a combinatorial loop. This can create a race condition. Timing analysis may not be accurate. The preferred resolution is to modify the design to remove combinatorial logic loops. If the loop is known and understood, this DRC can be bypassed by acknowledging the condition and setting the following XDC constraint on any one of the nets in the loop: 'set_property ALLOW_COMBINATORIAL_LOOPS TRUE [get_nets <myHier/myNet>]'. One net in the loop is puf_bd_i/puf_top_0/inst/array/cells[0].cell_inst/g1[9].ro/w1. Please evaluate your design. The cells in the loop are: puf_bd_i/puf_top_0/inst/array/cells[0].cell_inst/g1[9].ro/w1_inferred_i_1, puf_bd_i/puf_top_0/inst/array/cells[0].cell_inst/g1[9].ro/w2_inferred_i_1, puf_bd_i/puf_top_0/inst/array/cells[0].cell_inst/g1[9].ro/w3_inferred_i_1, puf_bd_i/puf_top_0/inst/array/cells[0].cell_inst/g1[9].ro/w4_inferred_i_1, puf_bd_i/puf_top_0/inst/array/cells[0].cell_inst/g1[9].ro/w5_inferred_i_1, puf_bd_i/puf_top_0/inst/array/cells[0].cell_inst/g1[9].ro/w6_inferred_i_1, and puf_bd_i/puf_top_0/inst/array/cells[0].cell_inst/g1[9].ro/w7_inferred_i_1.
ERROR: [DRC LUTLP-1] Combinatorial Loop Alert: 7 LUT cells form a combinatorial loop. This can create a race condition. Timing analysis may not be accurate. The preferred resolution is to modify the design to remove combinatorial logic loops. If the loop is known and understood, this DRC can be bypassed by acknowledging the condition and setting the following XDC constraint on any one of the nets in the loop: 'set_property ALLOW_COMBINATORIAL_LOOPS TRUE [get_nets <myHier/myNet>]'. One net in the loop is puf_bd_i/puf_top_0/inst/array/cells[1].cell_inst/g0[0].ro/w1. Please evaluate your design. The cells in the loop are: puf_bd_i/puf_top_0/inst/array/cells[1].cell_inst/g0[0].ro/w1_inferred_i_1, puf_bd_i/puf_top_0/inst/array/cells[1].cell_inst/g0[0].ro/w2_inferred_i_1, puf_bd_i/puf_top_0/inst/array/cells[1].cell_inst/g0[0].ro/w3_inferred_i_1, puf_bd_i/puf_top_0/inst/array/cells[1].cell_inst/g0[0].ro/w4_inferred_i_1, puf_bd_i/puf_top_0/inst/array/cells[1].cell_inst/g0[0].ro/w5_inferred_i_1, puf_bd_i/puf_top_0/inst/array/cells[1].cell_inst/g0[0].ro/w6_inferred_i_1, and puf_bd_i/puf_top_0/inst/array/cells[1].cell_inst/g0[0].ro/w7_inferred_i_1.
ERROR: [DRC LUTLP-1] Combinatorial Loop Alert: 7 LUT cells form a combinatorial loop. This can create a race condition. Timing analysis may not be accurate. The preferred resolution is to modify the design to remove combinatorial logic loops. If the loop is known and understood, this DRC can be bypassed by acknowledging the condition and setting the following XDC constraint on any one of the nets in the loop: 'set_property ALLOW_COMBINATORIAL_LOOPS TRUE [get_nets <myHier/myNet>]'. One net in the loop is puf_bd_i/puf_top_0/inst/array/cells[1].cell_inst/g0[10].ro/w1. Please evaluate your design. The cells in the loop are: puf_bd_i/puf_top_0/inst/array/cells[1].cell_inst/g0[10].ro/w1_inferred_i_1, puf_bd_i/puf_top_0/inst/array/cells[1].cell_inst/g0[10].ro/w2_inferred_i_1, puf_bd_i/puf_top_0/inst/array/cells[1].cell_inst/g0[10].ro/w3_inferred_i_1, puf_bd_i/puf_top_0/inst/array/cells[1].cell_inst/g0[10].ro/w4_inferred_i_1, puf_bd_i/puf_top_0/inst/array/cells[1].cell_inst/g0[10].ro/w5_inferred_i_1, puf_bd_i/puf_top_0/inst/array/cells[1].cell_inst/g0[10].ro/w6_inferred_i_1, and puf_bd_i/puf_top_0/inst/array/cells[1].cell_inst/g0[10].ro/w7_inferred_i_1.
ERROR: [DRC LUTLP-1] Combinatorial Loop Alert: 7 LUT cells form a combinatorial loop. This can create a race condition. Timing analysis may not be accurate. The preferred resolution is to modify the design to remove combinatorial logic loops. If the loop is known and understood, this DRC can be bypassed by acknowledging the condition and setting the following XDC constraint on any one of the nets in the loop: 'set_property ALLOW_COMBINATORIAL_LOOPS TRUE [get_nets <myHier/myNet>]'. One net in the loop is puf_bd_i/puf_top_0/inst/array/cells[1].cell_inst/g0[11].ro/w1. Please evaluate your design. The cells in the loop are: puf_bd_i/puf_top_0/inst/array/cells[1].cell_inst/g0[11].ro/w1_inferred_i_1, puf_bd_i/puf_top_0/inst/array/cells[1].cell_inst/g0[11].ro/w2_inferred_i_1, puf_bd_i/puf_top_0/inst/array/cells[1].cell_inst/g0[11].ro/w3_inferred_i_1, puf_bd_i/puf_top_0/inst/array/cells[1].cell_inst/g0[11].ro/w4_inferred_i_1, puf_bd_i/puf_top_0/inst/array/cells[1].cell_inst/g0[11].ro/w5_inferred_i_1, puf_bd_i/puf_top_0/inst/array/cells[1].cell_inst/g0[11].ro/w6_inferred_i_1, and puf_bd_i/puf_top_0/inst/array/cells[1].cell_inst/g0[11].ro/w7_inferred_i_1.
ERROR: [DRC LUTLP-1] Combinatorial Loop Alert: 7 LUT cells form a combinatorial loop. This can create a race condition. Timing analysis may not be accurate. The preferred resolution is to modify the design to remove combinatorial logic loops. If the loop is known and understood, this DRC can be bypassed by acknowledging the condition and setting the following XDC constraint on any one of the nets in the loop: 'set_property ALLOW_COMBINATORIAL_LOOPS TRUE [get_nets <myHier/myNet>]'. One net in the loop is puf_bd_i/puf_top_0/inst/array/cells[1].cell_inst/g0[12].ro/w1. Please evaluate your design. The cells in the loop are: puf_bd_i/puf_top_0/inst/array/cells[1].cell_inst/g0[12].ro/w1_inferred_i_1, puf_bd_i/puf_top_0/inst/array/cells[1].cell_inst/g0[12].ro/w2_inferred_i_1, puf_bd_i/puf_top_0/inst/array/cells[1].cell_inst/g0[12].ro/w3_inferred_i_1, puf_bd_i/puf_top_0/inst/array/cells[1].cell_inst/g0[12].ro/w4_inferred_i_1, puf_bd_i/puf_top_0/inst/array/cells[1].cell_inst/g0[12].ro/w5_inferred_i_1, puf_bd_i/puf_top_0/inst/array/cells[1].cell_inst/g0[12].ro/w6_inferred_i_1, and puf_bd_i/puf_top_0/inst/array/cells[1].cell_inst/g0[12].ro/w7_inferred_i_1.
ERROR: [DRC LUTLP-1] Combinatorial Loop Alert: 7 LUT cells form a combinatorial loop. This can create a race condition. Timing analysis may not be accurate. The preferred resolution is to modify the design to remove combinatorial logic loops. If the loop is known and understood, this DRC can be bypassed by acknowledging the condition and setting the following XDC constraint on any one of the nets in the loop: 'set_property ALLOW_COMBINATORIAL_LOOPS TRUE [get_nets <myHier/myNet>]'. One net in the loop is puf_bd_i/puf_top_0/inst/array/cells[1].cell_inst/g0[13].ro/w1. Please evaluate your design. The cells in the loop are: puf_bd_i/puf_top_0/inst/array/cells[1].cell_inst/g0[13].ro/w1_inferred_i_1, puf_bd_i/puf_top_0/inst/array/cells[1].cell_inst/g0[13].ro/w2_inferred_i_1, puf_bd_i/puf_top_0/inst/array/cells[1].cell_inst/g0[13].ro/w3_inferred_i_1, puf_bd_i/puf_top_0/inst/array/cells[1].cell_inst/g0[13].ro/w4_inferred_i_1, puf_bd_i/puf_top_0/inst/array/cells[1].cell_inst/g0[13].ro/w5_inferred_i_1, puf_bd_i/puf_top_0/inst/array/cells[1].cell_inst/g0[13].ro/w6_inferred_i_1, and puf_bd_i/puf_top_0/inst/array/cells[1].cell_inst/g0[13].ro/w7_inferred_i_1.
ERROR: [DRC LUTLP-1] Combinatorial Loop Alert: 7 LUT cells form a combinatorial loop. This can create a race condition. Timing analysis may not be accurate. The preferred resolution is to modify the design to remove combinatorial logic loops. If the loop is known and understood, this DRC can be bypassed by acknowledging the condition and setting the following XDC constraint on any one of the nets in the loop: 'set_property ALLOW_COMBINATORIAL_LOOPS TRUE [get_nets <myHier/myNet>]'. One net in the loop is puf_bd_i/puf_top_0/inst/array/cells[1].cell_inst/g0[14].ro/w1. Please evaluate your design. The cells in the loop are: puf_bd_i/puf_top_0/inst/array/cells[1].cell_inst/g0[14].ro/w1_inferred_i_1, puf_bd_i/puf_top_0/inst/array/cells[1].cell_inst/g0[14].ro/w2_inferred_i_1, puf_bd_i/puf_top_0/inst/array/cells[1].cell_inst/g0[14].ro/w3_inferred_i_1, puf_bd_i/puf_top_0/inst/array/cells[1].cell_inst/g0[14].ro/w4_inferred_i_1, puf_bd_i/puf_top_0/inst/array/cells[1].cell_inst/g0[14].ro/w5_inferred_i_1, puf_bd_i/puf_top_0/inst/array/cells[1].cell_inst/g0[14].ro/w6_inferred_i_1, and puf_bd_i/puf_top_0/inst/array/cells[1].cell_inst/g0[14].ro/w7_inferred_i_1.
ERROR: [DRC LUTLP-1] Combinatorial Loop Alert: 7 LUT cells form a combinatorial loop. This can create a race condition. Timing analysis may not be accurate. The preferred resolution is to modify the design to remove combinatorial logic loops. If the loop is known and understood, this DRC can be bypassed by acknowledging the condition and setting the following XDC constraint on any one of the nets in the loop: 'set_property ALLOW_COMBINATORIAL_LOOPS TRUE [get_nets <myHier/myNet>]'. One net in the loop is puf_bd_i/puf_top_0/inst/array/cells[1].cell_inst/g0[15].ro/w1. Please evaluate your design. The cells in the loop are: puf_bd_i/puf_top_0/inst/array/cells[1].cell_inst/g0[15].ro/w1_inferred_i_1, puf_bd_i/puf_top_0/inst/array/cells[1].cell_inst/g0[15].ro/w2_inferred_i_1, puf_bd_i/puf_top_0/inst/array/cells[1].cell_inst/g0[15].ro/w3_inferred_i_1, puf_bd_i/puf_top_0/inst/array/cells[1].cell_inst/g0[15].ro/w4_inferred_i_1, puf_bd_i/puf_top_0/inst/array/cells[1].cell_inst/g0[15].ro/w5_inferred_i_1, puf_bd_i/puf_top_0/inst/array/cells[1].cell_inst/g0[15].ro/w6_inferred_i_1, and puf_bd_i/puf_top_0/inst/array/cells[1].cell_inst/g0[15].ro/w7_inferred_i_1.
ERROR: [DRC LUTLP-1] Combinatorial Loop Alert: 7 LUT cells form a combinatorial loop. This can create a race condition. Timing analysis may not be accurate. The preferred resolution is to modify the design to remove combinatorial logic loops. If the loop is known and understood, this DRC can be bypassed by acknowledging the condition and setting the following XDC constraint on any one of the nets in the loop: 'set_property ALLOW_COMBINATORIAL_LOOPS TRUE [get_nets <myHier/myNet>]'. One net in the loop is puf_bd_i/puf_top_0/inst/array/cells[1].cell_inst/g0[1].ro/w1. Please evaluate your design. The cells in the loop are: puf_bd_i/puf_top_0/inst/array/cells[1].cell_inst/g0[1].ro/w1_inferred_i_1, puf_bd_i/puf_top_0/inst/array/cells[1].cell_inst/g0[1].ro/w2_inferred_i_1, puf_bd_i/puf_top_0/inst/array/cells[1].cell_inst/g0[1].ro/w3_inferred_i_1, puf_bd_i/puf_top_0/inst/array/cells[1].cell_inst/g0[1].ro/w4_inferred_i_1, puf_bd_i/puf_top_0/inst/array/cells[1].cell_inst/g0[1].ro/w5_inferred_i_1, puf_bd_i/puf_top_0/inst/array/cells[1].cell_inst/g0[1].ro/w6_inferred_i_1, and puf_bd_i/puf_top_0/inst/array/cells[1].cell_inst/g0[1].ro/w7_inferred_i_1.
ERROR: [DRC LUTLP-1] Combinatorial Loop Alert: 7 LUT cells form a combinatorial loop. This can create a race condition. Timing analysis may not be accurate. The preferred resolution is to modify the design to remove combinatorial logic loops. If the loop is known and understood, this DRC can be bypassed by acknowledging the condition and setting the following XDC constraint on any one of the nets in the loop: 'set_property ALLOW_COMBINATORIAL_LOOPS TRUE [get_nets <myHier/myNet>]'. One net in the loop is puf_bd_i/puf_top_0/inst/array/cells[1].cell_inst/g0[2].ro/w1. Please evaluate your design. The cells in the loop are: puf_bd_i/puf_top_0/inst/array/cells[1].cell_inst/g0[2].ro/w1_inferred_i_1, puf_bd_i/puf_top_0/inst/array/cells[1].cell_inst/g0[2].ro/w2_inferred_i_1, puf_bd_i/puf_top_0/inst/array/cells[1].cell_inst/g0[2].ro/w3_inferred_i_1, puf_bd_i/puf_top_0/inst/array/cells[1].cell_inst/g0[2].ro/w4_inferred_i_1, puf_bd_i/puf_top_0/inst/array/cells[1].cell_inst/g0[2].ro/w5_inferred_i_1, puf_bd_i/puf_top_0/inst/array/cells[1].cell_inst/g0[2].ro/w6_inferred_i_1, and puf_bd_i/puf_top_0/inst/array/cells[1].cell_inst/g0[2].ro/w7_inferred_i_1.
ERROR: [DRC LUTLP-1] Combinatorial Loop Alert: 7 LUT cells form a combinatorial loop. This can create a race condition. Timing analysis may not be accurate. The preferred resolution is to modify the design to remove combinatorial logic loops. If the loop is known and understood, this DRC can be bypassed by acknowledging the condition and setting the following XDC constraint on any one of the nets in the loop: 'set_property ALLOW_COMBINATORIAL_LOOPS TRUE [get_nets <myHier/myNet>]'. One net in the loop is puf_bd_i/puf_top_0/inst/array/cells[1].cell_inst/g0[3].ro/w1. Please evaluate your design. The cells in the loop are: puf_bd_i/puf_top_0/inst/array/cells[1].cell_inst/g0[3].ro/w1_inferred_i_1, puf_bd_i/puf_top_0/inst/array/cells[1].cell_inst/g0[3].ro/w2_inferred_i_1, puf_bd_i/puf_top_0/inst/array/cells[1].cell_inst/g0[3].ro/w3_inferred_i_1, puf_bd_i/puf_top_0/inst/array/cells[1].cell_inst/g0[3].ro/w4_inferred_i_1, puf_bd_i/puf_top_0/inst/array/cells[1].cell_inst/g0[3].ro/w5_inferred_i_1, puf_bd_i/puf_top_0/inst/array/cells[1].cell_inst/g0[3].ro/w6_inferred_i_1, and puf_bd_i/puf_top_0/inst/array/cells[1].cell_inst/g0[3].ro/w7_inferred_i_1.
ERROR: [DRC LUTLP-1] Combinatorial Loop Alert: 7 LUT cells form a combinatorial loop. This can create a race condition. Timing analysis may not be accurate. The preferred resolution is to modify the design to remove combinatorial logic loops. If the loop is known and understood, this DRC can be bypassed by acknowledging the condition and setting the following XDC constraint on any one of the nets in the loop: 'set_property ALLOW_COMBINATORIAL_LOOPS TRUE [get_nets <myHier/myNet>]'. One net in the loop is puf_bd_i/puf_top_0/inst/array/cells[1].cell_inst/g0[4].ro/w1. Please evaluate your design. The cells in the loop are: puf_bd_i/puf_top_0/inst/array/cells[1].cell_inst/g0[4].ro/w1_inferred_i_1, puf_bd_i/puf_top_0/inst/array/cells[1].cell_inst/g0[4].ro/w2_inferred_i_1, puf_bd_i/puf_top_0/inst/array/cells[1].cell_inst/g0[4].ro/w3_inferred_i_1, puf_bd_i/puf_top_0/inst/array/cells[1].cell_inst/g0[4].ro/w4_inferred_i_1, puf_bd_i/puf_top_0/inst/array/cells[1].cell_inst/g0[4].ro/w5_inferred_i_1, puf_bd_i/puf_top_0/inst/array/cells[1].cell_inst/g0[4].ro/w6_inferred_i_1, and puf_bd_i/puf_top_0/inst/array/cells[1].cell_inst/g0[4].ro/w7_inferred_i_1.
ERROR: [DRC LUTLP-1] Combinatorial Loop Alert: 7 LUT cells form a combinatorial loop. This can create a race condition. Timing analysis may not be accurate. The preferred resolution is to modify the design to remove combinatorial logic loops. If the loop is known and understood, this DRC can be bypassed by acknowledging the condition and setting the following XDC constraint on any one of the nets in the loop: 'set_property ALLOW_COMBINATORIAL_LOOPS TRUE [get_nets <myHier/myNet>]'. One net in the loop is puf_bd_i/puf_top_0/inst/array/cells[1].cell_inst/g0[5].ro/w1. Please evaluate your design. The cells in the loop are: puf_bd_i/puf_top_0/inst/array/cells[1].cell_inst/g0[5].ro/w1_inferred_i_1, puf_bd_i/puf_top_0/inst/array/cells[1].cell_inst/g0[5].ro/w2_inferred_i_1, puf_bd_i/puf_top_0/inst/array/cells[1].cell_inst/g0[5].ro/w3_inferred_i_1, puf_bd_i/puf_top_0/inst/array/cells[1].cell_inst/g0[5].ro/w4_inferred_i_1, puf_bd_i/puf_top_0/inst/array/cells[1].cell_inst/g0[5].ro/w5_inferred_i_1, puf_bd_i/puf_top_0/inst/array/cells[1].cell_inst/g0[5].ro/w6_inferred_i_1, and puf_bd_i/puf_top_0/inst/array/cells[1].cell_inst/g0[5].ro/w7_inferred_i_1.
ERROR: [DRC LUTLP-1] Combinatorial Loop Alert: 7 LUT cells form a combinatorial loop. This can create a race condition. Timing analysis may not be accurate. The preferred resolution is to modify the design to remove combinatorial logic loops. If the loop is known and understood, this DRC can be bypassed by acknowledging the condition and setting the following XDC constraint on any one of the nets in the loop: 'set_property ALLOW_COMBINATORIAL_LOOPS TRUE [get_nets <myHier/myNet>]'. One net in the loop is puf_bd_i/puf_top_0/inst/array/cells[1].cell_inst/g0[6].ro/w1. Please evaluate your design. The cells in the loop are: puf_bd_i/puf_top_0/inst/array/cells[1].cell_inst/g0[6].ro/w1_inferred_i_1, puf_bd_i/puf_top_0/inst/array/cells[1].cell_inst/g0[6].ro/w2_inferred_i_1, puf_bd_i/puf_top_0/inst/array/cells[1].cell_inst/g0[6].ro/w3_inferred_i_1, puf_bd_i/puf_top_0/inst/array/cells[1].cell_inst/g0[6].ro/w4_inferred_i_1, puf_bd_i/puf_top_0/inst/array/cells[1].cell_inst/g0[6].ro/w5_inferred_i_1, puf_bd_i/puf_top_0/inst/array/cells[1].cell_inst/g0[6].ro/w6_inferred_i_1, and puf_bd_i/puf_top_0/inst/array/cells[1].cell_inst/g0[6].ro/w7_inferred_i_1.
ERROR: [DRC LUTLP-1] Combinatorial Loop Alert: 7 LUT cells form a combinatorial loop. This can create a race condition. Timing analysis may not be accurate. The preferred resolution is to modify the design to remove combinatorial logic loops. If the loop is known and understood, this DRC can be bypassed by acknowledging the condition and setting the following XDC constraint on any one of the nets in the loop: 'set_property ALLOW_COMBINATORIAL_LOOPS TRUE [get_nets <myHier/myNet>]'. One net in the loop is puf_bd_i/puf_top_0/inst/array/cells[1].cell_inst/g0[7].ro/w1. Please evaluate your design. The cells in the loop are: puf_bd_i/puf_top_0/inst/array/cells[1].cell_inst/g0[7].ro/w1_inferred_i_1, puf_bd_i/puf_top_0/inst/array/cells[1].cell_inst/g0[7].ro/w2_inferred_i_1, puf_bd_i/puf_top_0/inst/array/cells[1].cell_inst/g0[7].ro/w3_inferred_i_1, puf_bd_i/puf_top_0/inst/array/cells[1].cell_inst/g0[7].ro/w4_inferred_i_1, puf_bd_i/puf_top_0/inst/array/cells[1].cell_inst/g0[7].ro/w5_inferred_i_1, puf_bd_i/puf_top_0/inst/array/cells[1].cell_inst/g0[7].ro/w6_inferred_i_1, and puf_bd_i/puf_top_0/inst/array/cells[1].cell_inst/g0[7].ro/w7_inferred_i_1.
ERROR: [DRC LUTLP-1] Combinatorial Loop Alert: 7 LUT cells form a combinatorial loop. This can create a race condition. Timing analysis may not be accurate. The preferred resolution is to modify the design to remove combinatorial logic loops. If the loop is known and understood, this DRC can be bypassed by acknowledging the condition and setting the following XDC constraint on any one of the nets in the loop: 'set_property ALLOW_COMBINATORIAL_LOOPS TRUE [get_nets <myHier/myNet>]'. One net in the loop is puf_bd_i/puf_top_0/inst/array/cells[1].cell_inst/g0[8].ro/w1. Please evaluate your design. The cells in the loop are: puf_bd_i/puf_top_0/inst/array/cells[1].cell_inst/g0[8].ro/w1_inferred_i_1, puf_bd_i/puf_top_0/inst/array/cells[1].cell_inst/g0[8].ro/w2_inferred_i_1, puf_bd_i/puf_top_0/inst/array/cells[1].cell_inst/g0[8].ro/w3_inferred_i_1, puf_bd_i/puf_top_0/inst/array/cells[1].cell_inst/g0[8].ro/w4_inferred_i_1, puf_bd_i/puf_top_0/inst/array/cells[1].cell_inst/g0[8].ro/w5_inferred_i_1, puf_bd_i/puf_top_0/inst/array/cells[1].cell_inst/g0[8].ro/w6_inferred_i_1, and puf_bd_i/puf_top_0/inst/array/cells[1].cell_inst/g0[8].ro/w7_inferred_i_1.
ERROR: [DRC LUTLP-1] Combinatorial Loop Alert: 7 LUT cells form a combinatorial loop. This can create a race condition. Timing analysis may not be accurate. The preferred resolution is to modify the design to remove combinatorial logic loops. If the loop is known and understood, this DRC can be bypassed by acknowledging the condition and setting the following XDC constraint on any one of the nets in the loop: 'set_property ALLOW_COMBINATORIAL_LOOPS TRUE [get_nets <myHier/myNet>]'. One net in the loop is puf_bd_i/puf_top_0/inst/array/cells[1].cell_inst/g0[9].ro/w1. Please evaluate your design. The cells in the loop are: puf_bd_i/puf_top_0/inst/array/cells[1].cell_inst/g0[9].ro/w1_inferred_i_1, puf_bd_i/puf_top_0/inst/array/cells[1].cell_inst/g0[9].ro/w2_inferred_i_1, puf_bd_i/puf_top_0/inst/array/cells[1].cell_inst/g0[9].ro/w3_inferred_i_1, puf_bd_i/puf_top_0/inst/array/cells[1].cell_inst/g0[9].ro/w4_inferred_i_1, puf_bd_i/puf_top_0/inst/array/cells[1].cell_inst/g0[9].ro/w5_inferred_i_1, puf_bd_i/puf_top_0/inst/array/cells[1].cell_inst/g0[9].ro/w6_inferred_i_1, and puf_bd_i/puf_top_0/inst/array/cells[1].cell_inst/g0[9].ro/w7_inferred_i_1.
ERROR: [DRC LUTLP-1] Combinatorial Loop Alert: 7 LUT cells form a combinatorial loop. This can create a race condition. Timing analysis may not be accurate. The preferred resolution is to modify the design to remove combinatorial logic loops. If the loop is known and understood, this DRC can be bypassed by acknowledging the condition and setting the following XDC constraint on any one of the nets in the loop: 'set_property ALLOW_COMBINATORIAL_LOOPS TRUE [get_nets <myHier/myNet>]'. One net in the loop is puf_bd_i/puf_top_0/inst/array/cells[1].cell_inst/g1[0].ro/w1. Please evaluate your design. The cells in the loop are: puf_bd_i/puf_top_0/inst/array/cells[1].cell_inst/g1[0].ro/w1_inferred_i_1, puf_bd_i/puf_top_0/inst/array/cells[1].cell_inst/g1[0].ro/w2_inferred_i_1, puf_bd_i/puf_top_0/inst/array/cells[1].cell_inst/g1[0].ro/w3_inferred_i_1, puf_bd_i/puf_top_0/inst/array/cells[1].cell_inst/g1[0].ro/w4_inferred_i_1, puf_bd_i/puf_top_0/inst/array/cells[1].cell_inst/g1[0].ro/w5_inferred_i_1, puf_bd_i/puf_top_0/inst/array/cells[1].cell_inst/g1[0].ro/w6_inferred_i_1, and puf_bd_i/puf_top_0/inst/array/cells[1].cell_inst/g1[0].ro/w7_inferred_i_1.
ERROR: [DRC LUTLP-1] Combinatorial Loop Alert: 7 LUT cells form a combinatorial loop. This can create a race condition. Timing analysis may not be accurate. The preferred resolution is to modify the design to remove combinatorial logic loops. If the loop is known and understood, this DRC can be bypassed by acknowledging the condition and setting the following XDC constraint on any one of the nets in the loop: 'set_property ALLOW_COMBINATORIAL_LOOPS TRUE [get_nets <myHier/myNet>]'. One net in the loop is puf_bd_i/puf_top_0/inst/array/cells[1].cell_inst/g1[10].ro/w1. Please evaluate your design. The cells in the loop are: puf_bd_i/puf_top_0/inst/array/cells[1].cell_inst/g1[10].ro/w1_inferred_i_1, puf_bd_i/puf_top_0/inst/array/cells[1].cell_inst/g1[10].ro/w2_inferred_i_1, puf_bd_i/puf_top_0/inst/array/cells[1].cell_inst/g1[10].ro/w3_inferred_i_1, puf_bd_i/puf_top_0/inst/array/cells[1].cell_inst/g1[10].ro/w4_inferred_i_1, puf_bd_i/puf_top_0/inst/array/cells[1].cell_inst/g1[10].ro/w5_inferred_i_1, puf_bd_i/puf_top_0/inst/array/cells[1].cell_inst/g1[10].ro/w6_inferred_i_1, and puf_bd_i/puf_top_0/inst/array/cells[1].cell_inst/g1[10].ro/w7_inferred_i_1.
ERROR: [DRC LUTLP-1] Combinatorial Loop Alert: 7 LUT cells form a combinatorial loop. This can create a race condition. Timing analysis may not be accurate. The preferred resolution is to modify the design to remove combinatorial logic loops. If the loop is known and understood, this DRC can be bypassed by acknowledging the condition and setting the following XDC constraint on any one of the nets in the loop: 'set_property ALLOW_COMBINATORIAL_LOOPS TRUE [get_nets <myHier/myNet>]'. One net in the loop is puf_bd_i/puf_top_0/inst/array/cells[1].cell_inst/g1[11].ro/w1. Please evaluate your design. The cells in the loop are: puf_bd_i/puf_top_0/inst/array/cells[1].cell_inst/g1[11].ro/w1_inferred_i_1, puf_bd_i/puf_top_0/inst/array/cells[1].cell_inst/g1[11].ro/w2_inferred_i_1, puf_bd_i/puf_top_0/inst/array/cells[1].cell_inst/g1[11].ro/w3_inferred_i_1, puf_bd_i/puf_top_0/inst/array/cells[1].cell_inst/g1[11].ro/w4_inferred_i_1, puf_bd_i/puf_top_0/inst/array/cells[1].cell_inst/g1[11].ro/w5_inferred_i_1, puf_bd_i/puf_top_0/inst/array/cells[1].cell_inst/g1[11].ro/w6_inferred_i_1, and puf_bd_i/puf_top_0/inst/array/cells[1].cell_inst/g1[11].ro/w7_inferred_i_1.
ERROR: [DRC LUTLP-1] Combinatorial Loop Alert: 7 LUT cells form a combinatorial loop. This can create a race condition. Timing analysis may not be accurate. The preferred resolution is to modify the design to remove combinatorial logic loops. If the loop is known and understood, this DRC can be bypassed by acknowledging the condition and setting the following XDC constraint on any one of the nets in the loop: 'set_property ALLOW_COMBINATORIAL_LOOPS TRUE [get_nets <myHier/myNet>]'. One net in the loop is puf_bd_i/puf_top_0/inst/array/cells[1].cell_inst/g1[12].ro/w1. Please evaluate your design. The cells in the loop are: puf_bd_i/puf_top_0/inst/array/cells[1].cell_inst/g1[12].ro/w1_inferred_i_1, puf_bd_i/puf_top_0/inst/array/cells[1].cell_inst/g1[12].ro/w2_inferred_i_1, puf_bd_i/puf_top_0/inst/array/cells[1].cell_inst/g1[12].ro/w3_inferred_i_1, puf_bd_i/puf_top_0/inst/array/cells[1].cell_inst/g1[12].ro/w4_inferred_i_1, puf_bd_i/puf_top_0/inst/array/cells[1].cell_inst/g1[12].ro/w5_inferred_i_1, puf_bd_i/puf_top_0/inst/array/cells[1].cell_inst/g1[12].ro/w6_inferred_i_1, and puf_bd_i/puf_top_0/inst/array/cells[1].cell_inst/g1[12].ro/w7_inferred_i_1.
ERROR: [DRC LUTLP-1] Combinatorial Loop Alert: 7 LUT cells form a combinatorial loop. This can create a race condition. Timing analysis may not be accurate. The preferred resolution is to modify the design to remove combinatorial logic loops. If the loop is known and understood, this DRC can be bypassed by acknowledging the condition and setting the following XDC constraint on any one of the nets in the loop: 'set_property ALLOW_COMBINATORIAL_LOOPS TRUE [get_nets <myHier/myNet>]'. One net in the loop is puf_bd_i/puf_top_0/inst/array/cells[1].cell_inst/g1[13].ro/w1. Please evaluate your design. The cells in the loop are: puf_bd_i/puf_top_0/inst/array/cells[1].cell_inst/g1[13].ro/w1_inferred_i_1, puf_bd_i/puf_top_0/inst/array/cells[1].cell_inst/g1[13].ro/w2_inferred_i_1, puf_bd_i/puf_top_0/inst/array/cells[1].cell_inst/g1[13].ro/w3_inferred_i_1, puf_bd_i/puf_top_0/inst/array/cells[1].cell_inst/g1[13].ro/w4_inferred_i_1, puf_bd_i/puf_top_0/inst/array/cells[1].cell_inst/g1[13].ro/w5_inferred_i_1, puf_bd_i/puf_top_0/inst/array/cells[1].cell_inst/g1[13].ro/w6_inferred_i_1, and puf_bd_i/puf_top_0/inst/array/cells[1].cell_inst/g1[13].ro/w7_inferred_i_1.
ERROR: [DRC LUTLP-1] Combinatorial Loop Alert: 7 LUT cells form a combinatorial loop. This can create a race condition. Timing analysis may not be accurate. The preferred resolution is to modify the design to remove combinatorial logic loops. If the loop is known and understood, this DRC can be bypassed by acknowledging the condition and setting the following XDC constraint on any one of the nets in the loop: 'set_property ALLOW_COMBINATORIAL_LOOPS TRUE [get_nets <myHier/myNet>]'. One net in the loop is puf_bd_i/puf_top_0/inst/array/cells[1].cell_inst/g1[14].ro/w1. Please evaluate your design. The cells in the loop are: puf_bd_i/puf_top_0/inst/array/cells[1].cell_inst/g1[14].ro/w1_inferred_i_1, puf_bd_i/puf_top_0/inst/array/cells[1].cell_inst/g1[14].ro/w2_inferred_i_1, puf_bd_i/puf_top_0/inst/array/cells[1].cell_inst/g1[14].ro/w3_inferred_i_1, puf_bd_i/puf_top_0/inst/array/cells[1].cell_inst/g1[14].ro/w4_inferred_i_1, puf_bd_i/puf_top_0/inst/array/cells[1].cell_inst/g1[14].ro/w5_inferred_i_1, puf_bd_i/puf_top_0/inst/array/cells[1].cell_inst/g1[14].ro/w6_inferred_i_1, and puf_bd_i/puf_top_0/inst/array/cells[1].cell_inst/g1[14].ro/w7_inferred_i_1.
ERROR: [DRC LUTLP-1] Combinatorial Loop Alert: 7 LUT cells form a combinatorial loop. This can create a race condition. Timing analysis may not be accurate. The preferred resolution is to modify the design to remove combinatorial logic loops. If the loop is known and understood, this DRC can be bypassed by acknowledging the condition and setting the following XDC constraint on any one of the nets in the loop: 'set_property ALLOW_COMBINATORIAL_LOOPS TRUE [get_nets <myHier/myNet>]'. One net in the loop is puf_bd_i/puf_top_0/inst/array/cells[1].cell_inst/g1[15].ro/w1. Please evaluate your design. The cells in the loop are: puf_bd_i/puf_top_0/inst/array/cells[1].cell_inst/g1[15].ro/w1_inferred_i_1, puf_bd_i/puf_top_0/inst/array/cells[1].cell_inst/g1[15].ro/w2_inferred_i_1, puf_bd_i/puf_top_0/inst/array/cells[1].cell_inst/g1[15].ro/w3_inferred_i_1, puf_bd_i/puf_top_0/inst/array/cells[1].cell_inst/g1[15].ro/w4_inferred_i_1, puf_bd_i/puf_top_0/inst/array/cells[1].cell_inst/g1[15].ro/w5_inferred_i_1, puf_bd_i/puf_top_0/inst/array/cells[1].cell_inst/g1[15].ro/w6_inferred_i_1, and puf_bd_i/puf_top_0/inst/array/cells[1].cell_inst/g1[15].ro/w7_inferred_i_1.
ERROR: [DRC LUTLP-1] Combinatorial Loop Alert: 7 LUT cells form a combinatorial loop. This can create a race condition. Timing analysis may not be accurate. The preferred resolution is to modify the design to remove combinatorial logic loops. If the loop is known and understood, this DRC can be bypassed by acknowledging the condition and setting the following XDC constraint on any one of the nets in the loop: 'set_property ALLOW_COMBINATORIAL_LOOPS TRUE [get_nets <myHier/myNet>]'. One net in the loop is puf_bd_i/puf_top_0/inst/array/cells[1].cell_inst/g1[1].ro/w1. Please evaluate your design. The cells in the loop are: puf_bd_i/puf_top_0/inst/array/cells[1].cell_inst/g1[1].ro/w1_inferred_i_1, puf_bd_i/puf_top_0/inst/array/cells[1].cell_inst/g1[1].ro/w2_inferred_i_1, puf_bd_i/puf_top_0/inst/array/cells[1].cell_inst/g1[1].ro/w3_inferred_i_1, puf_bd_i/puf_top_0/inst/array/cells[1].cell_inst/g1[1].ro/w4_inferred_i_1, puf_bd_i/puf_top_0/inst/array/cells[1].cell_inst/g1[1].ro/w5_inferred_i_1, puf_bd_i/puf_top_0/inst/array/cells[1].cell_inst/g1[1].ro/w6_inferred_i_1, and puf_bd_i/puf_top_0/inst/array/cells[1].cell_inst/g1[1].ro/w7_inferred_i_1.
ERROR: [DRC LUTLP-1] Combinatorial Loop Alert: 7 LUT cells form a combinatorial loop. This can create a race condition. Timing analysis may not be accurate. The preferred resolution is to modify the design to remove combinatorial logic loops. If the loop is known and understood, this DRC can be bypassed by acknowledging the condition and setting the following XDC constraint on any one of the nets in the loop: 'set_property ALLOW_COMBINATORIAL_LOOPS TRUE [get_nets <myHier/myNet>]'. One net in the loop is puf_bd_i/puf_top_0/inst/array/cells[1].cell_inst/g1[2].ro/w1. Please evaluate your design. The cells in the loop are: puf_bd_i/puf_top_0/inst/array/cells[1].cell_inst/g1[2].ro/w1_inferred_i_1, puf_bd_i/puf_top_0/inst/array/cells[1].cell_inst/g1[2].ro/w2_inferred_i_1, puf_bd_i/puf_top_0/inst/array/cells[1].cell_inst/g1[2].ro/w3_inferred_i_1, puf_bd_i/puf_top_0/inst/array/cells[1].cell_inst/g1[2].ro/w4_inferred_i_1, puf_bd_i/puf_top_0/inst/array/cells[1].cell_inst/g1[2].ro/w5_inferred_i_1, puf_bd_i/puf_top_0/inst/array/cells[1].cell_inst/g1[2].ro/w6_inferred_i_1, and puf_bd_i/puf_top_0/inst/array/cells[1].cell_inst/g1[2].ro/w7_inferred_i_1.
ERROR: [DRC LUTLP-1] Combinatorial Loop Alert: 7 LUT cells form a combinatorial loop. This can create a race condition. Timing analysis may not be accurate. The preferred resolution is to modify the design to remove combinatorial logic loops. If the loop is known and understood, this DRC can be bypassed by acknowledging the condition and setting the following XDC constraint on any one of the nets in the loop: 'set_property ALLOW_COMBINATORIAL_LOOPS TRUE [get_nets <myHier/myNet>]'. One net in the loop is puf_bd_i/puf_top_0/inst/array/cells[1].cell_inst/g1[3].ro/w1. Please evaluate your design. The cells in the loop are: puf_bd_i/puf_top_0/inst/array/cells[1].cell_inst/g1[3].ro/w1_inferred_i_1, puf_bd_i/puf_top_0/inst/array/cells[1].cell_inst/g1[3].ro/w2_inferred_i_1, puf_bd_i/puf_top_0/inst/array/cells[1].cell_inst/g1[3].ro/w3_inferred_i_1, puf_bd_i/puf_top_0/inst/array/cells[1].cell_inst/g1[3].ro/w4_inferred_i_1, puf_bd_i/puf_top_0/inst/array/cells[1].cell_inst/g1[3].ro/w5_inferred_i_1, puf_bd_i/puf_top_0/inst/array/cells[1].cell_inst/g1[3].ro/w6_inferred_i_1, and puf_bd_i/puf_top_0/inst/array/cells[1].cell_inst/g1[3].ro/w7_inferred_i_1.
ERROR: [DRC LUTLP-1] Combinatorial Loop Alert: 7 LUT cells form a combinatorial loop. This can create a race condition. Timing analysis may not be accurate. The preferred resolution is to modify the design to remove combinatorial logic loops. If the loop is known and understood, this DRC can be bypassed by acknowledging the condition and setting the following XDC constraint on any one of the nets in the loop: 'set_property ALLOW_COMBINATORIAL_LOOPS TRUE [get_nets <myHier/myNet>]'. One net in the loop is puf_bd_i/puf_top_0/inst/array/cells[1].cell_inst/g1[4].ro/w1. Please evaluate your design. The cells in the loop are: puf_bd_i/puf_top_0/inst/array/cells[1].cell_inst/g1[4].ro/w1_inferred_i_1, puf_bd_i/puf_top_0/inst/array/cells[1].cell_inst/g1[4].ro/w2_inferred_i_1, puf_bd_i/puf_top_0/inst/array/cells[1].cell_inst/g1[4].ro/w3_inferred_i_1, puf_bd_i/puf_top_0/inst/array/cells[1].cell_inst/g1[4].ro/w4_inferred_i_1, puf_bd_i/puf_top_0/inst/array/cells[1].cell_inst/g1[4].ro/w5_inferred_i_1, puf_bd_i/puf_top_0/inst/array/cells[1].cell_inst/g1[4].ro/w6_inferred_i_1, and puf_bd_i/puf_top_0/inst/array/cells[1].cell_inst/g1[4].ro/w7_inferred_i_1.
ERROR: [DRC LUTLP-1] Combinatorial Loop Alert: 7 LUT cells form a combinatorial loop. This can create a race condition. Timing analysis may not be accurate. The preferred resolution is to modify the design to remove combinatorial logic loops. If the loop is known and understood, this DRC can be bypassed by acknowledging the condition and setting the following XDC constraint on any one of the nets in the loop: 'set_property ALLOW_COMBINATORIAL_LOOPS TRUE [get_nets <myHier/myNet>]'. One net in the loop is puf_bd_i/puf_top_0/inst/array/cells[1].cell_inst/g1[5].ro/w1. Please evaluate your design. The cells in the loop are: puf_bd_i/puf_top_0/inst/array/cells[1].cell_inst/g1[5].ro/w1_inferred_i_1, puf_bd_i/puf_top_0/inst/array/cells[1].cell_inst/g1[5].ro/w2_inferred_i_1, puf_bd_i/puf_top_0/inst/array/cells[1].cell_inst/g1[5].ro/w3_inferred_i_1, puf_bd_i/puf_top_0/inst/array/cells[1].cell_inst/g1[5].ro/w4_inferred_i_1, puf_bd_i/puf_top_0/inst/array/cells[1].cell_inst/g1[5].ro/w5_inferred_i_1, puf_bd_i/puf_top_0/inst/array/cells[1].cell_inst/g1[5].ro/w6_inferred_i_1, and puf_bd_i/puf_top_0/inst/array/cells[1].cell_inst/g1[5].ro/w7_inferred_i_1.
ERROR: [DRC LUTLP-1] Combinatorial Loop Alert: 7 LUT cells form a combinatorial loop. This can create a race condition. Timing analysis may not be accurate. The preferred resolution is to modify the design to remove combinatorial logic loops. If the loop is known and understood, this DRC can be bypassed by acknowledging the condition and setting the following XDC constraint on any one of the nets in the loop: 'set_property ALLOW_COMBINATORIAL_LOOPS TRUE [get_nets <myHier/myNet>]'. One net in the loop is puf_bd_i/puf_top_0/inst/array/cells[1].cell_inst/g1[6].ro/w1. Please evaluate your design. The cells in the loop are: puf_bd_i/puf_top_0/inst/array/cells[1].cell_inst/g1[6].ro/w1_inferred_i_1, puf_bd_i/puf_top_0/inst/array/cells[1].cell_inst/g1[6].ro/w2_inferred_i_1, puf_bd_i/puf_top_0/inst/array/cells[1].cell_inst/g1[6].ro/w3_inferred_i_1, puf_bd_i/puf_top_0/inst/array/cells[1].cell_inst/g1[6].ro/w4_inferred_i_1, puf_bd_i/puf_top_0/inst/array/cells[1].cell_inst/g1[6].ro/w5_inferred_i_1, puf_bd_i/puf_top_0/inst/array/cells[1].cell_inst/g1[6].ro/w6_inferred_i_1, and puf_bd_i/puf_top_0/inst/array/cells[1].cell_inst/g1[6].ro/w7_inferred_i_1.
ERROR: [DRC LUTLP-1] Combinatorial Loop Alert: 7 LUT cells form a combinatorial loop. This can create a race condition. Timing analysis may not be accurate. The preferred resolution is to modify the design to remove combinatorial logic loops. If the loop is known and understood, this DRC can be bypassed by acknowledging the condition and setting the following XDC constraint on any one of the nets in the loop: 'set_property ALLOW_COMBINATORIAL_LOOPS TRUE [get_nets <myHier/myNet>]'. One net in the loop is puf_bd_i/puf_top_0/inst/array/cells[1].cell_inst/g1[7].ro/w1. Please evaluate your design. The cells in the loop are: puf_bd_i/puf_top_0/inst/array/cells[1].cell_inst/g1[7].ro/w1_inferred_i_1, puf_bd_i/puf_top_0/inst/array/cells[1].cell_inst/g1[7].ro/w2_inferred_i_1, puf_bd_i/puf_top_0/inst/array/cells[1].cell_inst/g1[7].ro/w3_inferred_i_1, puf_bd_i/puf_top_0/inst/array/cells[1].cell_inst/g1[7].ro/w4_inferred_i_1, puf_bd_i/puf_top_0/inst/array/cells[1].cell_inst/g1[7].ro/w5_inferred_i_1, puf_bd_i/puf_top_0/inst/array/cells[1].cell_inst/g1[7].ro/w6_inferred_i_1, and puf_bd_i/puf_top_0/inst/array/cells[1].cell_inst/g1[7].ro/w7_inferred_i_1.
ERROR: [DRC LUTLP-1] Combinatorial Loop Alert: 7 LUT cells form a combinatorial loop. This can create a race condition. Timing analysis may not be accurate. The preferred resolution is to modify the design to remove combinatorial logic loops. If the loop is known and understood, this DRC can be bypassed by acknowledging the condition and setting the following XDC constraint on any one of the nets in the loop: 'set_property ALLOW_COMBINATORIAL_LOOPS TRUE [get_nets <myHier/myNet>]'. One net in the loop is puf_bd_i/puf_top_0/inst/array/cells[1].cell_inst/g1[8].ro/w1. Please evaluate your design. The cells in the loop are: puf_bd_i/puf_top_0/inst/array/cells[1].cell_inst/g1[8].ro/w1_inferred_i_1, puf_bd_i/puf_top_0/inst/array/cells[1].cell_inst/g1[8].ro/w2_inferred_i_1, puf_bd_i/puf_top_0/inst/array/cells[1].cell_inst/g1[8].ro/w3_inferred_i_1, puf_bd_i/puf_top_0/inst/array/cells[1].cell_inst/g1[8].ro/w4_inferred_i_1, puf_bd_i/puf_top_0/inst/array/cells[1].cell_inst/g1[8].ro/w5_inferred_i_1, puf_bd_i/puf_top_0/inst/array/cells[1].cell_inst/g1[8].ro/w6_inferred_i_1, and puf_bd_i/puf_top_0/inst/array/cells[1].cell_inst/g1[8].ro/w7_inferred_i_1.
ERROR: [DRC LUTLP-1] Combinatorial Loop Alert: 7 LUT cells form a combinatorial loop. This can create a race condition. Timing analysis may not be accurate. The preferred resolution is to modify the design to remove combinatorial logic loops. If the loop is known and understood, this DRC can be bypassed by acknowledging the condition and setting the following XDC constraint on any one of the nets in the loop: 'set_property ALLOW_COMBINATORIAL_LOOPS TRUE [get_nets <myHier/myNet>]'. One net in the loop is puf_bd_i/puf_top_0/inst/array/cells[1].cell_inst/g1[9].ro/w1. Please evaluate your design. The cells in the loop are: puf_bd_i/puf_top_0/inst/array/cells[1].cell_inst/g1[9].ro/w1_inferred_i_1, puf_bd_i/puf_top_0/inst/array/cells[1].cell_inst/g1[9].ro/w2_inferred_i_1, puf_bd_i/puf_top_0/inst/array/cells[1].cell_inst/g1[9].ro/w3_inferred_i_1, puf_bd_i/puf_top_0/inst/array/cells[1].cell_inst/g1[9].ro/w4_inferred_i_1, puf_bd_i/puf_top_0/inst/array/cells[1].cell_inst/g1[9].ro/w5_inferred_i_1, puf_bd_i/puf_top_0/inst/array/cells[1].cell_inst/g1[9].ro/w6_inferred_i_1, and puf_bd_i/puf_top_0/inst/array/cells[1].cell_inst/g1[9].ro/w7_inferred_i_1.
ERROR: [DRC LUTLP-1] Combinatorial Loop Alert: 7 LUT cells form a combinatorial loop. This can create a race condition. Timing analysis may not be accurate. The preferred resolution is to modify the design to remove combinatorial logic loops. If the loop is known and understood, this DRC can be bypassed by acknowledging the condition and setting the following XDC constraint on any one of the nets in the loop: 'set_property ALLOW_COMBINATORIAL_LOOPS TRUE [get_nets <myHier/myNet>]'. One net in the loop is puf_bd_i/puf_top_0/inst/array/cells[2].cell_inst/g0[0].ro/w1. Please evaluate your design. The cells in the loop are: puf_bd_i/puf_top_0/inst/array/cells[2].cell_inst/g0[0].ro/w1_inferred_i_1, puf_bd_i/puf_top_0/inst/array/cells[2].cell_inst/g0[0].ro/w2_inferred_i_1, puf_bd_i/puf_top_0/inst/array/cells[2].cell_inst/g0[0].ro/w3_inferred_i_1, puf_bd_i/puf_top_0/inst/array/cells[2].cell_inst/g0[0].ro/w4_inferred_i_1, puf_bd_i/puf_top_0/inst/array/cells[2].cell_inst/g0[0].ro/w5_inferred_i_1, puf_bd_i/puf_top_0/inst/array/cells[2].cell_inst/g0[0].ro/w6_inferred_i_1, and puf_bd_i/puf_top_0/inst/array/cells[2].cell_inst/g0[0].ro/w7_inferred_i_1.
ERROR: [DRC LUTLP-1] Combinatorial Loop Alert: 7 LUT cells form a combinatorial loop. This can create a race condition. Timing analysis may not be accurate. The preferred resolution is to modify the design to remove combinatorial logic loops. If the loop is known and understood, this DRC can be bypassed by acknowledging the condition and setting the following XDC constraint on any one of the nets in the loop: 'set_property ALLOW_COMBINATORIAL_LOOPS TRUE [get_nets <myHier/myNet>]'. One net in the loop is puf_bd_i/puf_top_0/inst/array/cells[2].cell_inst/g0[10].ro/w1. Please evaluate your design. The cells in the loop are: puf_bd_i/puf_top_0/inst/array/cells[2].cell_inst/g0[10].ro/w1_inferred_i_1, puf_bd_i/puf_top_0/inst/array/cells[2].cell_inst/g0[10].ro/w2_inferred_i_1, puf_bd_i/puf_top_0/inst/array/cells[2].cell_inst/g0[10].ro/w3_inferred_i_1, puf_bd_i/puf_top_0/inst/array/cells[2].cell_inst/g0[10].ro/w4_inferred_i_1, puf_bd_i/puf_top_0/inst/array/cells[2].cell_inst/g0[10].ro/w5_inferred_i_1, puf_bd_i/puf_top_0/inst/array/cells[2].cell_inst/g0[10].ro/w6_inferred_i_1, and puf_bd_i/puf_top_0/inst/array/cells[2].cell_inst/g0[10].ro/w7_inferred_i_1.
ERROR: [DRC LUTLP-1] Combinatorial Loop Alert: 7 LUT cells form a combinatorial loop. This can create a race condition. Timing analysis may not be accurate. The preferred resolution is to modify the design to remove combinatorial logic loops. If the loop is known and understood, this DRC can be bypassed by acknowledging the condition and setting the following XDC constraint on any one of the nets in the loop: 'set_property ALLOW_COMBINATORIAL_LOOPS TRUE [get_nets <myHier/myNet>]'. One net in the loop is puf_bd_i/puf_top_0/inst/array/cells[2].cell_inst/g0[11].ro/w1. Please evaluate your design. The cells in the loop are: puf_bd_i/puf_top_0/inst/array/cells[2].cell_inst/g0[11].ro/w1_inferred_i_1, puf_bd_i/puf_top_0/inst/array/cells[2].cell_inst/g0[11].ro/w2_inferred_i_1, puf_bd_i/puf_top_0/inst/array/cells[2].cell_inst/g0[11].ro/w3_inferred_i_1, puf_bd_i/puf_top_0/inst/array/cells[2].cell_inst/g0[11].ro/w4_inferred_i_1, puf_bd_i/puf_top_0/inst/array/cells[2].cell_inst/g0[11].ro/w5_inferred_i_1, puf_bd_i/puf_top_0/inst/array/cells[2].cell_inst/g0[11].ro/w6_inferred_i_1, and puf_bd_i/puf_top_0/inst/array/cells[2].cell_inst/g0[11].ro/w7_inferred_i_1.
ERROR: [DRC LUTLP-1] Combinatorial Loop Alert: 7 LUT cells form a combinatorial loop. This can create a race condition. Timing analysis may not be accurate. The preferred resolution is to modify the design to remove combinatorial logic loops. If the loop is known and understood, this DRC can be bypassed by acknowledging the condition and setting the following XDC constraint on any one of the nets in the loop: 'set_property ALLOW_COMBINATORIAL_LOOPS TRUE [get_nets <myHier/myNet>]'. One net in the loop is puf_bd_i/puf_top_0/inst/array/cells[2].cell_inst/g0[12].ro/w1. Please evaluate your design. The cells in the loop are: puf_bd_i/puf_top_0/inst/array/cells[2].cell_inst/g0[12].ro/w1_inferred_i_1, puf_bd_i/puf_top_0/inst/array/cells[2].cell_inst/g0[12].ro/w2_inferred_i_1, puf_bd_i/puf_top_0/inst/array/cells[2].cell_inst/g0[12].ro/w3_inferred_i_1, puf_bd_i/puf_top_0/inst/array/cells[2].cell_inst/g0[12].ro/w4_inferred_i_1, puf_bd_i/puf_top_0/inst/array/cells[2].cell_inst/g0[12].ro/w5_inferred_i_1, puf_bd_i/puf_top_0/inst/array/cells[2].cell_inst/g0[12].ro/w6_inferred_i_1, and puf_bd_i/puf_top_0/inst/array/cells[2].cell_inst/g0[12].ro/w7_inferred_i_1.
ERROR: [DRC LUTLP-1] Combinatorial Loop Alert: 7 LUT cells form a combinatorial loop. This can create a race condition. Timing analysis may not be accurate. The preferred resolution is to modify the design to remove combinatorial logic loops. If the loop is known and understood, this DRC can be bypassed by acknowledging the condition and setting the following XDC constraint on any one of the nets in the loop: 'set_property ALLOW_COMBINATORIAL_LOOPS TRUE [get_nets <myHier/myNet>]'. One net in the loop is puf_bd_i/puf_top_0/inst/array/cells[2].cell_inst/g0[13].ro/w1. Please evaluate your design. The cells in the loop are: puf_bd_i/puf_top_0/inst/array/cells[2].cell_inst/g0[13].ro/w1_inferred_i_1, puf_bd_i/puf_top_0/inst/array/cells[2].cell_inst/g0[13].ro/w2_inferred_i_1, puf_bd_i/puf_top_0/inst/array/cells[2].cell_inst/g0[13].ro/w3_inferred_i_1, puf_bd_i/puf_top_0/inst/array/cells[2].cell_inst/g0[13].ro/w4_inferred_i_1, puf_bd_i/puf_top_0/inst/array/cells[2].cell_inst/g0[13].ro/w5_inferred_i_1, puf_bd_i/puf_top_0/inst/array/cells[2].cell_inst/g0[13].ro/w6_inferred_i_1, and puf_bd_i/puf_top_0/inst/array/cells[2].cell_inst/g0[13].ro/w7_inferred_i_1.
ERROR: [DRC LUTLP-1] Combinatorial Loop Alert: 7 LUT cells form a combinatorial loop. This can create a race condition. Timing analysis may not be accurate. The preferred resolution is to modify the design to remove combinatorial logic loops. If the loop is known and understood, this DRC can be bypassed by acknowledging the condition and setting the following XDC constraint on any one of the nets in the loop: 'set_property ALLOW_COMBINATORIAL_LOOPS TRUE [get_nets <myHier/myNet>]'. One net in the loop is puf_bd_i/puf_top_0/inst/array/cells[2].cell_inst/g0[14].ro/w1. Please evaluate your design. The cells in the loop are: puf_bd_i/puf_top_0/inst/array/cells[2].cell_inst/g0[14].ro/w1_inferred_i_1, puf_bd_i/puf_top_0/inst/array/cells[2].cell_inst/g0[14].ro/w2_inferred_i_1, puf_bd_i/puf_top_0/inst/array/cells[2].cell_inst/g0[14].ro/w3_inferred_i_1, puf_bd_i/puf_top_0/inst/array/cells[2].cell_inst/g0[14].ro/w4_inferred_i_1, puf_bd_i/puf_top_0/inst/array/cells[2].cell_inst/g0[14].ro/w5_inferred_i_1, puf_bd_i/puf_top_0/inst/array/cells[2].cell_inst/g0[14].ro/w6_inferred_i_1, and puf_bd_i/puf_top_0/inst/array/cells[2].cell_inst/g0[14].ro/w7_inferred_i_1.
ERROR: [DRC LUTLP-1] Combinatorial Loop Alert: 7 LUT cells form a combinatorial loop. This can create a race condition. Timing analysis may not be accurate. The preferred resolution is to modify the design to remove combinatorial logic loops. If the loop is known and understood, this DRC can be bypassed by acknowledging the condition and setting the following XDC constraint on any one of the nets in the loop: 'set_property ALLOW_COMBINATORIAL_LOOPS TRUE [get_nets <myHier/myNet>]'. One net in the loop is puf_bd_i/puf_top_0/inst/array/cells[2].cell_inst/g0[15].ro/w1. Please evaluate your design. The cells in the loop are: puf_bd_i/puf_top_0/inst/array/cells[2].cell_inst/g0[15].ro/w1_inferred_i_1, puf_bd_i/puf_top_0/inst/array/cells[2].cell_inst/g0[15].ro/w2_inferred_i_1, puf_bd_i/puf_top_0/inst/array/cells[2].cell_inst/g0[15].ro/w3_inferred_i_1, puf_bd_i/puf_top_0/inst/array/cells[2].cell_inst/g0[15].ro/w4_inferred_i_1, puf_bd_i/puf_top_0/inst/array/cells[2].cell_inst/g0[15].ro/w5_inferred_i_1, puf_bd_i/puf_top_0/inst/array/cells[2].cell_inst/g0[15].ro/w6_inferred_i_1, and puf_bd_i/puf_top_0/inst/array/cells[2].cell_inst/g0[15].ro/w7_inferred_i_1.
ERROR: [DRC LUTLP-1] Combinatorial Loop Alert: 7 LUT cells form a combinatorial loop. This can create a race condition. Timing analysis may not be accurate. The preferred resolution is to modify the design to remove combinatorial logic loops. If the loop is known and understood, this DRC can be bypassed by acknowledging the condition and setting the following XDC constraint on any one of the nets in the loop: 'set_property ALLOW_COMBINATORIAL_LOOPS TRUE [get_nets <myHier/myNet>]'. One net in the loop is puf_bd_i/puf_top_0/inst/array/cells[2].cell_inst/g0[1].ro/w1. Please evaluate your design. The cells in the loop are: puf_bd_i/puf_top_0/inst/array/cells[2].cell_inst/g0[1].ro/w1_inferred_i_1, puf_bd_i/puf_top_0/inst/array/cells[2].cell_inst/g0[1].ro/w2_inferred_i_1, puf_bd_i/puf_top_0/inst/array/cells[2].cell_inst/g0[1].ro/w3_inferred_i_1, puf_bd_i/puf_top_0/inst/array/cells[2].cell_inst/g0[1].ro/w4_inferred_i_1, puf_bd_i/puf_top_0/inst/array/cells[2].cell_inst/g0[1].ro/w5_inferred_i_1, puf_bd_i/puf_top_0/inst/array/cells[2].cell_inst/g0[1].ro/w6_inferred_i_1, and puf_bd_i/puf_top_0/inst/array/cells[2].cell_inst/g0[1].ro/w7_inferred_i_1.
ERROR: [DRC LUTLP-1] Combinatorial Loop Alert: 7 LUT cells form a combinatorial loop. This can create a race condition. Timing analysis may not be accurate. The preferred resolution is to modify the design to remove combinatorial logic loops. If the loop is known and understood, this DRC can be bypassed by acknowledging the condition and setting the following XDC constraint on any one of the nets in the loop: 'set_property ALLOW_COMBINATORIAL_LOOPS TRUE [get_nets <myHier/myNet>]'. One net in the loop is puf_bd_i/puf_top_0/inst/array/cells[2].cell_inst/g0[2].ro/w1. Please evaluate your design. The cells in the loop are: puf_bd_i/puf_top_0/inst/array/cells[2].cell_inst/g0[2].ro/w1_inferred_i_1, puf_bd_i/puf_top_0/inst/array/cells[2].cell_inst/g0[2].ro/w2_inferred_i_1, puf_bd_i/puf_top_0/inst/array/cells[2].cell_inst/g0[2].ro/w3_inferred_i_1, puf_bd_i/puf_top_0/inst/array/cells[2].cell_inst/g0[2].ro/w4_inferred_i_1, puf_bd_i/puf_top_0/inst/array/cells[2].cell_inst/g0[2].ro/w5_inferred_i_1, puf_bd_i/puf_top_0/inst/array/cells[2].cell_inst/g0[2].ro/w6_inferred_i_1, and puf_bd_i/puf_top_0/inst/array/cells[2].cell_inst/g0[2].ro/w7_inferred_i_1.
ERROR: [DRC LUTLP-1] Combinatorial Loop Alert: 7 LUT cells form a combinatorial loop. This can create a race condition. Timing analysis may not be accurate. The preferred resolution is to modify the design to remove combinatorial logic loops. If the loop is known and understood, this DRC can be bypassed by acknowledging the condition and setting the following XDC constraint on any one of the nets in the loop: 'set_property ALLOW_COMBINATORIAL_LOOPS TRUE [get_nets <myHier/myNet>]'. One net in the loop is puf_bd_i/puf_top_0/inst/array/cells[2].cell_inst/g0[3].ro/w1. Please evaluate your design. The cells in the loop are: puf_bd_i/puf_top_0/inst/array/cells[2].cell_inst/g0[3].ro/w1_inferred_i_1, puf_bd_i/puf_top_0/inst/array/cells[2].cell_inst/g0[3].ro/w2_inferred_i_1, puf_bd_i/puf_top_0/inst/array/cells[2].cell_inst/g0[3].ro/w3_inferred_i_1, puf_bd_i/puf_top_0/inst/array/cells[2].cell_inst/g0[3].ro/w4_inferred_i_1, puf_bd_i/puf_top_0/inst/array/cells[2].cell_inst/g0[3].ro/w5_inferred_i_1, puf_bd_i/puf_top_0/inst/array/cells[2].cell_inst/g0[3].ro/w6_inferred_i_1, and puf_bd_i/puf_top_0/inst/array/cells[2].cell_inst/g0[3].ro/w7_inferred_i_1.
ERROR: [DRC LUTLP-1] Combinatorial Loop Alert: 7 LUT cells form a combinatorial loop. This can create a race condition. Timing analysis may not be accurate. The preferred resolution is to modify the design to remove combinatorial logic loops. If the loop is known and understood, this DRC can be bypassed by acknowledging the condition and setting the following XDC constraint on any one of the nets in the loop: 'set_property ALLOW_COMBINATORIAL_LOOPS TRUE [get_nets <myHier/myNet>]'. One net in the loop is puf_bd_i/puf_top_0/inst/array/cells[2].cell_inst/g0[4].ro/w1. Please evaluate your design. The cells in the loop are: puf_bd_i/puf_top_0/inst/array/cells[2].cell_inst/g0[4].ro/w1_inferred_i_1, puf_bd_i/puf_top_0/inst/array/cells[2].cell_inst/g0[4].ro/w2_inferred_i_1, puf_bd_i/puf_top_0/inst/array/cells[2].cell_inst/g0[4].ro/w3_inferred_i_1, puf_bd_i/puf_top_0/inst/array/cells[2].cell_inst/g0[4].ro/w4_inferred_i_1, puf_bd_i/puf_top_0/inst/array/cells[2].cell_inst/g0[4].ro/w5_inferred_i_1, puf_bd_i/puf_top_0/inst/array/cells[2].cell_inst/g0[4].ro/w6_inferred_i_1, and puf_bd_i/puf_top_0/inst/array/cells[2].cell_inst/g0[4].ro/w7_inferred_i_1.
ERROR: [DRC LUTLP-1] Combinatorial Loop Alert: 7 LUT cells form a combinatorial loop. This can create a race condition. Timing analysis may not be accurate. The preferred resolution is to modify the design to remove combinatorial logic loops. If the loop is known and understood, this DRC can be bypassed by acknowledging the condition and setting the following XDC constraint on any one of the nets in the loop: 'set_property ALLOW_COMBINATORIAL_LOOPS TRUE [get_nets <myHier/myNet>]'. One net in the loop is puf_bd_i/puf_top_0/inst/array/cells[2].cell_inst/g0[5].ro/w1. Please evaluate your design. The cells in the loop are: puf_bd_i/puf_top_0/inst/array/cells[2].cell_inst/g0[5].ro/w1_inferred_i_1, puf_bd_i/puf_top_0/inst/array/cells[2].cell_inst/g0[5].ro/w2_inferred_i_1, puf_bd_i/puf_top_0/inst/array/cells[2].cell_inst/g0[5].ro/w3_inferred_i_1, puf_bd_i/puf_top_0/inst/array/cells[2].cell_inst/g0[5].ro/w4_inferred_i_1, puf_bd_i/puf_top_0/inst/array/cells[2].cell_inst/g0[5].ro/w5_inferred_i_1, puf_bd_i/puf_top_0/inst/array/cells[2].cell_inst/g0[5].ro/w6_inferred_i_1, and puf_bd_i/puf_top_0/inst/array/cells[2].cell_inst/g0[5].ro/w7_inferred_i_1.
ERROR: [DRC LUTLP-1] Combinatorial Loop Alert: 7 LUT cells form a combinatorial loop. This can create a race condition. Timing analysis may not be accurate. The preferred resolution is to modify the design to remove combinatorial logic loops. If the loop is known and understood, this DRC can be bypassed by acknowledging the condition and setting the following XDC constraint on any one of the nets in the loop: 'set_property ALLOW_COMBINATORIAL_LOOPS TRUE [get_nets <myHier/myNet>]'. One net in the loop is puf_bd_i/puf_top_0/inst/array/cells[2].cell_inst/g0[6].ro/w1. Please evaluate your design. The cells in the loop are: puf_bd_i/puf_top_0/inst/array/cells[2].cell_inst/g0[6].ro/w1_inferred_i_1, puf_bd_i/puf_top_0/inst/array/cells[2].cell_inst/g0[6].ro/w2_inferred_i_1, puf_bd_i/puf_top_0/inst/array/cells[2].cell_inst/g0[6].ro/w3_inferred_i_1, puf_bd_i/puf_top_0/inst/array/cells[2].cell_inst/g0[6].ro/w4_inferred_i_1, puf_bd_i/puf_top_0/inst/array/cells[2].cell_inst/g0[6].ro/w5_inferred_i_1, puf_bd_i/puf_top_0/inst/array/cells[2].cell_inst/g0[6].ro/w6_inferred_i_1, and puf_bd_i/puf_top_0/inst/array/cells[2].cell_inst/g0[6].ro/w7_inferred_i_1.
ERROR: [DRC LUTLP-1] Combinatorial Loop Alert: 7 LUT cells form a combinatorial loop. This can create a race condition. Timing analysis may not be accurate. The preferred resolution is to modify the design to remove combinatorial logic loops. If the loop is known and understood, this DRC can be bypassed by acknowledging the condition and setting the following XDC constraint on any one of the nets in the loop: 'set_property ALLOW_COMBINATORIAL_LOOPS TRUE [get_nets <myHier/myNet>]'. One net in the loop is puf_bd_i/puf_top_0/inst/array/cells[2].cell_inst/g0[7].ro/w1. Please evaluate your design. The cells in the loop are: puf_bd_i/puf_top_0/inst/array/cells[2].cell_inst/g0[7].ro/w1_inferred_i_1, puf_bd_i/puf_top_0/inst/array/cells[2].cell_inst/g0[7].ro/w2_inferred_i_1, puf_bd_i/puf_top_0/inst/array/cells[2].cell_inst/g0[7].ro/w3_inferred_i_1, puf_bd_i/puf_top_0/inst/array/cells[2].cell_inst/g0[7].ro/w4_inferred_i_1, puf_bd_i/puf_top_0/inst/array/cells[2].cell_inst/g0[7].ro/w5_inferred_i_1, puf_bd_i/puf_top_0/inst/array/cells[2].cell_inst/g0[7].ro/w6_inferred_i_1, and puf_bd_i/puf_top_0/inst/array/cells[2].cell_inst/g0[7].ro/w7_inferred_i_1.
ERROR: [DRC LUTLP-1] Combinatorial Loop Alert: 7 LUT cells form a combinatorial loop. This can create a race condition. Timing analysis may not be accurate. The preferred resolution is to modify the design to remove combinatorial logic loops. If the loop is known and understood, this DRC can be bypassed by acknowledging the condition and setting the following XDC constraint on any one of the nets in the loop: 'set_property ALLOW_COMBINATORIAL_LOOPS TRUE [get_nets <myHier/myNet>]'. One net in the loop is puf_bd_i/puf_top_0/inst/array/cells[2].cell_inst/g0[8].ro/w1. Please evaluate your design. The cells in the loop are: puf_bd_i/puf_top_0/inst/array/cells[2].cell_inst/g0[8].ro/w1_inferred_i_1, puf_bd_i/puf_top_0/inst/array/cells[2].cell_inst/g0[8].ro/w2_inferred_i_1, puf_bd_i/puf_top_0/inst/array/cells[2].cell_inst/g0[8].ro/w3_inferred_i_1, puf_bd_i/puf_top_0/inst/array/cells[2].cell_inst/g0[8].ro/w4_inferred_i_1, puf_bd_i/puf_top_0/inst/array/cells[2].cell_inst/g0[8].ro/w5_inferred_i_1, puf_bd_i/puf_top_0/inst/array/cells[2].cell_inst/g0[8].ro/w6_inferred_i_1, and puf_bd_i/puf_top_0/inst/array/cells[2].cell_inst/g0[8].ro/w7_inferred_i_1.
ERROR: [DRC LUTLP-1] Combinatorial Loop Alert: 7 LUT cells form a combinatorial loop. This can create a race condition. Timing analysis may not be accurate. The preferred resolution is to modify the design to remove combinatorial logic loops. If the loop is known and understood, this DRC can be bypassed by acknowledging the condition and setting the following XDC constraint on any one of the nets in the loop: 'set_property ALLOW_COMBINATORIAL_LOOPS TRUE [get_nets <myHier/myNet>]'. One net in the loop is puf_bd_i/puf_top_0/inst/array/cells[2].cell_inst/g0[9].ro/w1. Please evaluate your design. The cells in the loop are: puf_bd_i/puf_top_0/inst/array/cells[2].cell_inst/g0[9].ro/w1_inferred_i_1, puf_bd_i/puf_top_0/inst/array/cells[2].cell_inst/g0[9].ro/w2_inferred_i_1, puf_bd_i/puf_top_0/inst/array/cells[2].cell_inst/g0[9].ro/w3_inferred_i_1, puf_bd_i/puf_top_0/inst/array/cells[2].cell_inst/g0[9].ro/w4_inferred_i_1, puf_bd_i/puf_top_0/inst/array/cells[2].cell_inst/g0[9].ro/w5_inferred_i_1, puf_bd_i/puf_top_0/inst/array/cells[2].cell_inst/g0[9].ro/w6_inferred_i_1, and puf_bd_i/puf_top_0/inst/array/cells[2].cell_inst/g0[9].ro/w7_inferred_i_1.
ERROR: [DRC LUTLP-1] Combinatorial Loop Alert: 7 LUT cells form a combinatorial loop. This can create a race condition. Timing analysis may not be accurate. The preferred resolution is to modify the design to remove combinatorial logic loops. If the loop is known and understood, this DRC can be bypassed by acknowledging the condition and setting the following XDC constraint on any one of the nets in the loop: 'set_property ALLOW_COMBINATORIAL_LOOPS TRUE [get_nets <myHier/myNet>]'. One net in the loop is puf_bd_i/puf_top_0/inst/array/cells[2].cell_inst/g1[0].ro/w1. Please evaluate your design. The cells in the loop are: puf_bd_i/puf_top_0/inst/array/cells[2].cell_inst/g1[0].ro/w1_inferred_i_1, puf_bd_i/puf_top_0/inst/array/cells[2].cell_inst/g1[0].ro/w2_inferred_i_1, puf_bd_i/puf_top_0/inst/array/cells[2].cell_inst/g1[0].ro/w3_inferred_i_1, puf_bd_i/puf_top_0/inst/array/cells[2].cell_inst/g1[0].ro/w4_inferred_i_1, puf_bd_i/puf_top_0/inst/array/cells[2].cell_inst/g1[0].ro/w5_inferred_i_1, puf_bd_i/puf_top_0/inst/array/cells[2].cell_inst/g1[0].ro/w6_inferred_i_1, and puf_bd_i/puf_top_0/inst/array/cells[2].cell_inst/g1[0].ro/w7_inferred_i_1.
ERROR: [DRC LUTLP-1] Combinatorial Loop Alert: 7 LUT cells form a combinatorial loop. This can create a race condition. Timing analysis may not be accurate. The preferred resolution is to modify the design to remove combinatorial logic loops. If the loop is known and understood, this DRC can be bypassed by acknowledging the condition and setting the following XDC constraint on any one of the nets in the loop: 'set_property ALLOW_COMBINATORIAL_LOOPS TRUE [get_nets <myHier/myNet>]'. One net in the loop is puf_bd_i/puf_top_0/inst/array/cells[2].cell_inst/g1[10].ro/w1. Please evaluate your design. The cells in the loop are: puf_bd_i/puf_top_0/inst/array/cells[2].cell_inst/g1[10].ro/w1_inferred_i_1, puf_bd_i/puf_top_0/inst/array/cells[2].cell_inst/g1[10].ro/w2_inferred_i_1, puf_bd_i/puf_top_0/inst/array/cells[2].cell_inst/g1[10].ro/w3_inferred_i_1, puf_bd_i/puf_top_0/inst/array/cells[2].cell_inst/g1[10].ro/w4_inferred_i_1, puf_bd_i/puf_top_0/inst/array/cells[2].cell_inst/g1[10].ro/w5_inferred_i_1, puf_bd_i/puf_top_0/inst/array/cells[2].cell_inst/g1[10].ro/w6_inferred_i_1, and puf_bd_i/puf_top_0/inst/array/cells[2].cell_inst/g1[10].ro/w7_inferred_i_1.
ERROR: [DRC LUTLP-1] Combinatorial Loop Alert: 7 LUT cells form a combinatorial loop. This can create a race condition. Timing analysis may not be accurate. The preferred resolution is to modify the design to remove combinatorial logic loops. If the loop is known and understood, this DRC can be bypassed by acknowledging the condition and setting the following XDC constraint on any one of the nets in the loop: 'set_property ALLOW_COMBINATORIAL_LOOPS TRUE [get_nets <myHier/myNet>]'. One net in the loop is puf_bd_i/puf_top_0/inst/array/cells[2].cell_inst/g1[11].ro/w1. Please evaluate your design. The cells in the loop are: puf_bd_i/puf_top_0/inst/array/cells[2].cell_inst/g1[11].ro/w1_inferred_i_1, puf_bd_i/puf_top_0/inst/array/cells[2].cell_inst/g1[11].ro/w2_inferred_i_1, puf_bd_i/puf_top_0/inst/array/cells[2].cell_inst/g1[11].ro/w3_inferred_i_1, puf_bd_i/puf_top_0/inst/array/cells[2].cell_inst/g1[11].ro/w4_inferred_i_1, puf_bd_i/puf_top_0/inst/array/cells[2].cell_inst/g1[11].ro/w5_inferred_i_1, puf_bd_i/puf_top_0/inst/array/cells[2].cell_inst/g1[11].ro/w6_inferred_i_1, and puf_bd_i/puf_top_0/inst/array/cells[2].cell_inst/g1[11].ro/w7_inferred_i_1.
ERROR: [DRC LUTLP-1] Combinatorial Loop Alert: 7 LUT cells form a combinatorial loop. This can create a race condition. Timing analysis may not be accurate. The preferred resolution is to modify the design to remove combinatorial logic loops. If the loop is known and understood, this DRC can be bypassed by acknowledging the condition and setting the following XDC constraint on any one of the nets in the loop: 'set_property ALLOW_COMBINATORIAL_LOOPS TRUE [get_nets <myHier/myNet>]'. One net in the loop is puf_bd_i/puf_top_0/inst/array/cells[2].cell_inst/g1[12].ro/w1. Please evaluate your design. The cells in the loop are: puf_bd_i/puf_top_0/inst/array/cells[2].cell_inst/g1[12].ro/w1_inferred_i_1, puf_bd_i/puf_top_0/inst/array/cells[2].cell_inst/g1[12].ro/w2_inferred_i_1, puf_bd_i/puf_top_0/inst/array/cells[2].cell_inst/g1[12].ro/w3_inferred_i_1, puf_bd_i/puf_top_0/inst/array/cells[2].cell_inst/g1[12].ro/w4_inferred_i_1, puf_bd_i/puf_top_0/inst/array/cells[2].cell_inst/g1[12].ro/w5_inferred_i_1, puf_bd_i/puf_top_0/inst/array/cells[2].cell_inst/g1[12].ro/w6_inferred_i_1, and puf_bd_i/puf_top_0/inst/array/cells[2].cell_inst/g1[12].ro/w7_inferred_i_1.
ERROR: [DRC LUTLP-1] Combinatorial Loop Alert: 7 LUT cells form a combinatorial loop. This can create a race condition. Timing analysis may not be accurate. The preferred resolution is to modify the design to remove combinatorial logic loops. If the loop is known and understood, this DRC can be bypassed by acknowledging the condition and setting the following XDC constraint on any one of the nets in the loop: 'set_property ALLOW_COMBINATORIAL_LOOPS TRUE [get_nets <myHier/myNet>]'. One net in the loop is puf_bd_i/puf_top_0/inst/array/cells[2].cell_inst/g1[13].ro/w1. Please evaluate your design. The cells in the loop are: puf_bd_i/puf_top_0/inst/array/cells[2].cell_inst/g1[13].ro/w1_inferred_i_1, puf_bd_i/puf_top_0/inst/array/cells[2].cell_inst/g1[13].ro/w2_inferred_i_1, puf_bd_i/puf_top_0/inst/array/cells[2].cell_inst/g1[13].ro/w3_inferred_i_1, puf_bd_i/puf_top_0/inst/array/cells[2].cell_inst/g1[13].ro/w4_inferred_i_1, puf_bd_i/puf_top_0/inst/array/cells[2].cell_inst/g1[13].ro/w5_inferred_i_1, puf_bd_i/puf_top_0/inst/array/cells[2].cell_inst/g1[13].ro/w6_inferred_i_1, and puf_bd_i/puf_top_0/inst/array/cells[2].cell_inst/g1[13].ro/w7_inferred_i_1.
ERROR: [DRC LUTLP-1] Combinatorial Loop Alert: 7 LUT cells form a combinatorial loop. This can create a race condition. Timing analysis may not be accurate. The preferred resolution is to modify the design to remove combinatorial logic loops. If the loop is known and understood, this DRC can be bypassed by acknowledging the condition and setting the following XDC constraint on any one of the nets in the loop: 'set_property ALLOW_COMBINATORIAL_LOOPS TRUE [get_nets <myHier/myNet>]'. One net in the loop is puf_bd_i/puf_top_0/inst/array/cells[2].cell_inst/g1[14].ro/w1. Please evaluate your design. The cells in the loop are: puf_bd_i/puf_top_0/inst/array/cells[2].cell_inst/g1[14].ro/w1_inferred_i_1, puf_bd_i/puf_top_0/inst/array/cells[2].cell_inst/g1[14].ro/w2_inferred_i_1, puf_bd_i/puf_top_0/inst/array/cells[2].cell_inst/g1[14].ro/w3_inferred_i_1, puf_bd_i/puf_top_0/inst/array/cells[2].cell_inst/g1[14].ro/w4_inferred_i_1, puf_bd_i/puf_top_0/inst/array/cells[2].cell_inst/g1[14].ro/w5_inferred_i_1, puf_bd_i/puf_top_0/inst/array/cells[2].cell_inst/g1[14].ro/w6_inferred_i_1, and puf_bd_i/puf_top_0/inst/array/cells[2].cell_inst/g1[14].ro/w7_inferred_i_1.
ERROR: [DRC LUTLP-1] Combinatorial Loop Alert: 7 LUT cells form a combinatorial loop. This can create a race condition. Timing analysis may not be accurate. The preferred resolution is to modify the design to remove combinatorial logic loops. If the loop is known and understood, this DRC can be bypassed by acknowledging the condition and setting the following XDC constraint on any one of the nets in the loop: 'set_property ALLOW_COMBINATORIAL_LOOPS TRUE [get_nets <myHier/myNet>]'. One net in the loop is puf_bd_i/puf_top_0/inst/array/cells[2].cell_inst/g1[15].ro/w1. Please evaluate your design. The cells in the loop are: puf_bd_i/puf_top_0/inst/array/cells[2].cell_inst/g1[15].ro/w1_inferred_i_1, puf_bd_i/puf_top_0/inst/array/cells[2].cell_inst/g1[15].ro/w2_inferred_i_1, puf_bd_i/puf_top_0/inst/array/cells[2].cell_inst/g1[15].ro/w3_inferred_i_1, puf_bd_i/puf_top_0/inst/array/cells[2].cell_inst/g1[15].ro/w4_inferred_i_1, puf_bd_i/puf_top_0/inst/array/cells[2].cell_inst/g1[15].ro/w5_inferred_i_1, puf_bd_i/puf_top_0/inst/array/cells[2].cell_inst/g1[15].ro/w6_inferred_i_1, and puf_bd_i/puf_top_0/inst/array/cells[2].cell_inst/g1[15].ro/w7_inferred_i_1.
ERROR: [DRC LUTLP-1] Combinatorial Loop Alert: 7 LUT cells form a combinatorial loop. This can create a race condition. Timing analysis may not be accurate. The preferred resolution is to modify the design to remove combinatorial logic loops. If the loop is known and understood, this DRC can be bypassed by acknowledging the condition and setting the following XDC constraint on any one of the nets in the loop: 'set_property ALLOW_COMBINATORIAL_LOOPS TRUE [get_nets <myHier/myNet>]'. One net in the loop is puf_bd_i/puf_top_0/inst/array/cells[2].cell_inst/g1[1].ro/w1. Please evaluate your design. The cells in the loop are: puf_bd_i/puf_top_0/inst/array/cells[2].cell_inst/g1[1].ro/w1_inferred_i_1, puf_bd_i/puf_top_0/inst/array/cells[2].cell_inst/g1[1].ro/w2_inferred_i_1, puf_bd_i/puf_top_0/inst/array/cells[2].cell_inst/g1[1].ro/w3_inferred_i_1, puf_bd_i/puf_top_0/inst/array/cells[2].cell_inst/g1[1].ro/w4_inferred_i_1, puf_bd_i/puf_top_0/inst/array/cells[2].cell_inst/g1[1].ro/w5_inferred_i_1, puf_bd_i/puf_top_0/inst/array/cells[2].cell_inst/g1[1].ro/w6_inferred_i_1, and puf_bd_i/puf_top_0/inst/array/cells[2].cell_inst/g1[1].ro/w7_inferred_i_1.
ERROR: [DRC LUTLP-1] Combinatorial Loop Alert: 7 LUT cells form a combinatorial loop. This can create a race condition. Timing analysis may not be accurate. The preferred resolution is to modify the design to remove combinatorial logic loops. If the loop is known and understood, this DRC can be bypassed by acknowledging the condition and setting the following XDC constraint on any one of the nets in the loop: 'set_property ALLOW_COMBINATORIAL_LOOPS TRUE [get_nets <myHier/myNet>]'. One net in the loop is puf_bd_i/puf_top_0/inst/array/cells[2].cell_inst/g1[2].ro/w1. Please evaluate your design. The cells in the loop are: puf_bd_i/puf_top_0/inst/array/cells[2].cell_inst/g1[2].ro/w1_inferred_i_1, puf_bd_i/puf_top_0/inst/array/cells[2].cell_inst/g1[2].ro/w2_inferred_i_1, puf_bd_i/puf_top_0/inst/array/cells[2].cell_inst/g1[2].ro/w3_inferred_i_1, puf_bd_i/puf_top_0/inst/array/cells[2].cell_inst/g1[2].ro/w4_inferred_i_1, puf_bd_i/puf_top_0/inst/array/cells[2].cell_inst/g1[2].ro/w5_inferred_i_1, puf_bd_i/puf_top_0/inst/array/cells[2].cell_inst/g1[2].ro/w6_inferred_i_1, and puf_bd_i/puf_top_0/inst/array/cells[2].cell_inst/g1[2].ro/w7_inferred_i_1.
ERROR: [DRC LUTLP-1] Combinatorial Loop Alert: 7 LUT cells form a combinatorial loop. This can create a race condition. Timing analysis may not be accurate. The preferred resolution is to modify the design to remove combinatorial logic loops. If the loop is known and understood, this DRC can be bypassed by acknowledging the condition and setting the following XDC constraint on any one of the nets in the loop: 'set_property ALLOW_COMBINATORIAL_LOOPS TRUE [get_nets <myHier/myNet>]'. One net in the loop is puf_bd_i/puf_top_0/inst/array/cells[2].cell_inst/g1[3].ro/w1. Please evaluate your design. The cells in the loop are: puf_bd_i/puf_top_0/inst/array/cells[2].cell_inst/g1[3].ro/w1_inferred_i_1, puf_bd_i/puf_top_0/inst/array/cells[2].cell_inst/g1[3].ro/w2_inferred_i_1, puf_bd_i/puf_top_0/inst/array/cells[2].cell_inst/g1[3].ro/w3_inferred_i_1, puf_bd_i/puf_top_0/inst/array/cells[2].cell_inst/g1[3].ro/w4_inferred_i_1, puf_bd_i/puf_top_0/inst/array/cells[2].cell_inst/g1[3].ro/w5_inferred_i_1, puf_bd_i/puf_top_0/inst/array/cells[2].cell_inst/g1[3].ro/w6_inferred_i_1, and puf_bd_i/puf_top_0/inst/array/cells[2].cell_inst/g1[3].ro/w7_inferred_i_1.
ERROR: [DRC LUTLP-1] Combinatorial Loop Alert: 7 LUT cells form a combinatorial loop. This can create a race condition. Timing analysis may not be accurate. The preferred resolution is to modify the design to remove combinatorial logic loops. If the loop is known and understood, this DRC can be bypassed by acknowledging the condition and setting the following XDC constraint on any one of the nets in the loop: 'set_property ALLOW_COMBINATORIAL_LOOPS TRUE [get_nets <myHier/myNet>]'. One net in the loop is puf_bd_i/puf_top_0/inst/array/cells[2].cell_inst/g1[4].ro/w1. Please evaluate your design. The cells in the loop are: puf_bd_i/puf_top_0/inst/array/cells[2].cell_inst/g1[4].ro/w1_inferred_i_1, puf_bd_i/puf_top_0/inst/array/cells[2].cell_inst/g1[4].ro/w2_inferred_i_1, puf_bd_i/puf_top_0/inst/array/cells[2].cell_inst/g1[4].ro/w3_inferred_i_1, puf_bd_i/puf_top_0/inst/array/cells[2].cell_inst/g1[4].ro/w4_inferred_i_1, puf_bd_i/puf_top_0/inst/array/cells[2].cell_inst/g1[4].ro/w5_inferred_i_1, puf_bd_i/puf_top_0/inst/array/cells[2].cell_inst/g1[4].ro/w6_inferred_i_1, and puf_bd_i/puf_top_0/inst/array/cells[2].cell_inst/g1[4].ro/w7_inferred_i_1.
ERROR: [DRC LUTLP-1] Combinatorial Loop Alert: 7 LUT cells form a combinatorial loop. This can create a race condition. Timing analysis may not be accurate. The preferred resolution is to modify the design to remove combinatorial logic loops. If the loop is known and understood, this DRC can be bypassed by acknowledging the condition and setting the following XDC constraint on any one of the nets in the loop: 'set_property ALLOW_COMBINATORIAL_LOOPS TRUE [get_nets <myHier/myNet>]'. One net in the loop is puf_bd_i/puf_top_0/inst/array/cells[2].cell_inst/g1[5].ro/w1. Please evaluate your design. The cells in the loop are: puf_bd_i/puf_top_0/inst/array/cells[2].cell_inst/g1[5].ro/w1_inferred_i_1, puf_bd_i/puf_top_0/inst/array/cells[2].cell_inst/g1[5].ro/w2_inferred_i_1, puf_bd_i/puf_top_0/inst/array/cells[2].cell_inst/g1[5].ro/w3_inferred_i_1, puf_bd_i/puf_top_0/inst/array/cells[2].cell_inst/g1[5].ro/w4_inferred_i_1, puf_bd_i/puf_top_0/inst/array/cells[2].cell_inst/g1[5].ro/w5_inferred_i_1, puf_bd_i/puf_top_0/inst/array/cells[2].cell_inst/g1[5].ro/w6_inferred_i_1, and puf_bd_i/puf_top_0/inst/array/cells[2].cell_inst/g1[5].ro/w7_inferred_i_1.
ERROR: [DRC LUTLP-1] Combinatorial Loop Alert: 7 LUT cells form a combinatorial loop. This can create a race condition. Timing analysis may not be accurate. The preferred resolution is to modify the design to remove combinatorial logic loops. If the loop is known and understood, this DRC can be bypassed by acknowledging the condition and setting the following XDC constraint on any one of the nets in the loop: 'set_property ALLOW_COMBINATORIAL_LOOPS TRUE [get_nets <myHier/myNet>]'. One net in the loop is puf_bd_i/puf_top_0/inst/array/cells[2].cell_inst/g1[6].ro/w1. Please evaluate your design. The cells in the loop are: puf_bd_i/puf_top_0/inst/array/cells[2].cell_inst/g1[6].ro/w1_inferred_i_1, puf_bd_i/puf_top_0/inst/array/cells[2].cell_inst/g1[6].ro/w2_inferred_i_1, puf_bd_i/puf_top_0/inst/array/cells[2].cell_inst/g1[6].ro/w3_inferred_i_1, puf_bd_i/puf_top_0/inst/array/cells[2].cell_inst/g1[6].ro/w4_inferred_i_1, puf_bd_i/puf_top_0/inst/array/cells[2].cell_inst/g1[6].ro/w5_inferred_i_1, puf_bd_i/puf_top_0/inst/array/cells[2].cell_inst/g1[6].ro/w6_inferred_i_1, and puf_bd_i/puf_top_0/inst/array/cells[2].cell_inst/g1[6].ro/w7_inferred_i_1.
ERROR: [DRC LUTLP-1] Combinatorial Loop Alert: 7 LUT cells form a combinatorial loop. This can create a race condition. Timing analysis may not be accurate. The preferred resolution is to modify the design to remove combinatorial logic loops. If the loop is known and understood, this DRC can be bypassed by acknowledging the condition and setting the following XDC constraint on any one of the nets in the loop: 'set_property ALLOW_COMBINATORIAL_LOOPS TRUE [get_nets <myHier/myNet>]'. One net in the loop is puf_bd_i/puf_top_0/inst/array/cells[2].cell_inst/g1[7].ro/w1. Please evaluate your design. The cells in the loop are: puf_bd_i/puf_top_0/inst/array/cells[2].cell_inst/g1[7].ro/w1_inferred_i_1, puf_bd_i/puf_top_0/inst/array/cells[2].cell_inst/g1[7].ro/w2_inferred_i_1, puf_bd_i/puf_top_0/inst/array/cells[2].cell_inst/g1[7].ro/w3_inferred_i_1, puf_bd_i/puf_top_0/inst/array/cells[2].cell_inst/g1[7].ro/w4_inferred_i_1, puf_bd_i/puf_top_0/inst/array/cells[2].cell_inst/g1[7].ro/w5_inferred_i_1, puf_bd_i/puf_top_0/inst/array/cells[2].cell_inst/g1[7].ro/w6_inferred_i_1, and puf_bd_i/puf_top_0/inst/array/cells[2].cell_inst/g1[7].ro/w7_inferred_i_1.
ERROR: [DRC LUTLP-1] Combinatorial Loop Alert: 7 LUT cells form a combinatorial loop. This can create a race condition. Timing analysis may not be accurate. The preferred resolution is to modify the design to remove combinatorial logic loops. If the loop is known and understood, this DRC can be bypassed by acknowledging the condition and setting the following XDC constraint on any one of the nets in the loop: 'set_property ALLOW_COMBINATORIAL_LOOPS TRUE [get_nets <myHier/myNet>]'. One net in the loop is puf_bd_i/puf_top_0/inst/array/cells[2].cell_inst/g1[8].ro/w1. Please evaluate your design. The cells in the loop are: puf_bd_i/puf_top_0/inst/array/cells[2].cell_inst/g1[8].ro/w1_inferred_i_1, puf_bd_i/puf_top_0/inst/array/cells[2].cell_inst/g1[8].ro/w2_inferred_i_1, puf_bd_i/puf_top_0/inst/array/cells[2].cell_inst/g1[8].ro/w3_inferred_i_1, puf_bd_i/puf_top_0/inst/array/cells[2].cell_inst/g1[8].ro/w4_inferred_i_1, puf_bd_i/puf_top_0/inst/array/cells[2].cell_inst/g1[8].ro/w5_inferred_i_1, puf_bd_i/puf_top_0/inst/array/cells[2].cell_inst/g1[8].ro/w6_inferred_i_1, and puf_bd_i/puf_top_0/inst/array/cells[2].cell_inst/g1[8].ro/w7_inferred_i_1.
ERROR: [DRC LUTLP-1] Combinatorial Loop Alert: 7 LUT cells form a combinatorial loop. This can create a race condition. Timing analysis may not be accurate. The preferred resolution is to modify the design to remove combinatorial logic loops. If the loop is known and understood, this DRC can be bypassed by acknowledging the condition and setting the following XDC constraint on any one of the nets in the loop: 'set_property ALLOW_COMBINATORIAL_LOOPS TRUE [get_nets <myHier/myNet>]'. One net in the loop is puf_bd_i/puf_top_0/inst/array/cells[2].cell_inst/g1[9].ro/w1. Please evaluate your design. The cells in the loop are: puf_bd_i/puf_top_0/inst/array/cells[2].cell_inst/g1[9].ro/w1_inferred_i_1, puf_bd_i/puf_top_0/inst/array/cells[2].cell_inst/g1[9].ro/w2_inferred_i_1, puf_bd_i/puf_top_0/inst/array/cells[2].cell_inst/g1[9].ro/w3_inferred_i_1, puf_bd_i/puf_top_0/inst/array/cells[2].cell_inst/g1[9].ro/w4_inferred_i_1, puf_bd_i/puf_top_0/inst/array/cells[2].cell_inst/g1[9].ro/w5_inferred_i_1, puf_bd_i/puf_top_0/inst/array/cells[2].cell_inst/g1[9].ro/w6_inferred_i_1, and puf_bd_i/puf_top_0/inst/array/cells[2].cell_inst/g1[9].ro/w7_inferred_i_1.
ERROR: [DRC LUTLP-1] Combinatorial Loop Alert: 7 LUT cells form a combinatorial loop. This can create a race condition. Timing analysis may not be accurate. The preferred resolution is to modify the design to remove combinatorial logic loops. If the loop is known and understood, this DRC can be bypassed by acknowledging the condition and setting the following XDC constraint on any one of the nets in the loop: 'set_property ALLOW_COMBINATORIAL_LOOPS TRUE [get_nets <myHier/myNet>]'. One net in the loop is puf_bd_i/puf_top_0/inst/array/cells[3].cell_inst/g0[0].ro/w1. Please evaluate your design. The cells in the loop are: puf_bd_i/puf_top_0/inst/array/cells[3].cell_inst/g0[0].ro/w1_inferred_i_1, puf_bd_i/puf_top_0/inst/array/cells[3].cell_inst/g0[0].ro/w2_inferred_i_1, puf_bd_i/puf_top_0/inst/array/cells[3].cell_inst/g0[0].ro/w3_inferred_i_1, puf_bd_i/puf_top_0/inst/array/cells[3].cell_inst/g0[0].ro/w4_inferred_i_1, puf_bd_i/puf_top_0/inst/array/cells[3].cell_inst/g0[0].ro/w5_inferred_i_1, puf_bd_i/puf_top_0/inst/array/cells[3].cell_inst/g0[0].ro/w6_inferred_i_1, and puf_bd_i/puf_top_0/inst/array/cells[3].cell_inst/g0[0].ro/w7_inferred_i_1.
ERROR: [DRC LUTLP-1] Combinatorial Loop Alert: 7 LUT cells form a combinatorial loop. This can create a race condition. Timing analysis may not be accurate. The preferred resolution is to modify the design to remove combinatorial logic loops. If the loop is known and understood, this DRC can be bypassed by acknowledging the condition and setting the following XDC constraint on any one of the nets in the loop: 'set_property ALLOW_COMBINATORIAL_LOOPS TRUE [get_nets <myHier/myNet>]'. One net in the loop is puf_bd_i/puf_top_0/inst/array/cells[3].cell_inst/g0[10].ro/w1. Please evaluate your design. The cells in the loop are: puf_bd_i/puf_top_0/inst/array/cells[3].cell_inst/g0[10].ro/w1_inferred_i_1, puf_bd_i/puf_top_0/inst/array/cells[3].cell_inst/g0[10].ro/w2_inferred_i_1, puf_bd_i/puf_top_0/inst/array/cells[3].cell_inst/g0[10].ro/w3_inferred_i_1, puf_bd_i/puf_top_0/inst/array/cells[3].cell_inst/g0[10].ro/w4_inferred_i_1, puf_bd_i/puf_top_0/inst/array/cells[3].cell_inst/g0[10].ro/w5_inferred_i_1, puf_bd_i/puf_top_0/inst/array/cells[3].cell_inst/g0[10].ro/w6_inferred_i_1, and puf_bd_i/puf_top_0/inst/array/cells[3].cell_inst/g0[10].ro/w7_inferred_i_1.
ERROR: [DRC LUTLP-1] Combinatorial Loop Alert: 7 LUT cells form a combinatorial loop. This can create a race condition. Timing analysis may not be accurate. The preferred resolution is to modify the design to remove combinatorial logic loops. If the loop is known and understood, this DRC can be bypassed by acknowledging the condition and setting the following XDC constraint on any one of the nets in the loop: 'set_property ALLOW_COMBINATORIAL_LOOPS TRUE [get_nets <myHier/myNet>]'. One net in the loop is puf_bd_i/puf_top_0/inst/array/cells[3].cell_inst/g0[11].ro/w1. Please evaluate your design. The cells in the loop are: puf_bd_i/puf_top_0/inst/array/cells[3].cell_inst/g0[11].ro/w1_inferred_i_1, puf_bd_i/puf_top_0/inst/array/cells[3].cell_inst/g0[11].ro/w2_inferred_i_1, puf_bd_i/puf_top_0/inst/array/cells[3].cell_inst/g0[11].ro/w3_inferred_i_1, puf_bd_i/puf_top_0/inst/array/cells[3].cell_inst/g0[11].ro/w4_inferred_i_1, puf_bd_i/puf_top_0/inst/array/cells[3].cell_inst/g0[11].ro/w5_inferred_i_1, puf_bd_i/puf_top_0/inst/array/cells[3].cell_inst/g0[11].ro/w6_inferred_i_1, and puf_bd_i/puf_top_0/inst/array/cells[3].cell_inst/g0[11].ro/w7_inferred_i_1.
ERROR: [DRC LUTLP-1] Combinatorial Loop Alert: 7 LUT cells form a combinatorial loop. This can create a race condition. Timing analysis may not be accurate. The preferred resolution is to modify the design to remove combinatorial logic loops. If the loop is known and understood, this DRC can be bypassed by acknowledging the condition and setting the following XDC constraint on any one of the nets in the loop: 'set_property ALLOW_COMBINATORIAL_LOOPS TRUE [get_nets <myHier/myNet>]'. One net in the loop is puf_bd_i/puf_top_0/inst/array/cells[3].cell_inst/g0[12].ro/w1. Please evaluate your design. The cells in the loop are: puf_bd_i/puf_top_0/inst/array/cells[3].cell_inst/g0[12].ro/w1_inferred_i_1, puf_bd_i/puf_top_0/inst/array/cells[3].cell_inst/g0[12].ro/w2_inferred_i_1, puf_bd_i/puf_top_0/inst/array/cells[3].cell_inst/g0[12].ro/w3_inferred_i_1, puf_bd_i/puf_top_0/inst/array/cells[3].cell_inst/g0[12].ro/w4_inferred_i_1, puf_bd_i/puf_top_0/inst/array/cells[3].cell_inst/g0[12].ro/w5_inferred_i_1, puf_bd_i/puf_top_0/inst/array/cells[3].cell_inst/g0[12].ro/w6_inferred_i_1, and puf_bd_i/puf_top_0/inst/array/cells[3].cell_inst/g0[12].ro/w7_inferred_i_1.
INFO: [Common 17-14] Message 'DRC LUTLP-1' appears 100 times and further instances of the messages will be disabled. Use the Tcl command set_msg_config to change the current settings.
INFO: [Vivado 12-3199] DRC finished with 256 Errors
INFO: [Vivado 12-3200] Please refer to the DRC report (report_drc) for more information.
ERROR: [Vivado 12-1345] Error(s) found during DRC. Bitgen not run.
INFO: [Common 17-83] Releasing license: Implementation
21 Infos, 1 Warnings, 0 Critical Warnings and 101 Errors encountered.
write_bitstream failed
write_bitstream: Time (s): cpu = 00:00:09 ; elapsed = 00:00:05 . Memory (MB): peak = 1663.289 ; gain = 140.867
ERROR: [Common 17-39] 'write_bitstream' failed due to earlier errors.

INFO: [Common 17-206] Exiting Vivado at Mon Aug 24 23:01:15 2026...
